number,value,datetime_start,datetime_complete,duration,params_mutation_ratio,params_no_generations,params_population_size,params_var,state,population_size,mutation_ratio,no_generations,var,best_value,record_type
0.0,-976.6304385616794,2024-04-25 22:40:11.728859,2024-04-25 22:40:11.903860,0 days 00:00:00.175001,0.7000000000000001,20.0,560.0,1.0,COMPLETE,,,,,,
1.0,-988.7282308394466,2024-04-25 22:40:11.910860,2024-04-25 22:40:19.317657,0 days 00:00:07.406797,0.5,600.0,940.0,1.0,COMPLETE,,,,,,
2.0,-988.4432110581279,2024-04-25 22:40:19.318653,2024-04-25 22:40:28.412608,0 days 00:00:09.093955,0.6,920.0,770.0,2.0,COMPLETE,,,,,,
3.0,-985.8308640403143,2024-04-25 22:40:28.413635,2024-04-25 22:40:33.528295,0 days 00:00:05.114660,0.7000000000000001,940.0,430.0,1.0,COMPLETE,,,,,,
4.0,-989.4067713946786,2024-04-25 22:40:33.529299,2024-04-25 22:40:43.653907,0 days 00:00:10.124608,0.7000000000000001,780.0,970.0,1.0,COMPLETE,,,,,,
5.0,-966.2770507471436,2024-04-25 22:40:43.654906,2024-04-25 22:40:44.130906,0 days 00:00:00.476000,0.7000000000000001,640.0,60.0,2.0,COMPLETE,,,,,,
6.0,-985.2846493181378,2024-04-25 22:40:44.131896,2024-04-25 22:40:50.599629,0 days 00:00:06.467733,0.6,920.0,540.0,1.0,COMPLETE,,,,,,
7.0,-982.4329965725913,2024-04-25 22:40:50.600625,2024-04-25 22:40:52.421705,0 days 00:00:01.821080,0.2,520.0,300.0,1.0,COMPLETE,,,,,,
8.0,-929.7777774625063,2024-04-25 22:40:52.422706,2024-04-25 22:40:52.488703,0 days 00:00:00.065997,1.0,80.0,60.0,2.0,COMPLETE,,,,,,
9.0,-981.9648285362268,2024-04-25 22:40:52.489704,2024-04-25 22:40:52.985679,0 days 00:00:00.495975,0.7000000000000001,320.0,120.0,1.0,COMPLETE,,,,,,
10.0,-989.5250351454179,2024-04-25 22:40:52.986678,2024-04-25 22:41:02.844610,0 days 00:00:09.857932,1.0,740.0,950.0,2.0,COMPLETE,,,,,,
11.0,-988.210181527097,2024-04-25 22:41:02.846631,2024-04-25 22:41:12.358151,0 days 00:00:09.511520,1.0,680.0,990.0,2.0,COMPLETE,,,,,,
12.0,-989.556720391455,2024-04-25 22:41:12.359151,2024-04-25 22:41:20.333559,0 days 00:00:07.974408,0.9,740.0,790.0,2.0,COMPLETE,,,,,,
13.0,-988.0477955785391,2024-04-25 22:41:20.334558,2024-04-25 22:41:24.265056,0 days 00:00:03.930498,0.9,380.0,760.0,2.0,COMPLETE,,,,,,
14.0,-987.4383883408127,2024-04-25 22:41:24.266078,2024-04-25 22:41:32.631327,0 days 00:00:08.365249,0.9,780.0,790.0,2.0,COMPLETE,,,,,,
15.0,-988.136774956196,2024-04-25 22:41:32.632304,2024-04-25 22:41:39.225475,0 days 00:00:06.593171,0.30000000000000004,780.0,670.0,2.0,COMPLETE,,,,,,
16.0,-984.6103899341892,2024-04-25 22:41:39.226452,2024-04-25 22:41:44.125273,0 days 00:00:04.898821,0.9,400.0,880.0,2.0,COMPLETE,,,,,,
17.0,-989.3292815398511,2024-04-25 22:41:44.126273,2024-04-25 22:41:45.900185,0 days 00:00:01.773912,0.4,220.0,630.0,2.0,COMPLETE,,,,,,
18.0,-989.4113283708575,2024-04-25 22:41:45.901185,2024-04-25 22:41:56.522750,0 days 00:00:10.621565,0.1,1000.0,850.0,2.0,COMPLETE,,,,,,
19.0,-989.5064311536985,2024-04-25 22:41:56.523726,2024-04-25 22:41:59.310441,0 days 00:00:02.786715,0.8,520.0,410.0,2.0,COMPLETE,,,,,,
20.0,-989.5304335512699,2024-04-25 22:41:59.311417,2024-04-25 22:42:06.365263,0 days 00:00:07.053846,1.0,720.0,720.0,2.0,COMPLETE,,,,,,
21.0,-983.745213988036,2024-04-25 22:42:06.366264,2024-04-25 22:42:13.511631,0 days 00:00:07.145367,1.0,700.0,740.0,2.0,COMPLETE,,,,,,
22.0,-985.5776871660571,2024-04-25 22:42:13.512631,2024-04-25 22:42:23.875039,0 days 00:00:10.362408,1.0,840.0,890.0,2.0,COMPLETE,,,,,,
23.0,-989.5135615020347,2024-04-25 22:42:23.877038,2024-04-25 22:42:30.403073,0 days 00:00:06.526035,0.8,740.0,660.0,2.0,COMPLETE,,,,,,
24.0,-988.4980878790193,2024-04-25 22:42:30.405053,2024-04-25 22:42:36.936510,0 days 00:00:06.531457,0.9,580.0,830.0,2.0,COMPLETE,,,,,,
25.0,-986.9426933962745,2024-04-25 22:42:36.938531,2024-04-25 22:42:44.858459,0 days 00:00:07.919928,0.8,840.0,710.0,2.0,COMPLETE,,,,,,
26.0,-985.5557461104445,2024-04-25 22:42:44.859438,2024-04-25 22:42:51.820968,0 days 00:00:06.961530,1.0,860.0,600.0,2.0,COMPLETE,,,,,,
27.0,-989.1736551212653,2024-04-25 22:42:51.821946,2024-04-25 22:43:00.182164,0 days 00:00:08.360218,0.9,660.0,910.0,2.0,COMPLETE,,,,,,
28.0,-984.6358476446371,2024-04-25 22:43:00.183162,2024-04-25 22:43:02.805474,0 days 00:00:02.622312,0.8,460.0,430.0,2.0,COMPLETE,,,,,,
29.0,-988.569021505627,2024-04-25 22:43:02.806473,2024-04-25 22:43:10.942620,0 days 00:00:08.136147,1.0,580.0,1000.0,2.0,COMPLETE,,,,,,
30.0,-989.6319480155839,2024-04-25 22:43:10.943643,2024-04-25 22:43:16.123183,0 days 00:00:05.179540,0.5,720.0,570.0,2.0,COMPLETE,,,,,,
31.0,-982.2669220901639,2024-04-25 22:43:16.125185,2024-04-25 22:43:20.620010,0 days 00:00:04.494825,0.5,700.0,510.0,2.0,COMPLETE,,,,,,
32.0,-988.859643709634,2024-04-25 22:43:20.621032,2024-04-25 22:43:24.971838,0 days 00:00:04.350806,0.4,620.0,560.0,2.0,COMPLETE,,,,,,
33.0,-988.6034991496714,2024-04-25 22:43:24.972837,2024-04-25 22:43:32.790312,0 days 00:00:07.817475,0.4,760.0,810.0,2.0,COMPLETE,,,,,,
34.0,-983.7355814974471,2024-04-25 22:43:32.791314,2024-04-25 22:43:40.540197,0 days 00:00:07.748883,0.5,860.0,700.0,2.0,COMPLETE,,,,,,
35.0,-988.7879572184867,2024-04-25 22:43:40.542176,2024-04-25 22:43:47.831939,0 days 00:00:07.289763,0.6,580.0,930.0,1.0,COMPLETE,,,,,,
36.0,-985.3953104470086,2024-04-25 22:43:47.833927,2024-04-25 22:43:55.141004,0 days 00:00:07.307077,0.9,920.0,590.0,2.0,COMPLETE,,,,,,
37.0,-987.7943375622644,2024-04-25 22:43:55.141999,2024-04-25 22:43:59.156353,0 days 00:00:04.014354,0.6,720.0,440.0,2.0,COMPLETE,,,,,,
38.0,-975.9411491278825,2024-04-25 22:43:59.157374,2024-04-25 22:44:02.681052,0 days 00:00:03.523678,0.30000000000000004,820.0,360.0,1.0,COMPLETE,,,,,,
39.0,-967.571286675257,2024-04-25 22:44:02.682052,2024-04-25 22:44:04.870893,0 days 00:00:02.188841,0.7000000000000001,640.0,270.0,2.0,COMPLETE,,,,,,
40.0,-989.148164701983,2024-04-25 22:44:04.871898,2024-04-25 22:44:14.715337,0 days 00:00:09.843439,0.8,1000.0,730.0,1.0,COMPLETE,,,,,,
41.0,-989.0545473749335,2024-04-25 22:44:14.716337,2024-04-25 22:44:21.308685,0 days 00:00:06.592348,0.8,760.0,650.0,2.0,COMPLETE,,,,,,
42.0,-988.3400718935402,2024-04-25 22:44:21.309686,2024-04-25 22:44:27.997433,0 days 00:00:06.687747,1.0,740.0,660.0,2.0,COMPLETE,,,,,,
43.0,-989.053566684551,2024-04-25 22:44:27.998424,2024-04-25 22:44:33.682046,0 days 00:00:05.683622,0.9,880.0,490.0,2.0,COMPLETE,,,,,,
44.0,-989.6096345324672,2024-04-25 22:44:33.684048,2024-04-25 22:44:39.309006,0 days 00:00:05.624958,0.7000000000000001,540.0,780.0,2.0,COMPLETE,,,,,,
45.0,-989.6741350586094,2024-04-25 22:44:39.310005,2024-04-25 22:44:44.236944,0 days 00:00:04.926939,0.7000000000000001,480.0,770.0,2.0,COMPLETE,,,,,,
46.0,-989.3887756854504,2024-04-25 22:44:44.238944,2024-04-25 22:44:49.247341,0 days 00:00:05.008397,0.7000000000000001,480.0,790.0,2.0,COMPLETE,,,,,,
47.0,-984.6825941668596,2024-04-25 22:44:49.248362,2024-04-25 22:44:53.979455,0 days 00:00:04.731093,0.6,420.0,850.0,2.0,COMPLETE,,,,,,
48.0,-989.3592587185165,2024-04-25 22:44:53.980454,2024-04-25 22:44:57.125585,0 days 00:00:03.145131,0.7000000000000001,300.0,780.0,2.0,COMPLETE,,,,,,
49.0,-989.5079500895049,2024-04-25 22:44:57.126559,2024-04-25 22:45:02.140780,0 days 00:00:05.014221,0.6,540.0,710.0,2.0,COMPLETE,,,,,,
50.0,-986.3351494493867,2024-04-25 22:45:02.141782,2024-04-25 22:45:04.392385,0 days 00:00:02.250603,0.5,280.0,620.0,2.0,COMPLETE,,,,,,
51.0,-989.3248841922909,2024-04-25 22:45:04.393384,2024-04-25 22:45:13.407993,0 days 00:00:09.014609,1.0,660.0,960.0,2.0,COMPLETE,,,,,,
52.0,-989.0258358607425,2024-04-25 22:45:13.408972,2024-04-25 22:45:22.925892,0 days 00:00:09.516920,0.9,800.0,860.0,2.0,COMPLETE,,,,,,
53.0,-988.8846631369297,2024-04-25 22:45:22.926896,2024-04-25 22:45:26.243390,0 days 00:00:03.316494,0.5,340.0,760.0,2.0,COMPLETE,,,,,,
54.0,-987.3140188054045,2024-04-25 22:45:26.245368,2024-04-25 22:45:33.145362,0 days 00:00:06.899994,0.7000000000000001,540.0,940.0,2.0,COMPLETE,,,,,,
55.0,-985.881697408959,2024-04-25 22:45:33.146369,2024-04-25 22:45:35.244334,0 days 00:00:02.097965,1.0,180.0,820.0,2.0,COMPLETE,,,,,,
56.0,-989.2206339347879,2024-04-25 22:45:35.245335,2024-04-25 22:45:40.877264,0 days 00:00:05.631929,0.9,460.0,890.0,2.0,COMPLETE,,,,,,
57.0,-988.674529518076,2024-04-25 22:45:40.878261,2024-04-25 22:45:47.196825,0 days 00:00:06.318564,0.8,680.0,690.0,2.0,COMPLETE,,,,,,
58.0,-985.2073773280608,2024-04-25 22:45:47.197825,2024-04-25 22:45:54.868172,0 days 00:00:07.670347,0.4,800.0,750.0,2.0,COMPLETE,,,,,,
59.0,-987.4089235057099,2024-04-25 22:45:54.869193,2024-04-25 22:46:00.984086,0 days 00:00:06.114893,0.30000000000000004,600.0,800.0,2.0,COMPLETE,,,,,,
60.0,-985.2249843214058,2024-04-25 22:46:00.986086,2024-04-25 22:46:14.217342,0 days 00:00:13.231256,1.0,960.0,970.0,2.0,COMPLETE,,,,,,
61.0,-982.383018134213,2024-04-25 22:46:14.218344,2024-04-25 22:46:19.176122,0 days 00:00:04.957778,0.8,720.0,530.0,2.0,COMPLETE,,,,,,
62.0,-989.669452607502,2024-04-25 22:46:19.178099,2024-04-25 22:46:24.992199,0 days 00:00:05.814100,0.9,740.0,580.0,2.0,COMPLETE,,,,,,
63.0,-984.7312887487134,2024-04-25 22:46:24.993322,2024-04-25 22:46:29.805519,0 days 00:00:04.812197,0.9,620.0,580.0,2.0,COMPLETE,,,,,,
64.0,-987.9162599420681,2024-04-25 22:46:29.806512,2024-04-25 22:46:33.983461,0 days 00:00:04.176949,1.0,680.0,460.0,2.0,COMPLETE,,,,,,
65.0,-985.3876533126877,2024-04-25 22:46:33.984440,2024-04-25 22:46:37.762966,0 days 00:00:03.778526,0.9,500.0,560.0,2.0,COMPLETE,,,,,,
66.0,-988.6717063814159,2024-04-25 22:46:37.763967,2024-04-25 22:46:45.238374,0 days 00:00:07.474407,0.9,900.0,620.0,2.0,COMPLETE,,,,,,
67.0,-983.0595659343705,2024-04-25 22:46:45.239374,2024-04-25 22:46:53.054601,0 days 00:00:07.815227,1.0,780.0,730.0,2.0,COMPLETE,,,,,,
68.0,-987.8074596553574,2024-04-25 22:46:53.055600,2024-04-25 22:46:58.053534,0 days 00:00:04.997934,0.6,560.0,680.0,2.0,COMPLETE,,,,,,
69.0,-988.1004844564884,2024-04-25 22:46:58.054512,2024-04-25 22:47:06.446793,0 days 00:00:08.392281,0.8,740.0,840.0,2.0,COMPLETE,,,,,,
70.0,-988.2807622112327,2024-04-25 22:47:06.447793,2024-04-25 22:47:10.703199,0 days 00:00:04.255406,0.1,380.0,900.0,1.0,COMPLETE,,,,,,
71.0,-979.7649832005502,2024-04-25 22:47:10.705222,2024-04-25 22:47:17.748431,0 days 00:00:07.043209,0.8,820.0,650.0,2.0,COMPLETE,,,,,,
72.0,-986.6035895285615,2024-04-25 22:47:17.749410,2024-04-25 22:47:23.491297,0 days 00:00:05.741887,0.8,720.0,600.0,2.0,COMPLETE,,,,,,
73.0,-968.5724643730255,2024-04-25 22:47:23.492296,2024-04-25 22:47:23.720296,0 days 00:00:00.228000,0.7000000000000001,20.0,720.0,2.0,COMPLETE,,,,,,
74.0,-988.9867981811618,2024-04-25 22:47:23.721296,2024-04-25 22:47:29.045371,0 days 00:00:05.324075,0.9,760.0,530.0,2.0,COMPLETE,,,,,,
75.0,-986.0307442926579,2024-04-25 22:47:29.046354,2024-04-25 22:47:35.688350,0 days 00:00:06.641996,0.7000000000000001,640.0,770.0,2.0,COMPLETE,,,,,,
76.0,-987.972830127225,2024-04-25 22:47:35.690327,2024-04-25 22:47:41.730320,0 days 00:00:06.039993,0.9,700.0,640.0,2.0,COMPLETE,,,,,,
77.0,-988.6643946968743,2024-04-25 22:47:41.731322,2024-04-25 22:47:48.638355,0 days 00:00:06.907033,1.0,740.0,680.0,2.0,COMPLETE,,,,,,
78.0,-989.0298444983734,2024-04-25 22:47:48.639357,2024-04-25 22:47:51.927227,0 days 00:00:03.287870,0.8,440.0,570.0,2.0,COMPLETE,,,,,,
79.0,-987.0808007561499,2024-04-25 22:47:51.928229,2024-04-25 22:47:57.320965,0 days 00:00:05.392736,0.9,840.0,490.0,2.0,COMPLETE,,,,,,
80.0,-977.2262444470873,2024-04-25 22:47:57.321944,2024-04-25 22:47:58.143965,0 days 00:00:00.822021,0.5,660.0,100.0,2.0,COMPLETE,,,,,,
81.0,-988.9733205070506,2024-04-25 22:47:58.144965,2024-04-25 22:48:02.861797,0 days 00:00:04.716832,0.6,520.0,700.0,2.0,COMPLETE,,,,,,
82.0,-989.7095162560238,2024-04-25 22:48:02.863796,2024-04-25 22:48:08.741130,0 days 00:00:05.877334,0.6,600.0,750.0,2.0,COMPLETE,,,,,,
83.0,-989.4593512668857,2024-04-25 22:48:08.743131,2024-04-25 22:48:17.941960,0 days 00:00:09.198829,0.7000000000000001,780.0,870.0,2.0,COMPLETE,,,,,,
84.0,-987.8605898830008,2024-04-25 22:48:18.029962,2024-04-25 22:48:25.307192,0 days 00:00:07.277230,0.6,680.0,810.0,2.0,COMPLETE,,,,,,
85.0,-989.5590612827244,2024-04-25 22:48:25.308165,2024-04-25 22:48:30.400262,0 days 00:00:05.092097,0.7000000000000001,620.0,620.0,2.0,COMPLETE,,,,,,
86.0,-987.8478033914082,2024-04-25 22:48:30.401242,2024-04-25 22:48:36.565211,0 days 00:00:06.163969,0.6,620.0,750.0,2.0,COMPLETE,,,,,,
87.0,-989.6418623782617,2024-04-25 22:48:36.567188,2024-04-25 22:48:40.876151,0 days 00:00:04.308963,0.5,560.0,610.0,2.0,COMPLETE,,,,,,
88.0,-985.6546348977602,2024-04-25 22:48:40.877152,2024-04-25 22:48:45.317608,0 days 00:00:04.440456,0.4,580.0,610.0,2.0,COMPLETE,,,,,,
89.0,-989.5623706934394,2024-04-25 22:48:45.319585,2024-04-25 22:48:48.987151,0 days 00:00:03.667566,0.5,540.0,540.0,2.0,COMPLETE,,,,,,
90.0,-988.0234515506127,2024-04-25 22:48:48.988153,2024-04-25 22:48:52.489894,0 days 00:00:03.501741,0.5,540.0,510.0,2.0,COMPLETE,,,,,,
91.0,-987.2728752854574,2024-04-25 22:48:52.490894,2024-04-25 22:48:55.914225,0 days 00:00:03.423331,0.5,500.0,540.0,2.0,COMPLETE,,,,,,
92.0,-984.8478299651628,2024-04-25 22:48:55.916228,2024-04-25 22:48:58.889233,0 days 00:00:02.973005,0.5,600.0,380.0,2.0,COMPLETE,,,,,,
93.0,-985.1250640334471,2024-04-25 22:48:58.890234,2024-04-25 22:49:04.477701,0 days 00:00:05.587467,0.4,560.0,780.0,2.0,COMPLETE,,,,,,
94.0,-989.5335127278095,2024-04-25 22:49:04.478677,2024-04-25 22:49:07.871357,0 days 00:00:03.392680,0.5,480.0,550.0,2.0,COMPLETE,,,,,,
95.0,-988.6524552204685,2024-04-25 22:49:07.872359,2024-04-25 22:49:11.166336,0 days 00:00:03.293977,0.5,480.0,540.0,2.0,COMPLETE,,,,,,
96.0,-987.7444097087775,2024-04-25 22:49:11.167312,2024-04-25 22:49:13.818770,0 days 00:00:02.651458,0.6,420.0,490.0,2.0,COMPLETE,,,,,,
97.0,-987.7354567494895,2024-04-25 22:49:13.819749,2024-04-25 22:49:16.710668,0 days 00:00:02.890919,0.5,480.0,470.0,2.0,COMPLETE,,,,,,
98.0,-986.0899227528705,2024-04-25 22:49:16.712644,2024-04-25 22:49:21.151091,0 days 00:00:04.438447,0.4,560.0,630.0,2.0,COMPLETE,,,,,,
99.0,-985.6047766611944,2024-04-25 22:49:21.152089,2024-04-25 22:49:25.208227,0 days 00:00:04.056138,0.6,520.0,590.0,1.0,COMPLETE,,,,,,
100.0,-897.6236607965831,2024-04-25 22:49:25.209229,2024-04-25 22:49:25.329250,0 days 00:00:00.120021,0.5,620.0,10.0,2.0,COMPLETE,,,,,,
101.0,-986.6797554632192,2024-04-25 22:49:25.330250,2024-04-25 22:49:29.507217,0 days 00:00:04.176967,0.5,600.0,550.0,2.0,COMPLETE,,,,,,
102.0,-989.7061441652643,2024-04-25 22:49:29.509240,2024-04-25 22:49:33.614666,0 days 00:00:04.105426,0.7000000000000001,460.0,670.0,2.0,COMPLETE,,,,,,
103.0,-989.1247333765716,2024-04-25 22:49:33.615658,2024-04-25 22:49:37.128392,0 days 00:00:03.512734,0.7000000000000001,460.0,580.0,2.0,COMPLETE,,,,,,
104.0,-986.2402376474625,2024-04-25 22:49:37.129372,2024-04-25 22:49:40.976914,0 days 00:00:03.847542,0.7000000000000001,440.0,660.0,2.0,COMPLETE,,,,,,
105.0,-983.0532545829703,2024-04-25 22:49:40.978893,2024-04-25 22:49:44.311586,0 days 00:00:03.332693,0.6,400.0,630.0,2.0,COMPLETE,,,,,,
106.0,-989.2180311195584,2024-04-25 22:49:44.312589,2024-04-25 22:49:48.874314,0 days 00:00:04.561725,0.7000000000000001,540.0,610.0,2.0,COMPLETE,,,,,,
107.0,-987.8580500704213,2024-04-25 22:49:48.875315,2024-04-25 22:49:53.359339,0 days 00:00:04.484024,0.7000000000000001,500.0,670.0,2.0,COMPLETE,,,,,,
108.0,-987.0857915715053,2024-04-25 22:49:53.360340,2024-04-25 22:49:56.945239,0 days 00:00:03.584899,0.4,380.0,730.0,2.0,COMPLETE,,,,,,
109.0,-989.5619285189614,2024-04-25 22:49:56.946250,2024-04-25 22:50:01.080053,0 days 00:00:04.133803,0.6,560.0,560.0,2.0,COMPLETE,,,,,,
110.0,-987.8083031995643,2024-04-25 22:50:01.081178,2024-04-25 22:50:05.031402,0 days 00:00:03.950224,0.6,580.0,520.0,2.0,COMPLETE,,,,,,
111.0,-984.1927688732196,2024-04-25 22:50:05.032402,2024-04-25 22:50:08.520090,0 days 00:00:03.487688,0.6,480.0,560.0,2.0,COMPLETE,,,,,,
112.0,-984.1231859389806,2024-04-25 22:50:08.521116,2024-04-25 22:50:12.443335,0 days 00:00:03.922219,0.5,520.0,580.0,2.0,COMPLETE,,,,,,
113.0,-988.2803300132855,2024-04-25 22:50:12.445333,2024-04-25 22:50:18.243467,0 days 00:00:05.798134,0.7000000000000001,560.0,760.0,2.0,COMPLETE,,,,,,
114.0,-988.402118745614,2024-04-25 22:50:18.244586,2024-04-25 22:50:23.254817,0 days 00:00:05.010231,0.6,640.0,600.0,2.0,COMPLETE,,,,,,
115.0,-988.3198788855918,2024-04-25 22:50:23.256813,2024-04-25 22:50:27.250252,0 days 00:00:03.993439,0.5,440.0,690.0,2.0,COMPLETE,,,,,,
116.0,-988.7617950815027,2024-04-25 22:50:27.252232,2024-04-25 22:50:33.110909,0 days 00:00:05.858677,0.7000000000000001,540.0,800.0,2.0,COMPLETE,,,,,,
117.0,-980.542803375753,2024-04-25 22:50:33.112909,2024-04-25 22:50:34.822487,0 days 00:00:01.709578,0.6,700.0,190.0,2.0,COMPLETE,,,,,,
118.0,-988.8717100996823,2024-04-25 22:50:34.823486,2024-04-25 22:50:39.747574,0 days 00:00:04.924088,0.5,600.0,640.0,2.0,COMPLETE,,,,,,
119.0,-988.3021957963572,2024-04-25 22:50:39.749551,2024-04-25 22:50:45.362297,0 days 00:00:05.612746,0.6,500.0,830.0,2.0,COMPLETE,,,,,,
120.0,-989.0263510879132,2024-04-25 22:50:45.363286,2024-04-25 22:50:51.447937,0 days 00:00:06.084651,0.7000000000000001,640.0,710.0,2.0,COMPLETE,,,,,,
121.0,-987.9874503540259,2024-04-25 22:50:51.448921,2024-04-25 22:50:58.482916,0 days 00:00:07.033995,0.8,660.0,780.0,2.0,COMPLETE,,,,,,
122.0,-986.0680122471362,2024-04-25 22:50:58.484924,2024-04-25 22:51:01.764393,0 days 00:00:03.279469,0.5,460.0,560.0,2.0,COMPLETE,,,,,,
123.0,-987.6870312448682,2024-04-25 22:51:01.766369,2024-04-25 22:51:08.732269,0 days 00:00:06.965900,0.5,720.0,740.0,2.0,COMPLETE,,,,,,
124.0,-986.1119218924143,2024-04-25 22:51:08.733250,2024-04-25 22:51:12.489014,0 days 00:00:03.755764,0.7000000000000001,560.0,510.0,2.0,COMPLETE,,,,,,
125.0,-988.9700099403806,2024-04-25 22:51:12.490015,2024-04-25 22:51:19.695420,0 days 00:00:07.205405,0.8,800.0,670.0,2.0,COMPLETE,,,,,,
126.0,-989.090180057296,2024-04-25 22:51:19.696421,2024-04-25 22:51:26.620914,0 days 00:00:06.924493,0.4,760.0,720.0,2.0,COMPLETE,,,,,,
127.0,-987.219559678577,2024-04-25 22:51:26.621914,2024-04-25 22:51:31.301701,0 days 00:00:04.679787,0.5,580.0,620.0,2.0,COMPLETE,,,,,,
128.0,-989.5962088019476,2024-04-25 22:51:31.302725,2024-04-25 22:51:34.440338,0 days 00:00:03.137613,0.6,540.0,460.0,2.0,COMPLETE,,,,,,
129.0,-989.4658248370454,2024-04-25 22:51:34.441339,2024-04-25 22:51:37.404667,0 days 00:00:02.963328,0.6,480.0,480.0,2.0,COMPLETE,,,,,,
130.0,-986.9890137798402,2024-04-25 22:51:37.406646,2024-04-25 22:51:40.190520,0 days 00:00:02.783874,0.2,540.0,420.0,2.0,COMPLETE,,,,,,
131.0,-989.5644084373134,2024-04-25 22:51:40.191520,2024-04-25 22:51:43.183516,0 days 00:00:02.991996,0.6,520.0,450.0,2.0,COMPLETE,,,,,,
132.0,-967.8549955546521,2024-04-25 22:51:43.184515,2024-04-25 22:51:45.537711,0 days 00:00:02.353196,0.6,520.0,350.0,2.0,COMPLETE,,,,,,
133.0,-982.5345579303872,2024-04-25 22:51:45.538715,2024-04-25 22:51:49.040593,0 days 00:00:03.501878,0.6,500.0,540.0,2.0,COMPLETE,,,,,,
134.0,-984.0289183208126,2024-04-25 22:51:49.041595,2024-04-25 22:51:52.564195,0 days 00:00:03.522600,0.6,540.0,500.0,2.0,COMPLETE,,,,,,
135.0,-989.1375655965523,2024-04-25 22:51:52.565197,2024-04-25 22:51:56.142422,0 days 00:00:03.577225,0.7000000000000001,600.0,460.0,2.0,COMPLETE,,,,,,
136.0,-985.7000962305365,2024-04-25 22:51:56.144401,2024-04-25 22:51:58.717162,0 days 00:00:02.572761,0.6,460.0,430.0,2.0,COMPLETE,,,,,,
137.0,-985.8633738678859,2024-04-25 22:51:58.718186,2024-04-25 22:52:01.166267,0 days 00:00:02.448081,0.5,520.0,380.0,2.0,COMPLETE,,,,,,
138.0,-971.0055702626996,2024-04-25 22:52:01.168243,2024-04-25 22:52:04.403310,0 days 00:00:03.235067,0.7000000000000001,560.0,450.0,2.0,COMPLETE,,,,,,
139.0,-983.7748457198289,2024-04-25 22:52:04.404290,2024-04-25 22:52:08.772146,0 days 00:00:04.367856,0.5,580.0,590.0,2.0,COMPLETE,,,,,,
140.0,-988.9941978589027,2024-04-25 22:52:08.774356,2024-04-25 22:52:11.915742,0 days 00:00:03.141386,0.6,420.0,570.0,1.0,COMPLETE,,,,,,
141.0,-989.7221767479043,2024-04-25 22:52:11.916717,2024-04-25 22:52:16.911737,0 days 00:00:04.995020,1.0,700.0,520.0,2.0,COMPLETE,,,,,,
142.0,-988.7101931696958,2024-04-25 22:52:16.913738,2024-04-25 22:52:21.288259,0 days 00:00:04.374521,0.5,680.0,510.0,2.0,COMPLETE,,,,,,
143.0,-987.7762905462913,2024-04-25 22:52:21.289239,2024-04-25 22:52:25.871432,0 days 00:00:04.582193,1.0,620.0,550.0,2.0,COMPLETE,,,,,,
144.0,-989.5112682678788,2024-04-25 22:52:25.873432,2024-04-25 22:52:30.954438,0 days 00:00:05.081006,0.6,760.0,520.0,2.0,COMPLETE,,,,,,
145.0,-987.6255326239038,2024-04-25 22:52:30.955552,2024-04-25 22:52:34.905607,0 days 00:00:03.950055,0.8,480.0,610.0,2.0,COMPLETE,,,,,,
146.0,-989.6012020711439,2024-04-25 22:52:34.906609,2024-04-25 22:52:39.272239,0 days 00:00:04.365630,0.7000000000000001,700.0,480.0,2.0,COMPLETE,,,,,,
147.0,-989.649886974827,2024-04-25 22:52:39.273238,2024-04-25 22:52:43.414829,0 days 00:00:04.141591,0.7000000000000001,680.0,470.0,2.0,COMPLETE,,,,,,
148.0,-983.2464010012774,2024-04-25 22:52:43.415806,2024-04-25 22:52:47.420208,0 days 00:00:04.004402,0.7000000000000001,700.0,440.0,2.0,COMPLETE,,,,,,
149.0,-988.7891052328944,2024-04-25 22:52:47.421231,2024-04-25 22:52:50.893357,0 days 00:00:03.472126,0.7000000000000001,660.0,410.0,2.0,COMPLETE,,,,,,
150.0,-984.3476771524263,2024-04-25 22:52:50.894338,2024-04-25 22:52:55.114939,0 days 00:00:04.220601,0.7000000000000001,680.0,470.0,2.0,COMPLETE,,,,,,
151.0,-988.5526900194914,2024-04-25 22:52:55.115940,2024-04-25 22:52:59.035521,0 days 00:00:03.919581,0.7000000000000001,740.0,410.0,2.0,COMPLETE,,,,,,
152.0,-988.7996872659078,2024-04-25 22:52:59.037544,2024-04-25 22:53:03.626954,0 days 00:00:04.589410,0.7000000000000001,720.0,490.0,2.0,COMPLETE,,,,,,
153.0,-987.8057014513709,2024-04-25 22:53:03.628955,2024-04-25 22:53:08.103127,0 days 00:00:04.474172,0.8,640.0,530.0,2.0,COMPLETE,,,,,,
154.0,-987.0159318361423,2024-04-25 22:53:08.104127,2024-04-25 22:53:11.905420,0 days 00:00:03.801293,0.7000000000000001,620.0,470.0,2.0,COMPLETE,,,,,,
155.0,-989.716722671438,2024-04-25 22:53:11.906419,2024-04-25 22:53:19.918437,0 days 00:00:08.012018,0.7000000000000001,720.0,810.0,2.0,COMPLETE,,,,,,
156.0,-989.0670555415245,2024-04-25 22:53:19.919436,2024-04-25 22:53:27.568746,0 days 00:00:07.649310,0.7000000000000001,680.0,820.0,2.0,COMPLETE,,,,,,
157.0,-986.7398368750331,2024-04-25 22:53:27.570771,2024-04-25 22:53:31.810796,0 days 00:00:04.240025,0.7000000000000001,720.0,450.0,2.0,COMPLETE,,,,,,
158.0,-989.4709313453288,2024-04-25 22:53:31.812798,2024-04-25 22:53:35.565286,0 days 00:00:03.752488,0.6,580.0,500.0,2.0,COMPLETE,,,,,,
159.0,-986.9320318715819,2024-04-25 22:53:35.566285,2024-04-25 22:53:40.568338,0 days 00:00:05.002053,0.7000000000000001,660.0,570.0,2.0,COMPLETE,,,,,,
160.0,-988.9614552441719,2024-04-25 22:53:40.569340,2024-04-25 22:53:45.306306,0 days 00:00:04.736966,0.6,700.0,530.0,2.0,COMPLETE,,,,,,
161.0,-988.7738880205195,2024-04-25 22:53:45.307303,2024-04-25 22:53:53.143267,0 days 00:00:07.835964,0.8,740.0,790.0,2.0,COMPLETE,,,,,,
162.0,-989.7117966430998,2024-04-25 22:53:53.144267,2024-04-25 22:54:00.676303,0 days 00:00:07.532036,0.7000000000000001,760.0,750.0,2.0,COMPLETE,,,,,,
163.0,-989.3251505437333,2024-04-25 22:54:00.678304,2024-04-25 22:54:08.544672,0 days 00:00:07.866368,0.7000000000000001,780.0,760.0,2.0,COMPLETE,,,,,,
164.0,-987.0839022664784,2024-04-25 22:54:08.545672,2024-04-25 22:54:16.505118,0 days 00:00:07.959446,0.7000000000000001,700.0,850.0,2.0,COMPLETE,,,,,,
165.0,-987.4629559569653,2024-04-25 22:54:16.507095,2024-04-25 22:54:23.945618,0 days 00:00:07.438523,0.7000000000000001,760.0,740.0,2.0,COMPLETE,,,,,,
166.0,-986.8305306219215,2024-04-25 22:54:23.946618,2024-04-25 22:54:26.542783,0 days 00:00:02.596165,0.7000000000000001,520.0,390.0,2.0,COMPLETE,,,,,,
167.0,-987.455722214185,2024-04-25 22:54:26.543940,2024-04-25 22:54:31.209688,0 days 00:00:04.665748,0.6,560.0,650.0,2.0,COMPLETE,,,,,,
168.0,-987.8708199224656,2024-04-25 22:54:31.210685,2024-04-25 22:54:34.954000,0 days 00:00:03.743315,0.7000000000000001,600.0,480.0,2.0,COMPLETE,,,,,,
169.0,-983.7830566224818,2024-04-25 22:54:34.956021,2024-04-25 22:54:42.205133,0 days 00:00:07.249112,0.6,720.0,770.0,2.0,COMPLETE,,,,,,
170.0,-989.1131660592168,2024-04-25 22:54:42.207109,2024-04-25 22:54:50.799425,0 days 00:00:08.592316,0.6,800.0,810.0,2.0,COMPLETE,,,,,,
171.0,-986.667122256086,2024-04-25 22:54:50.800405,2024-04-25 22:54:59.374176,0 days 00:00:08.573771,0.8,760.0,830.0,2.0,COMPLETE,,,,,,
172.0,-988.6464194178875,2024-04-25 22:54:59.375152,2024-04-25 22:55:07.634558,0 days 00:00:08.259406,0.9,740.0,800.0,2.0,COMPLETE,,,,,,
173.0,-988.8022375625292,2024-04-25 22:55:07.636556,2024-04-25 22:55:13.258534,0 days 00:00:05.621978,0.7000000000000001,540.0,780.0,2.0,COMPLETE,,,,,,
174.0,-989.3884636370835,2024-04-25 22:55:13.260558,2024-04-25 22:55:19.552361,0 days 00:00:06.291803,1.0,780.0,590.0,2.0,COMPLETE,,,,,,
175.0,-989.7120923095404,2024-04-25 22:55:19.553360,2024-04-25 22:55:26.774274,0 days 00:00:07.220914,0.7000000000000001,720.0,750.0,2.0,COMPLETE,,,,,,
176.0,-989.1718714672663,2024-04-25 22:55:26.775294,2024-04-25 22:55:32.741235,0 days 00:00:05.965941,0.7000000000000001,660.0,690.0,2.0,COMPLETE,,,,,,
177.0,-988.9092181294553,2024-04-25 22:55:32.743234,2024-04-25 22:55:40.125238,0 days 00:00:07.382004,0.7000000000000001,740.0,760.0,2.0,COMPLETE,,,,,,
178.0,-989.4925320030995,2024-04-25 22:55:40.127237,2024-04-25 22:55:44.222278,0 days 00:00:04.095041,0.7000000000000001,500.0,630.0,2.0,COMPLETE,,,,,,
179.0,-989.1055007457464,2024-04-25 22:55:44.223274,2024-04-25 22:55:51.080407,0 days 00:00:06.857133,0.6,680.0,750.0,2.0,COMPLETE,,,,,,
180.0,-989.0050584544003,2024-04-25 22:55:51.081407,2024-04-25 22:55:56.102970,0 days 00:00:05.021563,0.7000000000000001,700.0,560.0,2.0,COMPLETE,,,,,,
181.0,-984.8625330646466,2024-04-25 22:55:56.104949,2024-04-25 22:56:03.866408,0 days 00:00:07.761459,0.9,720.0,780.0,2.0,COMPLETE,,,,,,
182.0,-988.4547522707564,2024-04-25 22:56:03.868386,2024-04-25 22:56:10.641367,0 days 00:00:06.772981,0.8,700.0,730.0,2.0,COMPLETE,,,,,,
183.0,-987.4395519495358,2024-04-25 22:56:10.642366,2024-04-25 22:56:15.855598,0 days 00:00:05.213232,0.7000000000000001,560.0,710.0,2.0,COMPLETE,,,,,,
184.0,-988.9484957259649,2024-04-25 22:56:15.856595,2024-04-25 22:56:23.804871,0 days 00:00:07.948276,0.8,740.0,800.0,2.0,COMPLETE,,,,,,
185.0,-988.8492111286916,2024-04-25 22:56:23.806895,2024-04-25 22:56:29.876919,0 days 00:00:06.070024,0.6,780.0,600.0,2.0,COMPLETE,,,,,,
186.0,-986.686322805085,2024-04-25 22:56:29.877898,2024-04-25 22:56:32.931336,0 days 00:00:03.053438,0.5,540.0,450.0,2.0,COMPLETE,,,,,,
187.0,-985.4745665909321,2024-04-25 22:56:32.932336,2024-04-25 22:56:37.117239,0 days 00:00:04.184903,0.7000000000000001,640.0,510.0,2.0,COMPLETE,,,,,,
188.0,-989.4375977545712,2024-04-25 22:56:37.118237,2024-04-25 22:56:38.265910,0 days 00:00:01.147673,0.7000000000000001,160.0,540.0,2.0,COMPLETE,,,,,,
189.0,-988.7410891953311,2024-04-25 22:56:38.267888,2024-04-25 22:56:42.705276,0 days 00:00:04.437388,0.6,580.0,580.0,2.0,COMPLETE,,,,,,
190.0,-983.3866519885933,2024-04-25 22:56:42.706284,2024-04-25 22:56:48.695366,0 days 00:00:05.989082,1.0,520.0,820.0,2.0,COMPLETE,,,,,,
191.0,-988.9189074609948,2024-04-25 22:56:48.696346,2024-04-25 22:56:51.733222,0 days 00:00:03.036876,0.5,440.0,550.0,2.0,COMPLETE,,,,,,
192.0,-985.8848294662183,2024-04-25 22:56:51.734227,2024-04-25 22:56:54.710389,0 days 00:00:02.976162,0.5,480.0,490.0,2.0,COMPLETE,,,,,,
193.0,-988.8523752469432,2024-04-25 22:56:54.711412,2024-04-25 22:56:58.011352,0 days 00:00:03.299940,0.5,500.0,520.0,2.0,COMPLETE,,,,,,
194.0,-988.9325534222733,2024-04-25 22:56:58.013351,2024-04-25 22:57:03.337128,0 days 00:00:05.323777,0.5,740.0,570.0,2.0,COMPLETE,,,,,,
195.0,-987.3388628865406,2024-04-25 22:57:03.338152,2024-04-25 22:57:07.691338,0 days 00:00:04.353186,0.5,460.0,740.0,2.0,COMPLETE,,,,,,
196.0,-987.3923122500574,2024-04-25 22:57:07.692338,2024-04-25 22:57:12.096474,0 days 00:00:04.404136,0.7000000000000001,720.0,470.0,1.0,COMPLETE,,,,,,
197.0,-981.9259826853322,2024-04-25 22:57:12.097499,2024-04-25 22:57:16.307069,0 days 00:00:04.209570,0.6,520.0,610.0,2.0,COMPLETE,,,,,,
198.0,-988.8953280557907,2024-04-25 22:57:16.308067,2024-04-25 22:57:22.253406,0 days 00:00:05.945339,0.7000000000000001,820.0,550.0,2.0,COMPLETE,,,,,,
199.0,-988.9662923843057,2024-04-25 22:57:22.255403,2024-04-25 22:57:25.316422,0 days 00:00:03.061019,0.5,560.0,430.0,2.0,COMPLETE,,,,,,
200.0,-989.6273603600931,2024-04-25 22:57:25.317423,2024-04-25 22:57:31.372658,0 days 00:00:06.055235,0.4,620.0,770.0,2.0,COMPLETE,,,,,,
201.0,-986.3651724240528,2024-04-25 22:57:31.374632,2024-04-25 22:57:37.302648,0 days 00:00:05.928016,0.30000000000000004,620.0,760.0,2.0,COMPLETE,,,,,,
202.0,-987.1495703840951,2024-04-25 22:57:37.304628,2024-04-25 22:57:43.267406,0 days 00:00:05.962778,0.4,600.0,770.0,2.0,COMPLETE,,,,,,
203.0,-988.9039515029955,2024-04-25 22:57:43.268385,2024-04-25 22:57:50.183225,0 days 00:00:06.914840,0.4,680.0,790.0,2.0,COMPLETE,,,,,,
204.0,-984.7636230623541,2024-04-25 22:57:50.185227,2024-04-25 22:57:55.301842,0 days 00:00:05.116615,0.4,540.0,740.0,2.0,COMPLETE,,,,,,
205.0,-988.1571879859557,2024-04-25 22:57:55.302820,2024-04-25 22:57:59.303288,0 days 00:00:04.000468,0.7000000000000001,580.0,530.0,2.0,COMPLETE,,,,,,
206.0,-987.5444664033461,2024-04-25 22:57:59.304289,2024-04-25 22:58:08.201216,0 days 00:00:08.896927,0.7000000000000001,760.0,870.0,2.0,COMPLETE,,,,,,
207.0,-988.1379855455186,2024-04-25 22:58:08.203243,2024-04-25 22:58:15.519206,0 days 00:00:07.315963,0.6,660.0,840.0,2.0,COMPLETE,,,,,,
208.0,-981.5036885512138,2024-04-25 22:58:15.520224,2024-04-25 22:58:22.455076,0 days 00:00:06.934852,0.7000000000000001,720.0,720.0,2.0,COMPLETE,,,,,,
209.0,-989.5373011471869,2024-04-25 22:58:22.457076,2024-04-25 22:58:30.337150,0 days 00:00:07.880074,0.9,700.0,810.0,2.0,COMPLETE,,,,,,
210.0,-989.3828824767139,2024-04-25 22:58:30.338142,2024-04-25 22:58:38.060192,0 days 00:00:07.722050,0.9,700.0,810.0,2.0,COMPLETE,,,,,,
211.0,-989.3395420294426,2024-04-25 22:58:38.062170,2024-04-25 22:58:45.698198,0 days 00:00:07.636028,1.0,700.0,790.0,2.0,COMPLETE,,,,,,
212.0,-989.0067668019467,2024-04-25 22:58:45.699197,2024-04-25 22:58:53.067604,0 days 00:00:07.368407,0.9,720.0,760.0,2.0,COMPLETE,,,,,,
213.0,-989.2740209492923,2024-04-25 22:58:53.069604,2024-04-25 22:59:00.121357,0 days 00:00:07.051753,0.9,620.0,830.0,2.0,COMPLETE,,,,,,
214.0,-986.8568550695672,2024-04-25 22:59:00.122382,2024-04-25 22:59:07.435824,0 days 00:00:07.313442,0.2,760.0,780.0,2.0,COMPLETE,,,,,,
215.0,-985.0978749629885,2024-04-25 22:59:07.436847,2024-04-25 22:59:12.793316,0 days 00:00:05.356469,0.9,680.0,590.0,2.0,COMPLETE,,,,,,
216.0,-977.9079899096007,2024-04-25 22:59:12.795327,2024-04-25 22:59:16.045037,0 days 00:00:03.249710,0.8,500.0,500.0,2.0,COMPLETE,,,,,,
217.0,-983.7518497660649,2024-04-25 22:59:16.047042,2024-04-25 22:59:19.608234,0 days 00:00:03.561192,0.6,480.0,570.0,2.0,COMPLETE,,,,,,
218.0,-989.5749013872321,2024-04-25 22:59:19.609232,2024-04-25 22:59:26.644989,0 days 00:00:07.035757,0.9,640.0,800.0,2.0,COMPLETE,,,,,,
219.0,-988.6845110241874,2024-04-25 22:59:26.645986,2024-04-25 22:59:33.758007,0 days 00:00:07.112021,0.9,640.0,810.0,2.0,COMPLETE,,,,,,
220.0,-989.5227031850377,2024-04-25 22:59:33.759006,2024-04-25 22:59:40.856303,0 days 00:00:07.097297,0.9,600.0,860.0,2.0,COMPLETE,,,,,,
221.0,-989.2477265924072,2024-04-25 22:59:40.858305,2024-04-25 22:59:47.983432,0 days 00:00:07.125127,0.9,660.0,790.0,2.0,COMPLETE,,,,,,
222.0,-989.3231667457378,2024-04-25 22:59:47.984413,2024-04-25 22:59:55.272341,0 days 00:00:07.287928,0.7000000000000001,720.0,760.0,2.0,COMPLETE,,,,,,
223.0,-989.6268311950162,2024-04-25 22:59:55.274342,2024-04-25 23:00:02.348556,0 days 00:00:07.074214,0.9,640.0,800.0,2.0,COMPLETE,,,,,,
224.0,-988.7321096352914,2024-04-25 23:00:02.349557,2024-04-25 23:00:09.668940,0 days 00:00:07.319383,0.9,640.0,840.0,2.0,COMPLETE,,,,,,
225.0,-983.1127921651283,2024-04-25 23:00:09.670940,2024-04-25 23:00:17.251730,0 days 00:00:07.580790,0.9,680.0,820.0,2.0,COMPLETE,,,,,,
226.0,-988.128234651321,2024-04-25 23:00:17.252729,2024-04-25 23:00:24.328723,0 days 00:00:07.075994,0.9,640.0,800.0,2.0,COMPLETE,,,,,,
227.0,-989.5955038365473,2024-04-25 23:00:24.329725,2024-04-25 23:00:30.986218,0 days 00:00:06.656493,0.9,620.0,780.0,2.0,COMPLETE,,,,,,
228.0,-987.6207844195097,2024-04-25 23:00:30.987217,2024-04-25 23:00:37.230919,0 days 00:00:06.243702,1.0,600.0,750.0,2.0,COMPLETE,,,,,,
229.0,-988.378232983288,2024-04-25 23:00:37.231917,2024-04-25 23:00:43.084189,0 days 00:00:05.852272,0.7000000000000001,560.0,780.0,2.0,COMPLETE,,,,,,
230.0,-989.3247373012264,2024-04-25 23:00:43.085389,2024-04-25 23:00:49.308851,0 days 00:00:06.223462,0.8,600.0,770.0,2.0,COMPLETE,,,,,,
231.0,-989.2360082528951,2024-04-25 23:00:49.309873,2024-04-25 23:00:56.601887,0 days 00:00:07.292014,0.9,660.0,800.0,2.0,COMPLETE,,,,,,
232.0,-988.0245232423599,2024-04-25 23:00:56.602865,2024-04-25 23:01:04.531634,0 days 00:00:07.928769,0.9,700.0,820.0,2.0,COMPLETE,,,,,,
233.0,-989.187968846124,2024-04-25 23:01:04.533282,2024-04-25 23:01:11.094656,0 days 00:00:06.561374,0.9,620.0,780.0,2.0,COMPLETE,,,,,,
234.0,-988.4906955110825,2024-04-25 23:01:11.095656,2024-04-25 23:01:14.608006,0 days 00:00:03.512350,0.9,580.0,450.0,2.0,COMPLETE,,,,,,
235.0,-986.9910969941609,2024-04-25 23:01:14.609008,2024-04-25 23:01:22.011144,0 days 00:00:07.402136,0.9,740.0,740.0,2.0,COMPLETE,,,,,,
236.0,-988.6387713901476,2024-04-25 23:01:22.012167,2024-04-25 23:01:28.864334,0 days 00:00:06.852167,0.9,620.0,800.0,2.0,COMPLETE,,,,,,
237.0,-989.6601963003463,2024-04-25 23:01:28.865355,2024-04-25 23:01:32.129170,0 days 00:00:03.263815,0.7000000000000001,540.0,470.0,2.0,COMPLETE,,,,,,
238.0,-989.2257499048121,2024-04-25 23:01:32.130149,2024-04-25 23:01:35.654301,0 days 00:00:03.524152,0.7000000000000001,540.0,490.0,2.0,COMPLETE,,,,,,
239.0,-988.6542866646955,2024-04-25 23:01:35.655302,2024-04-25 23:01:39.074912,0 days 00:00:03.419610,0.7000000000000001,560.0,470.0,2.0,COMPLETE,,,,,,
240.0,-988.3773700742886,2024-04-25 23:01:39.075943,2024-04-25 23:01:41.963869,0 days 00:00:02.887926,0.7000000000000001,520.0,430.0,2.0,COMPLETE,,,,,,
241.0,-987.5925862001366,2024-04-25 23:01:41.964850,2024-04-25 23:01:46.070607,0 days 00:00:04.105757,0.7000000000000001,680.0,460.0,2.0,COMPLETE,,,,,,
242.0,-989.6994987095534,2024-04-25 23:01:46.071610,2024-04-25 23:01:52.092226,0 days 00:00:06.020616,0.7000000000000001,580.0,780.0,2.0,COMPLETE,,,,,,
243.0,-983.2123721124275,2024-04-25 23:01:52.093224,2024-04-25 23:01:58.046597,0 days 00:00:05.953373,0.7000000000000001,580.0,770.0,2.0,COMPLETE,,,,,,
244.0,-988.4978085626203,2024-04-25 23:01:58.047595,2024-04-25 23:02:03.487571,0 days 00:00:05.439976,0.7000000000000001,560.0,720.0,2.0,COMPLETE,,,,,,
245.0,-983.4940075568667,2024-04-25 23:02:03.488572,2024-04-25 23:02:09.710039,0 days 00:00:06.221467,0.7000000000000001,620.0,750.0,2.0,COMPLETE,,,,,,
246.0,-988.9802894211789,2024-04-25 23:02:09.712040,2024-04-25 23:02:13.485336,0 days 00:00:03.773296,0.7000000000000001,600.0,480.0,2.0,COMPLETE,,,,,,
247.0,-988.6156898388476,2024-04-25 23:02:13.486336,2024-04-25 23:02:18.113521,0 days 00:00:04.627185,0.7000000000000001,540.0,640.0,2.0,COMPLETE,,,,,,
248.0,-988.0195137207918,2024-04-25 23:02:18.114523,2024-04-25 23:02:24.672176,0 days 00:00:06.557653,0.6,640.0,780.0,2.0,COMPLETE,,,,,,
249.0,-988.8855952337227,2024-04-25 23:02:24.673154,2024-04-25 23:02:28.600280,0 days 00:00:03.927126,0.7000000000000001,580.0,520.0,2.0,COMPLETE,,,,,,
250.0,-987.9075868445557,2024-04-25 23:02:28.601276,2024-04-25 23:02:33.993610,0 days 00:00:05.392334,0.6,540.0,760.0,2.0,COMPLETE,,,,,,
251.0,-988.7392041096676,2024-04-25 23:02:33.995610,2024-04-25 23:02:38.175131,0 days 00:00:04.179521,0.7000000000000001,520.0,620.0,2.0,COMPLETE,,,,,,
252.0,-987.3320768274409,2024-04-25 23:02:38.177131,2024-04-25 23:02:43.728117,0 days 00:00:05.550986,0.6,600.0,700.0,2.0,COMPLETE,,,,,,
253.0,-982.5549198131139,2024-04-25 23:02:43.730139,2024-04-25 23:02:47.977551,0 days 00:00:04.247412,0.7000000000000001,740.0,450.0,2.0,COMPLETE,,,,,,
254.0,-989.1404709672506,2024-04-25 23:02:47.978528,2024-04-25 23:02:54.078589,0 days 00:00:06.100061,0.8,620.0,730.0,2.0,COMPLETE,,,,,,
255.0,-983.4304256672956,2024-04-25 23:02:54.079589,2024-04-25 23:03:00.181620,0 days 00:00:06.102031,0.7000000000000001,580.0,790.0,2.0,COMPLETE,,,,,,
256.0,-984.661825488686,2024-04-25 23:03:00.183647,2024-04-25 23:03:04.570696,0 days 00:00:04.387049,0.7000000000000001,560.0,600.0,2.0,COMPLETE,,,,,,
257.0,-988.3608407416632,2024-04-25 23:03:04.571695,2024-04-25 23:03:09.313759,0 days 00:00:04.742064,0.30000000000000004,660.0,580.0,2.0,COMPLETE,,,,,,
258.0,-987.857514765617,2024-04-25 23:03:09.315764,2024-04-25 23:03:14.231369,0 days 00:00:04.915605,0.6,760.0,500.0,2.0,COMPLETE,,,,,,
259.0,-988.2771872500099,2024-04-25 23:03:14.233405,2024-04-25 23:03:18.140998,0 days 00:00:03.907593,1.0,520.0,550.0,2.0,COMPLETE,,,,,,
260.0,-984.7216362494111,2024-04-25 23:03:18.141972,2024-04-25 23:03:21.946029,0 days 00:00:03.804057,0.7000000000000001,720.0,410.0,1.0,COMPLETE,,,,,,
261.0,-989.677025413916,2024-04-25 23:03:21.948050,2024-04-25 23:03:28.541299,0 days 00:00:06.593249,0.7000000000000001,640.0,770.0,2.0,COMPLETE,,,,,,
262.0,-989.4833101703689,2024-04-25 23:03:28.542319,2024-04-25 23:03:35.295949,0 days 00:00:06.753630,0.7000000000000001,660.0,760.0,2.0,COMPLETE,,,,,,
263.0,-989.5309416624259,2024-04-25 23:03:35.296950,2024-04-25 23:03:40.790357,0 days 00:00:05.493407,0.30000000000000004,580.0,750.0,2.0,COMPLETE,,,,,,
264.0,-981.8918233516549,2024-04-25 23:03:40.791355,2024-04-25 23:03:45.281845,0 days 00:00:04.490490,0.7000000000000001,500.0,670.0,2.0,COMPLETE,,,,,,
265.0,-984.9005162228987,2024-04-25 23:03:45.282846,2024-04-25 23:03:48.877735,0 days 00:00:03.594889,0.7000000000000001,640.0,440.0,2.0,COMPLETE,,,,,,
266.0,-988.3813291329768,2024-04-25 23:03:48.879738,2024-04-25 23:03:52.578401,0 days 00:00:03.698663,0.4,620.0,480.0,2.0,COMPLETE,,,,,,
267.0,-987.9901931628324,2024-04-25 23:03:52.579424,2024-04-25 23:03:59.322446,0 days 00:00:06.743022,0.7000000000000001,640.0,780.0,2.0,COMPLETE,,,,,,
268.0,-988.7949163020306,2024-04-25 23:03:59.324447,2024-04-25 23:04:01.139185,0 days 00:00:01.814738,0.6,560.0,260.0,2.0,COMPLETE,,,,,,
269.0,-984.0452228059899,2024-04-25 23:04:01.140198,2024-04-25 23:04:05.299448,0 days 00:00:04.159250,0.7000000000000001,600.0,530.0,2.0,COMPLETE,,,,,,
270.0,-989.2452459610179,2024-04-25 23:04:05.300444,2024-04-25 23:04:12.899829,0 days 00:00:07.599385,0.8,680.0,830.0,2.0,COMPLETE,,,,,,
271.0,-988.3357017694243,2024-04-25 23:04:12.900824,2024-04-25 23:04:19.372120,0 days 00:00:06.471296,0.5,620.0,800.0,2.0,COMPLETE,,,,,,
272.0,-989.4215837661823,2024-04-25 23:04:19.374132,2024-04-25 23:04:24.669360,0 days 00:00:05.295228,0.7000000000000001,540.0,730.0,2.0,COMPLETE,,,,,,
273.0,-989.1758628573145,2024-04-25 23:04:24.670383,2024-04-25 23:04:29.025807,0 days 00:00:04.355424,0.7000000000000001,660.0,510.0,2.0,COMPLETE,,,,,,
274.0,-989.4831589507736,2024-04-25 23:04:29.027808,2024-04-25 23:04:31.737261,0 days 00:00:02.709453,0.6,460.0,460.0,2.0,COMPLETE,,,,,,
275.0,-985.6734450782508,2024-04-25 23:04:31.738259,2024-04-25 23:04:37.212315,0 days 00:00:05.474056,0.7000000000000001,540.0,770.0,2.0,COMPLETE,,,,,,
276.0,-985.7348551212648,2024-04-25 23:04:37.213318,2024-04-25 23:04:42.273308,0 days 00:00:05.059990,0.6,700.0,560.0,2.0,COMPLETE,,,,,,
277.0,-989.2019907705032,2024-04-25 23:04:42.275332,2024-04-25 23:04:46.695215,0 days 00:00:04.419883,0.5,580.0,610.0,2.0,COMPLETE,,,,,,
278.0,-987.9073178248311,2024-04-25 23:04:46.697220,2024-04-25 23:04:53.179928,0 days 00:00:06.482708,0.7000000000000001,600.0,810.0,2.0,COMPLETE,,,,,,
279.0,-987.9915078970319,2024-04-25 23:04:53.180953,2024-04-25 23:04:59.639583,0 days 00:00:06.458630,0.6,680.0,740.0,2.0,COMPLETE,,,,,,
280.0,-989.7023341023653,2024-04-25 23:04:59.640604,2024-04-25 23:05:05.631345,0 days 00:00:05.990741,0.8,640.0,700.0,2.0,COMPLETE,,,,,,
281.0,-987.7413377682901,2024-04-25 23:05:05.633328,2024-04-25 23:05:10.260854,0 days 00:00:04.627526,0.8,500.0,680.0,2.0,COMPLETE,,,,,,
282.0,-986.9128757532122,2024-04-25 23:05:10.261860,2024-04-25 23:05:16.396186,0 days 00:00:06.134326,0.8,660.0,700.0,2.0,COMPLETE,,,,,,
283.0,-988.75728331455,2024-04-25 23:05:16.398166,2024-04-25 23:05:22.753382,0 days 00:00:06.355216,0.8,640.0,750.0,2.0,COMPLETE,,,,,,
284.0,-986.3128004728474,2024-04-25 23:05:22.754387,2024-04-25 23:05:29.777007,0 days 00:00:07.022620,1.0,720.0,710.0,2.0,COMPLETE,,,,,,
285.0,-984.238163526759,2024-04-25 23:05:29.778986,2024-04-25 23:05:35.458974,0 days 00:00:05.679988,0.6,560.0,770.0,2.0,COMPLETE,,,,,,
286.0,-989.4271084751465,2024-04-25 23:05:35.459996,2024-04-25 23:05:41.519152,0 days 00:00:06.059156,0.8,640.0,720.0,2.0,COMPLETE,,,,,,
287.0,-989.134880840113,2024-04-25 23:05:41.521154,2024-04-25 23:05:47.012891,0 days 00:00:05.491737,0.7000000000000001,520.0,790.0,2.0,COMPLETE,,,,,,
288.0,-989.1922405375312,2024-04-25 23:05:47.014892,2024-04-25 23:05:51.028214,0 days 00:00:04.013322,0.5,680.0,480.0,2.0,COMPLETE,,,,,,
289.0,-989.7179734581198,2024-04-25 23:05:51.029918,2024-04-25 23:05:58.169539,0 days 00:00:07.139621,0.7000000000000001,740.0,740.0,2.0,COMPLETE,,,,,,
290.0,-988.8146291957592,2024-04-25 23:05:58.171565,2024-04-25 23:06:05.786814,0 days 00:00:07.615249,0.7000000000000001,780.0,740.0,2.0,COMPLETE,,,,,,
291.0,-987.4241149696578,2024-04-25 23:06:05.788793,2024-04-25 23:06:12.907197,0 days 00:00:07.118404,0.7000000000000001,760.0,720.0,2.0,COMPLETE,,,,,,
292.0,-988.0473309703295,2024-04-25 23:06:12.908174,2024-04-25 23:06:20.264864,0 days 00:00:07.356690,0.7000000000000001,720.0,760.0,2.0,COMPLETE,,,,,,
293.0,-988.9723114211099,2024-04-25 23:06:20.265959,2024-04-25 23:06:27.425854,0 days 00:00:07.159895,0.7000000000000001,740.0,740.0,2.0,COMPLETE,,,,,,
294.0,-989.4190639991914,2024-04-25 23:06:27.426856,2024-04-25 23:06:34.993623,0 days 00:00:07.566767,0.7000000000000001,740.0,780.0,2.0,COMPLETE,,,,,,
295.0,-987.1899763517974,2024-04-25 23:06:34.995623,2024-04-25 23:06:41.378073,0 days 00:00:06.382450,0.8,700.0,680.0,2.0,COMPLETE,,,,,,
296.0,-988.9511036621749,2024-04-25 23:06:41.379076,2024-04-25 23:06:47.849691,0 days 00:00:06.470615,0.7000000000000001,700.0,700.0,2.0,COMPLETE,,,,,,
297.0,-988.6501634059703,2024-04-25 23:06:47.850692,2024-04-25 23:06:56.406050,0 days 00:00:08.555358,0.9,800.0,770.0,2.0,COMPLETE,,,,,,
298.0,-989.6670713544163,2024-04-25 23:06:56.408050,2024-04-25 23:07:01.715208,0 days 00:00:05.307158,1.0,480.0,800.0,2.0,COMPLETE,,,,,,
299.0,-987.6813275089276,2024-04-25 23:07:01.717217,2024-04-25 23:07:07.567432,0 days 00:00:05.850215,1.0,480.0,850.0,1.0,COMPLETE,,,,,,
300.0,-987.0744166637558,2024-04-25 23:07:07.568428,2024-04-25 23:07:12.365893,0 days 00:00:04.797465,1.0,420.0,820.0,2.0,COMPLETE,,,,,,
301.0,-988.4019234668494,2024-04-25 23:07:12.366889,2024-04-25 23:07:17.757776,0 days 00:00:05.390887,1.0,480.0,800.0,2.0,COMPLETE,,,,,,
302.0,-989.5199214720037,2024-04-25 23:07:17.758779,2024-04-25 23:07:24.372336,0 days 00:00:06.613557,1.0,640.0,750.0,2.0,COMPLETE,,,,,,
303.0,-983.7671697188882,2024-04-25 23:07:24.373338,2024-04-25 23:07:29.434537,0 days 00:00:05.061199,1.0,460.0,790.0,2.0,COMPLETE,,,,,,
304.0,-986.8162720746604,2024-04-25 23:07:29.435504,2024-04-25 23:07:36.958428,0 days 00:00:07.522924,0.7000000000000001,680.0,830.0,2.0,COMPLETE,,,,,,
305.0,-989.6297870419244,2024-04-25 23:07:36.959430,2024-04-25 23:07:41.461929,0 days 00:00:04.502499,1.0,440.0,730.0,2.0,COMPLETE,,,,,,
306.0,-984.8012360709113,2024-04-25 23:07:41.462929,2024-04-25 23:07:45.660056,0 days 00:00:04.197127,1.0,420.0,720.0,2.0,COMPLETE,,,,,,
307.0,-986.1155240116352,2024-04-25 23:07:45.661055,2024-04-25 23:07:49.842168,0 days 00:00:04.181113,1.0,400.0,750.0,2.0,COMPLETE,,,,,,
308.0,-989.2131453958823,2024-04-25 23:07:49.843189,2024-04-25 23:07:54.185756,0 days 00:00:04.342567,1.0,440.0,710.0,2.0,COMPLETE,,,,,,
309.0,-989.4497495759457,2024-04-25 23:07:54.186778,2024-04-25 23:08:01.696801,0 days 00:00:07.510023,1.0,740.0,730.0,2.0,COMPLETE,,,,,,
310.0,-989.200267336825,2024-04-25 23:08:01.697813,2024-04-25 23:08:08.745480,0 days 00:00:07.047667,1.0,660.0,780.0,2.0,COMPLETE,,,,,,
311.0,-981.8184748879312,2024-04-25 23:08:08.746480,2024-04-25 23:08:12.882913,0 days 00:00:04.136433,0.9,460.0,660.0,2.0,COMPLETE,,,,,,
312.0,-982.9450375702907,2024-04-25 23:08:12.883913,2024-04-25 23:08:17.101594,0 days 00:00:04.217681,1.0,440.0,690.0,2.0,COMPLETE,,,,,,
313.0,-930.082391737269,2024-04-25 23:08:17.103595,2024-04-25 23:08:17.352593,0 days 00:00:00.248998,0.7000000000000001,20.0,760.0,2.0,COMPLETE,,,,,,
314.0,-988.2780864386808,2024-04-25 23:08:17.354573,2024-04-25 23:08:24.035269,0 days 00:00:06.680696,0.7000000000000001,620.0,810.0,2.0,COMPLETE,,,,,,
315.0,-989.3480423256763,2024-04-25 23:08:24.037268,2024-04-25 23:08:31.750943,0 days 00:00:07.713675,0.7000000000000001,760.0,770.0,2.0,COMPLETE,,,,,,
316.0,-989.6754794675733,2024-04-25 23:08:31.751944,2024-04-25 23:08:38.884673,0 days 00:00:07.132729,0.9,720.0,730.0,2.0,COMPLETE,,,,,,
317.0,-986.126493110572,2024-04-25 23:08:38.885672,2024-04-25 23:08:45.891534,0 days 00:00:07.005862,0.8,720.0,730.0,2.0,COMPLETE,,,,,,
318.0,-989.4510402924357,2024-04-25 23:08:45.893514,2024-04-25 23:08:52.899518,0 days 00:00:07.006004,0.7000000000000001,720.0,740.0,2.0,COMPLETE,,,,,,
319.0,-986.025781496825,2024-04-25 23:08:52.900528,2024-04-25 23:08:59.546347,0 days 00:00:06.645819,0.9,700.0,700.0,2.0,COMPLETE,,,,,,
320.0,-986.8870757677531,2024-04-25 23:08:59.547346,2024-04-25 23:09:06.312001,0 days 00:00:06.764655,0.4,740.0,720.0,2.0,COMPLETE,,,,,,
321.0,-989.0223064306197,2024-04-25 23:09:06.313002,2024-04-25 23:09:14.133631,0 days 00:00:07.820629,0.8,780.0,750.0,2.0,COMPLETE,,,,,,
322.0,-988.9884880756006,2024-04-25 23:09:14.135630,2024-04-25 23:09:20.490445,0 days 00:00:06.354815,1.0,720.0,650.0,2.0,COMPLETE,,,,,,
323.0,-989.2578099878516,2024-04-25 23:09:20.492424,2024-04-25 23:09:27.553894,0 days 00:00:07.061470,0.7000000000000001,700.0,770.0,2.0,COMPLETE,,,,,,
324.0,-989.4046682785132,2024-04-25 23:09:27.554894,2024-04-25 23:09:31.739973,0 days 00:00:04.185079,0.7000000000000001,440.0,730.0,2.0,COMPLETE,,,,,,
325.0,-988.6708500973622,2024-04-25 23:09:31.740945,2024-04-25 23:09:38.195554,0 days 00:00:06.454609,0.2,760.0,690.0,2.0,COMPLETE,,,,,,
326.0,-985.4844808349321,2024-04-25 23:09:38.197555,2024-04-25 23:09:45.025801,0 days 00:00:06.828246,0.7000000000000001,680.0,760.0,2.0,COMPLETE,,,,,,
327.0,-986.9052358468632,2024-04-25 23:09:45.026801,2024-04-25 23:09:50.098423,0 days 00:00:05.071622,0.7000000000000001,480.0,790.0,2.0,COMPLETE,,,,,,
328.0,-988.515381772818,2024-04-25 23:09:50.100400,2024-04-25 23:09:56.034046,0 days 00:00:05.933646,0.8,600.0,740.0,2.0,COMPLETE,,,,,,
329.0,-988.3658781066027,2024-04-25 23:09:56.035045,2024-04-25 23:10:03.278202,0 days 00:00:07.243157,1.0,740.0,710.0,2.0,COMPLETE,,,,,,
330.0,-989.1228825537758,2024-04-25 23:10:03.280223,2024-04-25 23:10:07.541646,0 days 00:00:04.261423,0.9,400.0,780.0,2.0,COMPLETE,,,,,,
331.0,-988.9002834223722,2024-04-25 23:10:07.542621,2024-04-25 23:10:13.886520,0 days 00:00:06.343899,0.7000000000000001,720.0,670.0,2.0,COMPLETE,,,,,,
332.0,-987.6671964459739,2024-04-25 23:10:13.887517,2024-04-25 23:10:20.682232,0 days 00:00:06.794715,0.9,660.0,760.0,2.0,COMPLETE,,,,,,
333.0,-989.0716032869602,2024-04-25 23:10:20.683232,2024-04-25 23:10:26.057058,0 days 00:00:05.373826,0.7000000000000001,500.0,810.0,2.0,COMPLETE,,,,,,
334.0,-987.3193815789973,2024-04-25 23:10:26.059057,2024-04-25 23:10:32.899686,0 days 00:00:06.840629,0.7000000000000001,700.0,740.0,2.0,COMPLETE,,,,,,
335.0,-988.7314510638123,2024-04-25 23:10:32.900856,2024-04-25 23:10:37.463730,0 days 00:00:04.562874,0.7000000000000001,760.0,460.0,2.0,COMPLETE,,,,,,
336.0,-983.6054977272817,2024-04-25 23:10:37.464718,2024-04-25 23:10:41.178663,0 days 00:00:03.713945,0.4,620.0,490.0,2.0,COMPLETE,,,,,,
337.0,-982.5867604634966,2024-04-25 23:10:41.179664,2024-04-25 23:10:45.776554,0 days 00:00:04.596890,0.30000000000000004,460.0,790.0,1.0,COMPLETE,,,,,,
338.0,-988.2154583075734,2024-04-25 23:10:45.777555,2024-04-25 23:10:52.308687,0 days 00:00:06.531132,0.9,680.0,710.0,2.0,COMPLETE,,,,,,
339.0,-988.7055850681722,2024-04-25 23:10:52.309688,2024-04-25 23:11:00.084003,0 days 00:00:07.774315,1.0,740.0,760.0,2.0,COMPLETE,,,,,,
340.0,-989.4564249280058,2024-04-25 23:11:00.086006,2024-04-25 23:11:06.697120,0 days 00:00:06.611114,0.7000000000000001,580.0,850.0,2.0,COMPLETE,,,,,,
341.0,-989.6278299303206,2024-04-25 23:11:06.698118,2024-04-25 23:11:14.037394,0 days 00:00:07.339276,0.8,660.0,820.0,2.0,COMPLETE,,,,,,
342.0,-988.8458972943899,2024-04-25 23:11:14.038414,2024-04-25 23:11:22.319743,0 days 00:00:08.281329,0.8,680.0,880.0,2.0,COMPLETE,,,,,,
343.0,-983.0168388844893,2024-04-25 23:11:22.321719,2024-04-25 23:11:24.865049,0 days 00:00:02.543330,0.8,220.0,810.0,2.0,COMPLETE,,,,,,
344.0,-987.5289777328887,2024-04-25 23:11:24.866049,2024-04-25 23:11:28.501169,0 days 00:00:03.635120,0.1,700.0,440.0,2.0,COMPLETE,,,,,,
345.0,-987.8985889235188,2024-04-25 23:11:28.502194,2024-04-25 23:11:34.933854,0 days 00:00:06.431660,0.7000000000000001,660.0,730.0,2.0,COMPLETE,,,,,,
346.0,-986.5492535290443,2024-04-25 23:11:34.934873,2024-04-25 23:11:43.034223,0 days 00:00:08.099350,0.7000000000000001,720.0,840.0,2.0,COMPLETE,,,,,,
347.0,-986.0025959948817,2024-04-25 23:11:43.035245,2024-04-25 23:11:50.264774,0 days 00:00:07.229529,0.7000000000000001,660.0,820.0,2.0,COMPLETE,,,,,,
348.0,-989.2807838566014,2024-04-25 23:11:50.266752,2024-04-25 23:11:54.819916,0 days 00:00:04.553164,0.8,700.0,500.0,2.0,COMPLETE,,,,,,
349.0,-988.9400333552037,2024-04-25 23:11:54.820918,2024-04-25 23:12:01.710240,0 days 00:00:06.889322,0.7000000000000001,760.0,690.0,2.0,COMPLETE,,,,,,
350.0,-985.988336295974,2024-04-25 23:12:01.711240,2024-04-25 23:12:04.440291,0 days 00:00:02.729051,1.0,480.0,420.0,2.0,COMPLETE,,,,,,
351.0,-988.2741320324458,2024-04-25 23:12:04.441312,2024-04-25 23:12:09.230241,0 days 00:00:04.788929,0.7000000000000001,780.0,470.0,2.0,COMPLETE,,,,,,
352.0,-989.0250872727737,2024-04-25 23:12:09.231243,2024-04-25 23:12:16.715215,0 days 00:00:07.483972,0.8,740.0,750.0,2.0,COMPLETE,,,,,,
353.0,-963.960582869661,2024-04-25 23:12:16.717248,2024-04-25 23:12:17.917936,0 days 00:00:01.200688,0.7000000000000001,500.0,180.0,2.0,COMPLETE,,,,,,
354.0,-987.2863331564913,2024-04-25 23:12:17.919936,2024-04-25 23:12:25.554225,0 days 00:00:07.634289,0.7000000000000001,720.0,790.0,2.0,COMPLETE,,,,,,
355.0,-989.5105226459007,2024-04-25 23:12:25.556205,2024-04-25 23:12:33.269479,0 days 00:00:07.713274,0.8,680.0,830.0,2.0,COMPLETE,,,,,,
356.0,-987.7492219182764,2024-04-25 23:12:33.270480,2024-04-25 23:12:36.682418,0 days 00:00:03.411938,0.7000000000000001,360.0,710.0,2.0,COMPLETE,,,,,,
357.0,-986.5509424532986,2024-04-25 23:12:36.684426,2024-04-25 23:12:42.343973,0 days 00:00:05.659547,1.0,640.0,640.0,2.0,COMPLETE,,,,,,
358.0,-988.6829422399016,2024-04-25 23:12:42.345973,2024-04-25 23:12:47.640938,0 days 00:00:05.294965,0.7000000000000001,540.0,730.0,2.0,COMPLETE,,,,,,
359.0,-987.9770020274752,2024-04-25 23:12:47.641940,2024-04-25 23:12:52.444182,0 days 00:00:04.802242,1.0,440.0,770.0,2.0,COMPLETE,,,,,,
360.0,-982.2142965660249,2024-04-25 23:12:52.446180,2024-04-25 23:13:01.057987,0 days 00:00:08.611807,0.7000000000000001,800.0,800.0,2.0,COMPLETE,,,,,,
361.0,-986.8478453494379,2024-04-25 23:13:01.058988,2024-04-25 23:13:07.102890,0 days 00:00:06.043902,0.7000000000000001,600.0,750.0,2.0,COMPLETE,,,,,,
362.0,-989.3010404098736,2024-04-25 23:13:07.103911,2024-04-25 23:13:14.856076,0 days 00:00:07.752165,0.7000000000000001,680.0,860.0,2.0,COMPLETE,,,,,,
363.0,-987.847555351927,2024-04-25 23:13:14.857076,2024-04-25 23:13:21.993971,0 days 00:00:07.136895,0.5,700.0,780.0,2.0,COMPLETE,,,,,,
364.0,-986.1025000676723,2024-04-25 23:13:21.994972,2024-04-25 23:13:27.170088,0 days 00:00:05.175116,0.8,540.0,720.0,2.0,COMPLETE,,,,,,
365.0,-986.8537074920791,2024-04-25 23:13:27.171111,2024-04-25 23:13:30.574388,0 days 00:00:03.403277,0.6,520.0,510.0,2.0,COMPLETE,,,,,,
366.0,-989.5135742632608,2024-04-25 23:13:30.575387,2024-04-25 23:13:34.911565,0 days 00:00:04.336178,0.7000000000000001,560.0,590.0,2.0,COMPLETE,,,,,,
367.0,-985.6343980497068,2024-04-25 23:13:34.913570,2024-04-25 23:13:39.766245,0 days 00:00:04.852675,1.0,420.0,820.0,2.0,COMPLETE,,,,,,
368.0,-988.4130879902721,2024-04-25 23:13:39.768263,2024-04-25 23:13:43.854505,0 days 00:00:04.086242,0.7000000000000001,460.0,680.0,2.0,COMPLETE,,,,,,
369.0,-989.137209475895,2024-04-25 23:13:43.855504,2024-04-25 23:13:50.664878,0 days 00:00:06.809374,0.7000000000000001,660.0,770.0,2.0,COMPLETE,,,,,,
370.0,-978.9163285647106,2024-04-25 23:13:50.666878,2024-04-25 23:13:50.813876,0 days 00:00:00.146998,0.4,720.0,10.0,2.0,COMPLETE,,,,,,
371.0,-989.1241553507541,2024-04-25 23:13:50.814877,2024-04-25 23:13:54.779221,0 days 00:00:03.964344,0.6,640.0,490.0,2.0,COMPLETE,,,,,,
372.0,-978.2109447719674,2024-04-25 23:13:54.780221,2024-04-25 23:13:58.231485,0 days 00:00:03.451264,0.7000000000000001,580.0,460.0,2.0,COMPLETE,,,,,,
373.0,-989.5777929212654,2024-04-25 23:13:58.232460,2024-04-25 23:14:05.620585,0 days 00:00:07.388125,0.8,740.0,750.0,2.0,COMPLETE,,,,,,
374.0,-987.4728477506895,2024-04-25 23:14:05.622586,2024-04-25 23:14:08.188962,0 days 00:00:02.566376,0.7000000000000001,500.0,390.0,2.0,COMPLETE,,,,,,
375.0,-989.027129247019,2024-04-25 23:14:08.190962,2024-04-25 23:14:15.126753,0 days 00:00:06.935791,1.0,620.0,800.0,2.0,COMPLETE,,,,,,
376.0,-982.3260988813934,2024-04-25 23:14:15.127791,2024-04-25 23:14:21.449294,0 days 00:00:06.321503,0.9,700.0,660.0,1.0,COMPLETE,,,,,,
377.0,-987.6706952155484,2024-04-25 23:14:21.450315,2024-04-25 23:14:26.669153,0 days 00:00:05.218838,0.7000000000000001,760.0,530.0,2.0,COMPLETE,,,,,,
378.0,-989.643549868505,2024-04-25 23:14:26.671175,2024-04-25 23:14:32.190280,0 days 00:00:05.519105,0.8,660.0,620.0,2.0,COMPLETE,,,,,,
379.0,-988.4118433984506,2024-04-25 23:14:32.191282,2024-04-25 23:14:37.429010,0 days 00:00:05.237728,0.8,660.0,600.0,2.0,COMPLETE,,,,,,
380.0,-987.7696037352,2024-04-25 23:14:37.430011,2024-04-25 23:14:43.146088,0 days 00:00:05.716077,0.8,680.0,620.0,2.0,COMPLETE,,,,,,
381.0,-986.1783510329212,2024-04-25 23:14:43.148088,2024-04-25 23:14:48.889612,0 days 00:00:05.741524,0.8,660.0,650.0,2.0,COMPLETE,,,,,,
382.0,-988.8515389010648,2024-04-25 23:14:48.891614,2024-04-25 23:14:54.736526,0 days 00:00:05.844912,0.8,700.0,630.0,2.0,COMPLETE,,,,,,
383.0,-989.6425753626413,2024-04-25 23:14:54.738549,2024-04-25 23:14:59.908070,0 days 00:00:05.169521,0.8,640.0,610.0,2.0,COMPLETE,,,,,,
384.0,-989.4912727118756,2024-04-25 23:14:59.909071,2024-04-25 23:15:04.949162,0 days 00:00:05.040091,0.8,620.0,610.0,2.0,COMPLETE,,,,,,
385.0,-989.5365923242744,2024-04-25 23:15:04.951136,2024-04-25 23:15:10.287236,0 days 00:00:05.336100,0.8,640.0,630.0,2.0,COMPLETE,,,,,,
386.0,-989.3634956808871,2024-04-25 23:15:10.288215,2024-04-25 23:15:15.020468,0 days 00:00:04.732253,0.8,620.0,580.0,2.0,COMPLETE,,,,,,
387.0,-989.015600234763,2024-04-25 23:15:15.021624,2024-04-25 23:15:20.033789,0 days 00:00:05.012165,0.8,640.0,590.0,2.0,COMPLETE,,,,,,
388.0,-976.37035584664,2024-04-25 23:15:20.034765,2024-04-25 23:15:24.767805,0 days 00:00:04.733040,0.8,640.0,570.0,2.0,COMPLETE,,,,,,
389.0,-989.4220428181034,2024-04-25 23:15:24.769804,2024-04-25 23:15:32.316692,0 days 00:00:07.546888,0.9,600.0,910.0,2.0,COMPLETE,,,,,,
390.0,-983.1653198266156,2024-04-25 23:15:32.317693,2024-04-25 23:15:37.637163,0 days 00:00:05.319470,0.8,660.0,610.0,2.0,COMPLETE,,,,,,
391.0,-988.0143561266595,2024-04-25 23:15:37.638161,2024-04-25 23:15:42.766335,0 days 00:00:05.128174,0.9,600.0,630.0,2.0,COMPLETE,,,,,,
392.0,-988.735730854998,2024-04-25 23:15:42.767957,2024-04-25 23:15:51.471981,0 days 00:00:08.704024,0.8,980.0,670.0,2.0,COMPLETE,,,,,,
393.0,-985.1345188526489,2024-04-25 23:15:51.472982,2024-04-25 23:15:56.477328,0 days 00:00:05.004346,0.8,440.0,840.0,2.0,COMPLETE,,,,,,
394.0,-986.1682693346363,2024-04-25 23:15:56.478327,2024-04-25 23:16:03.990438,0 days 00:00:07.512111,1.0,780.0,710.0,2.0,COMPLETE,,,,,,
395.0,-987.9778123917688,2024-04-25 23:16:03.991461,2024-04-25 23:16:10.448226,0 days 00:00:06.456765,0.8,660.0,730.0,2.0,COMPLETE,,,,,,
396.0,-986.2272983211899,2024-04-25 23:16:10.449200,2024-04-25 23:16:17.069908,0 days 00:00:06.620708,1.0,620.0,770.0,2.0,COMPLETE,,,,,,
397.0,-988.7550947924544,2024-04-25 23:16:17.070930,2024-04-25 23:16:23.067525,0 days 00:00:05.996595,0.4,680.0,700.0,2.0,COMPLETE,,,,,,
398.0,-982.9777583887937,2024-04-25 23:16:23.068545,2024-04-25 23:16:28.127725,0 days 00:00:05.059180,0.30000000000000004,640.0,640.0,2.0,COMPLETE,,,,,,
399.0,-987.2960129680794,2024-04-25 23:16:28.128728,2024-04-25 23:16:33.814397,0 days 00:00:05.685669,0.8,720.0,600.0,2.0,COMPLETE,,,,,,
400.0,-984.6042065073552,2024-04-25 23:16:33.816373,2024-04-25 23:16:39.017028,0 days 00:00:05.200655,0.9,480.0,790.0,2.0,COMPLETE,,,,,,
401.0,-989.542759049039,2024-04-25 23:16:39.018052,2024-04-25 23:16:43.540306,0 days 00:00:04.522254,0.7000000000000001,460.0,740.0,2.0,COMPLETE,,,,,,
402.0,-989.6130936319053,2024-04-25 23:16:43.541304,2024-04-25 23:16:51.991649,0 days 00:00:08.450345,1.0,740.0,820.0,2.0,COMPLETE,,,,,,
403.0,-988.8161308019776,2024-04-25 23:16:51.992626,2024-04-25 23:17:00.836588,0 days 00:00:08.843962,1.0,740.0,860.0,2.0,COMPLETE,,,,,,
404.0,-988.5374236795606,2024-04-25 23:17:00.838589,2024-04-25 23:17:09.896206,0 days 00:00:09.057617,1.0,780.0,830.0,2.0,COMPLETE,,,,,,
405.0,-988.9025537072441,2024-04-25 23:17:09.898206,2024-04-25 23:17:18.245823,0 days 00:00:08.347617,1.0,740.0,810.0,2.0,COMPLETE,,,,,,
406.0,-988.3263615375008,2024-04-25 23:17:18.246818,2024-04-25 23:17:24.130675,0 days 00:00:05.883857,1.0,760.0,570.0,2.0,COMPLETE,,,,,,
407.0,-987.7204869980358,2024-04-25 23:17:24.131680,2024-04-25 23:17:32.332341,0 days 00:00:08.200661,1.0,720.0,820.0,2.0,COMPLETE,,,,,,
408.0,-984.5792151511725,2024-04-25 23:17:32.334321,2024-04-25 23:17:38.711498,0 days 00:00:06.377177,1.0,680.0,680.0,2.0,COMPLETE,,,,,,
409.0,-984.187005336418,2024-04-25 23:17:38.712498,2024-04-25 23:17:46.111312,0 days 00:00:07.398814,1.0,820.0,660.0,2.0,COMPLETE,,,,,,
410.0,-989.2275051075354,2024-04-25 23:17:46.112313,2024-04-25 23:17:54.362712,0 days 00:00:08.250399,0.9,760.0,800.0,2.0,COMPLETE,,,,,,
411.0,-987.7014139950327,2024-04-25 23:17:54.363712,2024-04-25 23:18:02.233233,0 days 00:00:07.869521,0.5,720.0,840.0,2.0,COMPLETE,,,,,,
412.0,-986.2527484179994,2024-04-25 23:18:02.235212,2024-04-25 23:18:09.289069,0 days 00:00:07.053857,1.0,680.0,760.0,2.0,COMPLETE,,,,,,
413.0,-989.4440505102656,2024-04-25 23:18:09.290072,2024-04-25 23:18:18.715447,0 days 00:00:09.425375,0.4,740.0,980.0,2.0,COMPLETE,,,,,,
414.0,-984.0669995178082,2024-04-25 23:18:18.717447,2024-04-25 23:18:22.044823,0 days 00:00:03.327376,0.9,400.0,620.0,2.0,COMPLETE,,,,,,
415.0,-985.182889237303,2024-04-25 23:18:22.045821,2024-04-25 23:18:27.213003,0 days 00:00:05.167182,0.8,660.0,590.0,2.0,COMPLETE,,,,,,
416.0,-989.3030950835453,2024-04-25 23:18:27.215023,2024-04-25 23:18:32.401474,0 days 00:00:05.186451,1.0,700.0,550.0,2.0,COMPLETE,,,,,,
417.0,-986.9991117460545,2024-04-25 23:18:32.402461,2024-04-25 23:18:40.032533,0 days 00:00:07.630072,0.9,620.0,880.0,1.0,COMPLETE,,,,,,
418.0,-987.4642959684079,2024-04-25 23:18:40.033512,2024-04-25 23:18:46.530269,0 days 00:00:06.496757,0.5,700.0,720.0,2.0,COMPLETE,,,,,,
419.0,-987.2237721772508,2024-04-25 23:18:46.531269,2024-04-25 23:18:53.366019,0 days 00:00:06.834750,0.8,640.0,780.0,2.0,COMPLETE,,,,,,
420.0,-989.1610492147848,2024-04-25 23:18:53.367022,2024-04-25 23:18:59.410200,0 days 00:00:06.043178,0.8,600.0,750.0,2.0,COMPLETE,,,,,,
421.0,-987.8009863806046,2024-04-25 23:18:59.411180,2024-04-25 23:19:06.214659,0 days 00:00:06.803479,1.0,720.0,700.0,2.0,COMPLETE,,,,,,
422.0,-989.3163324943907,2024-04-25 23:19:06.216661,2024-04-25 23:19:14.238753,0 days 00:00:08.022092,0.7000000000000001,760.0,790.0,2.0,COMPLETE,,,,,,
423.0,-988.2682769995233,2024-04-25 23:19:14.239755,2024-04-25 23:19:22.982722,0 days 00:00:08.742967,0.7000000000000001,800.0,820.0,2.0,COMPLETE,,,,,,
424.0,-989.3911209618565,2024-04-25 23:19:22.984724,2024-04-25 23:19:30.659511,0 days 00:00:07.674787,0.8,740.0,770.0,2.0,COMPLETE,,,,,,
425.0,-985.6010935026966,2024-04-25 23:19:30.661510,2024-04-25 23:19:34.945630,0 days 00:00:04.284120,0.9,420.0,740.0,2.0,COMPLETE,,,,,,
426.0,-988.9661627025746,2024-04-25 23:19:34.946605,2024-04-25 23:19:42.486315,0 days 00:00:07.539710,1.0,680.0,800.0,2.0,COMPLETE,,,,,,
427.0,-989.2502807572316,2024-04-25 23:19:42.488323,2024-04-25 23:19:47.956365,0 days 00:00:05.468042,0.7000000000000001,640.0,650.0,2.0,COMPLETE,,,,,,
428.0,-988.893505932239,2024-04-25 23:19:47.958367,2024-04-25 23:19:53.502382,0 days 00:00:05.544015,0.7000000000000001,580.0,720.0,2.0,COMPLETE,,,,,,
429.0,-989.0856659976102,2024-04-25 23:19:53.503403,2024-04-25 23:19:58.761976,0 days 00:00:05.258573,0.5,600.0,690.0,2.0,COMPLETE,,,,,,
430.0,-979.4367142727363,2024-04-25 23:19:58.762975,2024-04-25 23:20:01.782542,0 days 00:00:03.019567,0.9,720.0,320.0,2.0,COMPLETE,,,,,,
431.0,-988.3121904530967,2024-04-25 23:20:01.784521,2024-04-25 23:20:08.477279,0 days 00:00:06.692758,0.8,660.0,750.0,2.0,COMPLETE,,,,,,
432.0,-983.0337665424618,2024-04-25 23:20:08.478257,2024-04-25 23:20:09.482506,0 days 00:00:01.004249,1.0,80.0,840.0,2.0,COMPLETE,,,,,,
433.0,-988.4081991150856,2024-04-25 23:20:09.483508,2024-04-25 23:20:15.498333,0 days 00:00:06.014825,0.7000000000000001,780.0,600.0,2.0,COMPLETE,,,,,,
434.0,-989.3041521944133,2024-04-25 23:20:15.499333,2024-04-25 23:20:20.001169,0 days 00:00:04.501836,0.4,460.0,770.0,2.0,COMPLETE,,,,,,
435.0,-986.790714900656,2024-04-25 23:20:20.002169,2024-04-25 23:20:26.783430,0 days 00:00:06.781261,0.8,620.0,810.0,2.0,COMPLETE,,,,,,
436.0,-988.5767252172247,2024-04-25 23:20:26.784430,2024-04-25 23:20:32.352071,0 days 00:00:05.567641,0.7000000000000001,680.0,620.0,2.0,COMPLETE,,,,,,
437.0,-989.6123395277912,2024-04-25 23:20:32.353072,2024-04-25 23:20:37.535228,0 days 00:00:05.182156,0.7000000000000001,700.0,560.0,2.0,COMPLETE,,,,,,
438.0,-989.7280097111973,2024-04-25 23:20:37.537228,2024-04-25 23:20:43.414731,0 days 00:00:05.877503,1.0,740.0,580.0,2.0,COMPLETE,,,,,,
439.0,-986.1990335387407,2024-04-25 23:20:43.415706,2024-04-25 23:20:48.159355,0 days 00:00:04.743649,0.8,660.0,550.0,2.0,COMPLETE,,,,,,
440.0,-982.0995856347515,2024-04-25 23:20:48.160334,2024-04-25 23:20:53.402469,0 days 00:00:05.242135,0.5,700.0,590.0,2.0,COMPLETE,,,,,,
441.0,-989.678839496725,2024-04-25 23:20:53.403490,2024-04-25 23:20:58.191595,0 days 00:00:04.788105,0.7000000000000001,640.0,570.0,2.0,COMPLETE,,,,,,
442.0,-989.0590230974157,2024-04-25 23:20:58.193321,2024-04-25 23:21:01.552836,0 days 00:00:03.359515,0.7000000000000001,440.0,580.0,2.0,COMPLETE,,,,,,
443.0,-989.4781961514354,2024-04-25 23:21:01.553838,2024-04-25 23:21:04.981453,0 days 00:00:03.427615,0.7000000000000001,480.0,540.0,2.0,COMPLETE,,,,,,
444.0,-988.8863468875754,2024-04-25 23:21:04.982456,2024-04-25 23:21:09.248235,0 days 00:00:04.265779,0.7000000000000001,580.0,570.0,2.0,COMPLETE,,,,,,
445.0,-982.7893981249606,2024-04-25 23:21:09.250211,2024-04-25 23:21:14.920685,0 days 00:00:05.670474,0.7000000000000001,760.0,580.0,2.0,COMPLETE,,,,,,
446.0,-988.4781699567907,2024-04-25 23:21:14.921687,2024-04-25 23:21:19.977172,0 days 00:00:05.055485,0.7000000000000001,620.0,610.0,2.0,COMPLETE,,,,,,
447.0,-988.9449129739052,2024-04-25 23:21:19.978167,2024-04-25 23:21:25.264263,0 days 00:00:05.286096,0.7000000000000001,720.0,560.0,2.0,COMPLETE,,,,,,
448.0,-985.4247330677133,2024-04-25 23:21:25.265237,2024-04-25 23:21:25.878260,0 days 00:00:00.613023,0.6,640.0,70.0,2.0,COMPLETE,,,,,,
449.0,-983.9290855510471,2024-04-25 23:21:25.879261,2024-04-25 23:21:31.232104,0 days 00:00:05.352843,0.7000000000000001,680.0,600.0,2.0,COMPLETE,,,,,,
450.0,-988.9686322475245,2024-04-25 23:21:31.233087,2024-04-25 23:21:37.361309,0 days 00:00:06.128222,0.7000000000000001,740.0,620.0,2.0,COMPLETE,,,,,,
451.0,-987.1126337462182,2024-04-25 23:21:37.362310,2024-04-25 23:21:41.609839,0 days 00:00:04.247529,0.2,660.0,540.0,2.0,COMPLETE,,,,,,
452.0,-989.6620459102835,2024-04-25 23:21:41.611863,2024-04-25 23:21:46.918236,0 days 00:00:05.306373,0.7000000000000001,720.0,570.0,2.0,COMPLETE,,,,,,
453.0,-989.6615611244818,2024-04-25 23:21:46.919237,2024-04-25 23:21:52.445510,0 days 00:00:05.526273,0.7000000000000001,720.0,580.0,2.0,COMPLETE,,,,,,
454.0,-987.3798836667115,2024-04-25 23:21:52.446515,2024-04-25 23:21:57.701285,0 days 00:00:05.254770,0.7000000000000001,720.0,560.0,2.0,COMPLETE,,,,,,
455.0,-987.8468788602261,2024-04-25 23:21:57.703263,2024-04-25 23:22:03.320599,0 days 00:00:05.617336,0.7000000000000001,740.0,590.0,2.0,COMPLETE,,,,,,
456.0,-982.784654422911,2024-04-25 23:22:03.322599,2024-04-25 23:22:08.383617,0 days 00:00:05.061018,0.7000000000000001,740.0,520.0,1.0,COMPLETE,,,,,,
457.0,-989.4785391454877,2024-04-25 23:22:08.384622,2024-04-25 23:22:13.742802,0 days 00:00:05.358180,0.7000000000000001,720.0,580.0,2.0,COMPLETE,,,,,,
458.0,-989.1686704279953,2024-04-25 23:22:13.744801,2024-04-25 23:22:20.193722,0 days 00:00:06.448921,0.7000000000000001,900.0,560.0,2.0,COMPLETE,,,,,,
459.0,-989.7202927007838,2024-04-25 23:22:20.194698,2024-04-25 23:22:25.520607,0 days 00:00:05.325909,0.7000000000000001,700.0,580.0,2.0,COMPLETE,,,,,,
460.0,-989.582818674492,2024-04-25 23:22:25.521609,2024-04-25 23:22:30.428051,0 days 00:00:04.906442,0.7000000000000001,700.0,540.0,2.0,COMPLETE,,,,,,
461.0,-989.1753380796039,2024-04-25 23:22:30.429052,2024-04-25 23:22:36.177739,0 days 00:00:05.748687,0.7000000000000001,760.0,580.0,2.0,COMPLETE,,,,,,
462.0,-984.7063269694794,2024-04-25 23:22:36.178742,2024-04-25 23:22:41.611440,0 days 00:00:05.432698,0.7000000000000001,700.0,600.0,2.0,COMPLETE,,,,,,
463.0,-984.583742628793,2024-04-25 23:22:41.612442,2024-04-25 23:22:47.034670,0 days 00:00:05.422228,0.7000000000000001,720.0,580.0,2.0,COMPLETE,,,,,,
464.0,-986.3727145390915,2024-04-25 23:22:47.035695,2024-04-25 23:22:52.723527,0 days 00:00:05.687832,0.7000000000000001,780.0,560.0,2.0,COMPLETE,,,,,,
465.0,-984.0557329768742,2024-04-25 23:22:52.725531,2024-04-25 23:22:58.773902,0 days 00:00:06.048371,0.7000000000000001,720.0,630.0,2.0,COMPLETE,,,,,,
466.0,-988.6922903920547,2024-04-25 23:22:58.774879,2024-04-25 23:23:04.358198,0 days 00:00:05.583319,0.7000000000000001,700.0,610.0,2.0,COMPLETE,,,,,,
467.0,-982.9131342985174,2024-04-25 23:23:04.359178,2024-04-25 23:23:06.608745,0 days 00:00:02.249567,0.7000000000000001,300.0,570.0,2.0,COMPLETE,,,,,,
468.0,-985.0302120235192,2024-04-25 23:23:06.610746,2024-04-25 23:23:11.728490,0 days 00:00:05.117744,0.7000000000000001,740.0,530.0,2.0,COMPLETE,,,,,,
469.0,-989.3805541918582,2024-04-25 23:23:11.729493,2024-04-25 23:23:17.398633,0 days 00:00:05.669140,0.7000000000000001,700.0,610.0,2.0,COMPLETE,,,,,,
470.0,-983.7512771101711,2024-04-25 23:23:17.400634,2024-04-25 23:23:23.096728,0 days 00:00:05.696094,0.5,760.0,590.0,2.0,COMPLETE,,,,,,
471.0,-985.212235616792,2024-04-25 23:23:23.097728,2024-04-25 23:23:29.349056,0 days 00:00:06.251328,0.7000000000000001,720.0,650.0,2.0,COMPLETE,,,,,,
472.0,-987.4652510556273,2024-04-25 23:23:29.351055,2024-04-25 23:23:34.636694,0 days 00:00:05.285639,0.7000000000000001,740.0,550.0,2.0,COMPLETE,,,,,,
473.0,-988.3561188662102,2024-04-25 23:23:34.637794,2024-04-25 23:23:40.404187,0 days 00:00:05.766393,0.7000000000000001,780.0,570.0,2.0,COMPLETE,,,,,,
474.0,-982.7572835502714,2024-04-25 23:23:40.405180,2024-04-25 23:23:46.035087,0 days 00:00:05.629907,0.7000000000000001,680.0,630.0,2.0,COMPLETE,,,,,,
475.0,-988.5637849122738,2024-04-25 23:23:46.036066,2024-04-25 23:23:50.745287,0 days 00:00:04.709221,0.5,700.0,530.0,2.0,COMPLETE,,,,,,
476.0,-989.2742093881266,2024-04-25 23:23:50.746270,2024-04-25 23:23:56.157061,0 days 00:00:05.410791,0.6,740.0,570.0,2.0,COMPLETE,,,,,,
477.0,-988.3900338224987,2024-04-25 23:23:56.158039,2024-04-25 23:24:01.377413,0 days 00:00:05.219374,0.7000000000000001,680.0,590.0,2.0,COMPLETE,,,,,,
478.0,-989.5948787219895,2024-04-25 23:24:01.379406,2024-04-25 23:24:07.039465,0 days 00:00:05.660059,0.7000000000000001,720.0,600.0,2.0,COMPLETE,,,,,,
479.0,-989.1041657236813,2024-04-25 23:24:07.040464,2024-04-25 23:24:13.301634,0 days 00:00:06.261170,0.7000000000000001,760.0,640.0,2.0,COMPLETE,,,,,,
480.0,-987.5336193390815,2024-04-25 23:24:13.303610,2024-04-25 23:24:19.861960,0 days 00:00:06.558350,0.7000000000000001,820.0,610.0,2.0,COMPLETE,,,,,,
481.0,-989.3417220491369,2024-04-25 23:24:19.862961,2024-04-25 23:24:24.599650,0 days 00:00:04.736689,0.6,680.0,540.0,2.0,COMPLETE,,,,,,
482.0,-989.4164137858464,2024-04-25 23:24:24.601675,2024-04-25 23:24:29.360378,0 days 00:00:04.758703,0.7000000000000001,720.0,510.0,2.0,COMPLETE,,,,,,
483.0,-987.4522233282289,2024-04-25 23:24:29.361378,2024-04-25 23:24:35.471361,0 days 00:00:06.109983,0.7000000000000001,860.0,550.0,2.0,COMPLETE,,,,,,
484.0,-989.4269705910388,2024-04-25 23:24:35.473362,2024-04-25 23:24:40.663121,0 days 00:00:05.189759,0.5,700.0,580.0,2.0,COMPLETE,,,,,,
485.0,-989.5231472666906,2024-04-25 23:24:40.664123,2024-04-25 23:24:46.821051,0 days 00:00:06.156928,0.7000000000000001,760.0,620.0,2.0,COMPLETE,,,,,,
486.0,-989.5603984597881,2024-04-25 23:24:46.822052,2024-04-25 23:24:53.224970,0 days 00:00:06.402918,0.7000000000000001,740.0,670.0,2.0,COMPLETE,,,,,,
487.0,-986.8996389612087,2024-04-25 23:24:53.225970,2024-04-25 23:24:57.075614,0 days 00:00:03.849644,0.6,500.0,590.0,2.0,COMPLETE,,,,,,
488.0,-985.7329316816401,2024-04-25 23:24:57.076614,2024-04-25 23:25:01.164060,0 days 00:00:04.087446,0.7000000000000001,560.0,560.0,2.0,COMPLETE,,,,,,
489.0,-989.3340783676346,2024-04-25 23:25:01.165038,2024-04-25 23:25:07.281022,0 days 00:00:06.115984,0.7000000000000001,780.0,600.0,2.0,COMPLETE,,,,,,
490.0,-983.9491403105928,2024-04-25 23:25:07.282022,2024-04-25 23:25:13.229920,0 days 00:00:05.947898,0.7000000000000001,700.0,640.0,2.0,COMPLETE,,,,,,
491.0,-976.6758789711819,2024-04-25 23:25:13.230901,2024-04-25 23:25:18.357485,0 days 00:00:05.126584,0.7000000000000001,680.0,580.0,2.0,COMPLETE,,,,,,
492.0,-989.2429231924805,2024-04-25 23:25:18.359507,2024-04-25 23:25:22.063187,0 days 00:00:03.703680,0.5,520.0,560.0,2.0,COMPLETE,,,,,,
493.0,-988.6595010090667,2024-04-25 23:25:22.064188,2024-04-25 23:25:27.925711,0 days 00:00:05.861523,0.7000000000000001,720.0,620.0,2.0,COMPLETE,,,,,,
494.0,-989.4390129304518,2024-04-25 23:25:27.926711,2024-04-25 23:25:33.346033,0 days 00:00:05.419322,0.7000000000000001,800.0,520.0,1.0,COMPLETE,,,,,,
495.0,-984.4812139631666,2024-04-25 23:25:33.348054,2024-04-25 23:25:39.270658,0 days 00:00:05.922604,0.6,660.0,690.0,2.0,COMPLETE,,,,,,
496.0,-988.5889457460324,2024-04-25 23:25:39.271683,2024-04-25 23:25:45.678466,0 days 00:00:06.406783,0.7000000000000001,740.0,660.0,2.0,COMPLETE,,,,,,
497.0,-989.2348056682565,2024-04-25 23:25:45.679466,2024-04-25 23:25:50.759626,0 days 00:00:05.080160,0.8,700.0,540.0,2.0,COMPLETE,,,,,,
498.0,-988.680640966167,2024-04-25 23:25:50.760624,2024-04-25 23:25:56.371176,0 days 00:00:05.610552,0.7000000000000001,720.0,600.0,2.0,COMPLETE,,,,,,
499.0,-988.5131357149774,2024-04-25 23:25:56.372155,2024-04-25 23:26:01.333337,0 days 00:00:04.961182,0.7000000000000001,760.0,510.0,2.0,COMPLETE,,,,,,
,,,,,,,,,,580.0,5.0,740.0,2.0,-989.7280097111973,best_result
