number,value,datetime_start,datetime_complete,duration,params_alpha,params_initial_temperature,params_mutation_ratio,params_no_generations,params_population_size,params_var,state,population_size,no_generations,mutation_ratio,var,initial_temperature,alpha,best_value,record_type
0.0,0.009914211522739844,2024-04-26 04:10:27.214395,2024-04-26 04:10:27.734047,0 days 00:00:00.519652,0.20512306627944865,181.0,0.21650597562174623,291.0,286.0,2.0,COMPLETE,,,,,,,,
1.0,0.0005903134082286209,2024-04-26 04:10:27.735048,2024-04-26 04:10:28.606065,0 days 00:00:00.871017,0.8125306872124859,971.0,0.3314687050193085,559.0,248.0,2.0,COMPLETE,,,,,,,,
2.0,0.0004073485485564752,2024-04-26 04:10:28.607065,2024-04-26 04:10:29.241757,0 days 00:00:00.634692,0.7749597421572306,742.0,0.55553632768994,252.0,359.0,2.0,COMPLETE,,,,,,,,
3.0,0.005017857971832323,2024-04-26 04:10:29.242757,2024-04-26 04:10:29.793696,0 days 00:00:00.550939,0.8492737375255691,400.0,0.814290111494293,571.0,131.0,1.0,COMPLETE,,,,,,,,
4.0,2.4252888520922864e-05,2024-04-26 04:10:29.795693,2024-04-26 04:10:30.899716,0 days 00:00:01.104023,0.7085736064945464,801.0,0.49406581865032617,501.0,328.0,2.0,COMPLETE,,,,,,,,
5.0,0.0008372553108893004,2024-04-26 04:10:30.900691,2024-04-26 04:10:31.509070,0 days 00:00:00.608379,0.37717335353305825,354.0,0.7424251792270314,430.0,191.0,1.0,COMPLETE,,,,,,,,
6.0,0.001219239471789639,2024-04-26 04:10:31.510092,2024-04-26 04:10:32.333301,0 days 00:00:00.823209,0.2395054330015813,786.0,0.46145573263809536,374.0,331.0,2.0,COMPLETE,,,,,,,,
7.0,0.0012670995568773544,2024-04-26 04:10:32.335303,2024-04-26 04:10:33.356351,0 days 00:00:01.021048,0.15934534493258357,891.0,0.5198790837657244,378.0,394.0,2.0,COMPLETE,,,,,,,,
8.0,0.0007273158793812721,2024-04-26 04:10:33.357368,2024-04-26 04:10:33.943603,0 days 00:00:00.586235,0.2537143029538511,420.0,0.24306761493761242,533.0,173.0,1.0,COMPLETE,,,,,,,,
9.0,1.904586402753371e-05,2024-04-26 04:10:33.944588,2024-04-26 04:10:35.539862,0 days 00:00:01.595274,0.568472827349653,605.0,0.8544211213766831,430.0,489.0,2.0,COMPLETE,,,,,,,,
10.0,0.0002917495011085546,2024-04-26 04:10:35.540837,2024-04-26 04:10:37.245692,0 days 00:00:01.704855,0.5914153374908795,600.0,0.7007224197373558,446.0,497.0,1.0,COMPLETE,,,,,,,,
11.0,0.00047061790157641465,2024-04-26 04:10:37.246693,2024-04-26 04:10:39.141543,0 days 00:00:01.894850,0.6041254826719163,647.0,0.8844829666386964,495.0,493.0,2.0,COMPLETE,,,,,,,,
12.0,0.000108197508977529,2024-04-26 04:10:39.143520,2024-04-26 04:10:40.605745,0 days 00:00:01.462225,0.6641035921055727,787.0,0.6322122855348153,481.0,418.0,2.0,COMPLETE,,,,,,,,
13.0,0.0006597252383581614,2024-04-26 04:10:40.606744,2024-04-26 04:10:41.595744,0 days 00:00:00.989000,0.42674518455894617,589.0,0.3993249722016699,327.0,439.0,2.0,COMPLETE,,,,,,,,
14.0,0.0005749722236134696,2024-04-26 04:10:41.596742,2024-04-26 04:10:42.420263,0 days 00:00:00.823521,0.6898071100758743,157.0,0.1271940819100411,490.0,267.0,2.0,COMPLETE,,,,,,,,
15.0,0.0007756933123011671,2024-04-26 04:10:42.421284,2024-04-26 04:10:43.459262,0 days 00:00:01.037978,0.5177503697884527,516.0,0.6067236757588264,412.0,353.0,2.0,COMPLETE,,,,,,,,
16.0,5.163242799500644e-06,2024-04-26 04:10:43.460287,2024-04-26 04:10:45.350739,0 days 00:00:01.890452,0.7188679901781755,709.0,0.4163133965898884,592.0,457.0,2.0,COMPLETE,,,,,,,,
17.0,0.0004284191525875412,2024-04-26 04:10:45.352739,2024-04-26 04:10:46.020708,0 days 00:00:00.667969,0.5013366656574737,277.0,0.3567369558654271,209.0,449.0,1.0,COMPLETE,,,,,,,,
18.0,0.0001417805453233037,2024-04-26 04:10:46.021859,2024-04-26 04:10:48.185080,0 days 00:00:02.163221,0.8818284208116374,677.0,0.8927148654670187,596.0,470.0,2.0,COMPLETE,,,,,,,,
19.0,0.001131161100638017,2024-04-26 04:10:48.186188,2024-04-26 04:10:49.177616,0 days 00:00:00.991428,0.39105167733527546,477.0,0.699240856378471,335.0,398.0,2.0,COMPLETE,,,,,,,,
20.0,0.001059834126490463,2024-04-26 04:10:49.179616,2024-04-26 04:10:50.646121,0 days 00:00:01.466505,0.584717000905959,853.0,0.426999743404003,447.0,461.0,1.0,COMPLETE,,,,,,,,
21.0,0.0010258726814996813,2024-04-26 04:10:50.647120,2024-04-26 04:10:51.830979,0 days 00:00:01.183859,0.7412631419341641,713.0,0.5145523938092842,526.0,324.0,2.0,COMPLETE,,,,,,,,
22.0,0.0008377055851380482,2024-04-26 04:10:51.831980,2024-04-26 04:10:53.201995,0 days 00:00:01.370015,0.6917220317345718,989.0,0.2916820517302119,535.0,383.0,2.0,COMPLETE,,,,,,,,
23.0,0.0001515118250799612,2024-04-26 04:10:53.202995,2024-04-26 04:10:54.929164,0 days 00:00:01.726169,0.7394027917244756,879.0,0.4422565227922076,595.0,421.0,2.0,COMPLETE,,,,,,,,
24.0,0.00015325199819244686,2024-04-26 04:10:54.930146,2024-04-26 04:10:55.689225,0 days 00:00:00.759079,0.6347170854724894,583.0,0.5925552023575843,470.0,226.0,2.0,COMPLETE,,,,,,,,
25.0,0.002577775350779683,2024-04-26 04:10:55.690207,2024-04-26 04:10:56.789867,0 days 00:00:01.099660,0.5599975505078223,68.0,0.483103142988319,515.0,308.0,2.0,COMPLETE,,,,,,,,
26.0,0.0007417481104362532,2024-04-26 04:10:56.790866,2024-04-26 04:10:58.169152,0 days 00:00:01.378286,0.4668353497473097,799.0,0.3854825580587001,402.0,493.0,2.0,COMPLETE,,,,,,,,
27.0,0.000698811836325587,2024-04-26 04:10:58.170154,2024-04-26 04:10:59.745654,0 days 00:00:01.575500,0.3297179369042095,629.0,0.7840468860398841,559.0,373.0,2.0,COMPLETE,,,,,,,,
28.0,7.310891746896321e-05,2024-04-26 04:10:59.747656,2024-04-26 04:11:01.183237,0 days 00:00:01.435581,0.8019595112406718,514.0,0.6488375383476349,458.0,427.0,2.0,COMPLETE,,,,,,,,
29.0,0.0006560582208890845,2024-04-26 04:11:01.184237,2024-04-26 04:11:02.324460,0 days 00:00:01.140223,0.7232398182186568,714.0,0.17107369846214368,369.0,471.0,2.0,COMPLETE,,,,,,,,
30.0,0.0008491957982112231,2024-04-26 04:11:02.325459,2024-04-26 04:11:02.719477,0 days 00:00:00.394018,0.5331034976343157,906.0,0.30287877672338404,572.0,100.0,2.0,COMPLETE,,,,,,,,
31.0,7.8903982626714e-05,2024-04-26 04:11:02.721455,2024-04-26 04:11:04.174326,0 days 00:00:01.452871,0.791518180781844,534.0,0.6639086273836713,458.0,430.0,2.0,COMPLETE,,,,,,,,
32.0,0.0006590837018336118,2024-04-26 04:11:04.175328,2024-04-26 04:11:05.257745,0 days 00:00:01.082417,0.827685509389019,491.0,0.8134183978072509,501.0,288.0,2.0,COMPLETE,,,,,,,,
33.0,5.550884105005586e-05,2024-04-26 04:11:05.258844,2024-04-26 04:11:06.473844,0 days 00:00:01.215000,0.6466243698759752,686.0,0.5650001954044179,415.0,402.0,2.0,COMPLETE,,,,,,,,
34.0,0.001448402300316744,2024-04-26 04:11:06.474844,2024-04-26 04:11:07.518159,0 days 00:00:01.043315,0.660635977800403,737.0,0.5658896282396013,425.0,344.0,2.0,COMPLETE,,,,,,,,
35.0,5.000322361911591e-05,2024-04-26 04:11:07.519148,2024-04-26 04:11:08.521807,0 days 00:00:01.002659,0.6339139911545636,825.0,0.5439315619203089,332.0,412.0,2.0,COMPLETE,,,,,,,,
36.0,0.00030415435765442897,2024-04-26 04:11:08.522805,2024-04-26 04:11:09.381829,0 days 00:00:00.859024,0.7645994203374684,939.0,0.2566418904987889,280.0,455.0,2.0,COMPLETE,,,,,,,,
37.0,8.18683093175828e-05,2024-04-26 04:11:09.383811,2024-04-26 04:11:09.935165,0 days 00:00:00.551354,0.8891404012727582,817.0,0.3486974966884716,346.0,232.0,2.0,COMPLETE,,,,,,,,
38.0,6.880262485176744e-05,2024-04-26 04:11:09.936226,2024-04-26 04:11:10.952556,0 days 00:00:01.016330,0.6152432370110112,763.0,0.4801406337020863,289.0,479.0,1.0,COMPLETE,,,,,,,,
39.0,0.0019056382479546601,2024-04-26 04:11:10.953554,2024-04-26 04:11:11.975810,0 days 00:00:01.022256,0.46296002696653893,656.0,0.5265437853687438,387.0,366.0,2.0,COMPLETE,,,,,,,,
40.0,0.0005321248320954764,2024-04-26 04:11:11.977807,2024-04-26 04:11:12.796133,0 days 00:00:00.818326,0.7041430987268714,840.0,0.7562346521781795,254.0,409.0,2.0,COMPLETE,,,,,,,,
41.0,0.0006386967731756969,2024-04-26 04:11:12.798133,2024-04-26 04:11:13.812847,0 days 00:00:01.014714,0.6493097011969459,726.0,0.5541587067326083,352.0,394.0,2.0,COMPLETE,,,,,,,,
42.0,0.0014158809679985247,2024-04-26 04:11:13.813845,2024-04-26 04:11:15.178055,0 days 00:00:01.364210,0.5606307004809241,684.0,0.42678777978847093,431.0,454.0,2.0,COMPLETE,,,,,,,,
43.0,0.0012755488331427278,2024-04-26 04:11:15.180058,2024-04-26 04:11:16.258094,0 days 00:00:01.078036,0.6168862582812252,929.0,0.8532039444906161,312.0,441.0,2.0,COMPLETE,,,,,,,,
44.0,0.003628200333672484,2024-04-26 04:11:16.259097,2024-04-26 04:11:17.615313,0 days 00:00:01.356216,0.10218189211819162,577.0,0.7027313953805525,559.0,330.0,2.0,COMPLETE,,,,,,,,
45.0,0.0010306794872226948,2024-04-26 04:11:17.616335,2024-04-26 04:11:18.983003,0 days 00:00:01.366668,0.7660828885774327,768.0,0.5511547565870745,392.0,482.0,2.0,COMPLETE,,,,,,,,
46.0,0.0008683076486027824,2024-04-26 04:11:18.984003,2024-04-26 04:11:20.003003,0 days 00:00:01.019000,0.6736144624708206,626.0,0.40003139829621737,362.0,402.0,2.0,COMPLETE,,,,,,,,
47.0,0.000395215443981085,2024-04-26 04:11:20.004004,2024-04-26 04:11:21.580601,0 days 00:00:01.576597,0.6436169800292795,829.0,0.607193474034343,415.0,499.0,1.0,COMPLETE,,,,,,,,
48.0,2.868987475942032e-05,2024-04-26 04:11:21.581603,2024-04-26 04:11:22.405447,0 days 00:00:00.823844,0.8486489121341687,684.0,0.501262855628607,433.0,273.0,2.0,COMPLETE,,,,,,,,
49.0,0.0012246027630095375,2024-04-26 04:11:22.406445,2024-04-26 04:11:23.264036,0 days 00:00:00.857591,0.8174401647738587,333.0,0.4544570042986242,476.0,263.0,2.0,COMPLETE,,,,,,,,
50.0,0.00044414148898420583,2024-04-26 04:11:23.265036,2024-04-26 04:11:24.316037,0 days 00:00:01.051001,0.8349840940897889,440.0,0.5035519545248085,508.0,299.0,2.0,COMPLETE,,,,,,,,
51.0,0.0006152891578581317,2024-04-26 04:11:24.317037,2024-04-26 04:11:24.862148,0 days 00:00:00.545111,0.5685895178742791,703.0,0.4752214716873071,440.0,172.0,2.0,COMPLETE,,,,,,,,
52.0,0.00010348677882843145,2024-04-26 04:11:24.863146,2024-04-26 04:11:25.461536,0 days 00:00:00.598390,0.8613499678484347,627.0,0.5889792489034624,406.0,203.0,2.0,COMPLETE,,,,,,,,
53.0,0.00013360083634709045,2024-04-26 04:11:25.462539,2024-04-26 04:11:26.178538,0 days 00:00:00.715999,0.719951299836192,560.0,0.38647589343143507,381.0,275.0,2.0,COMPLETE,,,,,,,,
54.0,0.0007583417149629381,2024-04-26 04:11:26.179536,2024-04-26 04:11:27.045834,0 days 00:00:00.866298,0.7635280563521053,752.0,0.5293347791304155,313.0,382.0,2.0,COMPLETE,,,,,,,,
55.0,0.0017934015520177896,2024-04-26 04:11:27.046833,2024-04-26 04:11:28.279832,0 days 00:00:01.232999,0.5960688586456725,662.0,0.31985152543917694,533.0,348.0,2.0,COMPLETE,,,,,,,,
56.0,0.00034177780662997313,2024-04-26 04:11:28.280811,2024-04-26 04:11:29.395116,0 days 00:00:01.114305,0.6853282429101342,781.0,0.6769653530209858,485.0,311.0,2.0,COMPLETE,,,,,,,,
57.0,0.0003646372967708021,2024-04-26 04:11:29.396119,2024-04-26 04:11:30.910668,0 days 00:00:01.514549,0.5488419903989303,864.0,0.6234867473389447,463.0,444.0,2.0,COMPLETE,,,,,,,,
58.0,0.0006811325029216322,2024-04-26 04:11:30.911668,2024-04-26 04:11:31.509389,0 days 00:00:00.597721,0.48717376232066234,682.0,0.4169030789041879,200.0,412.0,2.0,COMPLETE,,,,,,,,
59.0,0.0005332721194537832,2024-04-26 04:11:31.511391,2024-04-26 04:11:32.565391,0 days 00:00:01.054000,0.6242841700742127,608.0,0.7382431604040518,578.0,250.0,2.0,COMPLETE,,,,,,,,
60.0,0.00024586794023966524,2024-04-26 04:11:32.566391,2024-04-26 04:11:33.972962,0 days 00:00:01.406571,0.7389755178398709,797.0,0.360590135929183,426.0,465.0,1.0,COMPLETE,,,,,,,,
61.0,0.0008946182908113505,2024-04-26 04:11:33.973962,2024-04-26 04:11:35.028229,0 days 00:00:01.054267,0.6003161814059155,757.0,0.4678478816147109,299.0,481.0,1.0,COMPLETE,,,,,,,,
62.0,0.0010054201275109466,2024-04-26 04:11:35.029346,2024-04-26 04:11:36.037430,0 days 00:00:01.008084,0.5297838265227572,697.0,0.49691792558048326,275.0,485.0,1.0,COMPLETE,,,,,,,,
63.0,0.0007352530518464634,2024-04-26 04:11:36.038428,2024-04-26 04:11:36.762407,0 days 00:00:00.723979,0.6237107844386729,734.0,0.4598200632492703,224.0,434.0,1.0,COMPLETE,,,,,,,,
64.0,0.0012539744409896586,2024-04-26 04:11:36.763406,2024-04-26 04:11:37.961870,0 days 00:00:01.198464,0.7074864552304233,890.0,0.5668938007475045,335.0,471.0,1.0,COMPLETE,,,,,,,,
65.0,0.0006253021610103458,2024-04-26 04:11:37.962870,2024-04-26 04:11:39.662715,0 days 00:00:01.699845,0.6707998486814274,812.0,0.5342178021704472,549.0,424.0,1.0,COMPLETE,,,,,,,,
66.0,0.0009409978795111029,2024-04-26 04:11:39.663716,2024-04-26 04:11:40.560976,0 days 00:00:00.897260,0.7910403194421569,543.0,0.4947626786567476,256.0,475.0,2.0,COMPLETE,,,,,,,,
67.0,0.00027359722987372546,2024-04-26 04:11:40.561999,2024-04-26 04:11:41.989241,0 days 00:00:01.427242,0.5797527296483812,770.0,0.4341005044818993,441.0,456.0,2.0,COMPLETE,,,,,,,,
68.0,0.0006875577252760458,2024-04-26 04:11:41.990242,2024-04-26 04:11:42.644243,0 days 00:00:00.654001,0.5006062190508702,653.0,0.5949209188651838,228.0,382.0,2.0,COMPLETE,,,,,,,,
69.0,0.0008761933736752946,2024-04-26 04:11:42.646220,2024-04-26 04:11:44.080907,0 days 00:00:01.434687,0.6481468945981369,850.0,0.8561077036971526,519.0,360.0,2.0,COMPLETE,,,,,,,,
70.0,0.00017892376221656297,2024-04-26 04:11:44.081967,2024-04-26 04:11:45.398954,0 days 00:00:01.316987,0.42592033937278145,718.0,0.27028765958731676,397.0,490.0,2.0,COMPLETE,,,,,,,,
71.0,0.0003017038951563654,2024-04-26 04:11:45.399954,2024-04-26 04:11:46.826405,0 days 00:00:01.426451,0.8022476321005811,496.0,0.662522094447615,450.0,426.0,2.0,COMPLETE,,,,,,,,
72.0,8.24493282958017e-05,2024-04-26 04:11:46.828404,2024-04-26 04:11:48.338936,0 days 00:00:01.510532,0.7462899361974921,601.0,0.6338006567545303,459.0,447.0,2.0,COMPLETE,,,,,,,,
73.0,0.00016847864402591534,2024-04-26 04:11:48.340938,2024-04-26 04:11:49.593562,0 days 00:00:01.252624,0.8790986193698046,445.0,0.5773497177296067,422.0,409.0,2.0,COMPLETE,,,,,,,,
74.0,0.00011785172902564054,2024-04-26 04:11:49.594563,2024-04-26 04:11:51.162086,0 days 00:00:01.567523,0.7066957798521032,510.0,0.5431403508919943,496.0,436.0,2.0,COMPLETE,,,,,,,,
75.0,0.00023255829142657445,2024-04-26 04:11:51.163088,2024-04-26 04:11:52.737773,0 days 00:00:01.574685,0.782253902613316,394.0,0.5163623070641694,434.0,500.0,2.0,COMPLETE,,,,,,,,
76.0,0.00011948619142171823,2024-04-26 04:11:52.738773,2024-04-26 04:11:54.078798,0 days 00:00:01.340025,0.8420233778002716,953.0,0.4497991890340377,406.0,462.0,2.0,COMPLETE,,,,,,,,
77.0,0.0010662946224422004,2024-04-26 04:11:54.079799,2024-04-26 04:11:55.365370,0 days 00:00:01.285571,0.6102073296961016,558.0,0.4776145717259518,471.0,389.0,2.0,COMPLETE,,,,,,,,
78.0,0.00032682534975640596,2024-04-26 04:11:55.366349,2024-04-26 04:11:56.406485,0 days 00:00:01.040136,0.6861545441389854,671.0,0.6268412204182733,374.0,370.0,2.0,COMPLETE,,,,,,,,
79.0,8.8762528500457e-05,2024-04-26 04:11:56.408012,2024-04-26 04:11:57.720681,0 days 00:00:01.312669,0.290282835448166,625.0,0.7863855774055084,416.0,401.0,2.0,COMPLETE,,,,,,,,
80.0,0.00042749291967676304,2024-04-26 04:11:57.721681,2024-04-26 04:11:58.769906,0 days 00:00:01.048225,0.6621742442374088,742.0,0.40216524123421393,449.0,337.0,2.0,COMPLETE,,,,,,,,
81.0,0.00030956098547241923,2024-04-26 04:11:58.770886,2024-04-26 04:12:00.299005,0 days 00:00:01.528119,0.8604932867085542,533.0,0.6564279436177607,485.0,424.0,2.0,COMPLETE,,,,,,,,
82.0,0.0009695092232578047,2024-04-26 04:12:00.300008,2024-04-26 04:12:01.794687,0 days 00:00:01.494679,0.8216490354136546,461.0,0.7189207347842825,451.0,435.0,2.0,COMPLETE,,,,,,,,
83.0,0.00044183787491352254,2024-04-26 04:12:01.795688,2024-04-26 04:12:02.725793,0 days 00:00:00.930105,0.7997290924256467,573.0,0.5072080222380854,462.0,284.0,2.0,COMPLETE,,,,,,,,
84.0,0.00025390975056128426,2024-04-26 04:12:02.726945,2024-04-26 04:12:04.165236,0 days 00:00:01.438291,0.7523140167710215,641.0,0.5594192873907358,438.0,453.0,2.0,COMPLETE,,,,,,,,
85.0,0.0001450866416935868,2024-04-26 04:12:04.166236,2024-04-26 04:12:05.058554,0 days 00:00:00.892318,0.8955746920665305,822.0,0.649385680454846,276.0,418.0,2.0,COMPLETE,,,,,,,,
86.0,0.0007109855382927168,2024-04-26 04:12:05.060552,2024-04-26 04:12:06.056792,0 days 00:00:00.996240,0.7247811130782403,790.0,0.4898629819697484,582.0,246.0,2.0,COMPLETE,,,,,,,,
87.0,0.00026642889894482177,2024-04-26 04:12:06.057792,2024-04-26 04:12:07.357646,0 days 00:00:01.299854,0.6355988704041946,597.0,0.37652514486215966,600.0,320.0,2.0,COMPLETE,,,,,,,,
88.0,0.0008548639341442678,2024-04-26 04:12:07.358648,2024-04-26 04:12:08.598131,0 days 00:00:01.239483,0.7791465201963554,696.0,0.608541124387437,357.0,465.0,2.0,COMPLETE,,,,,,,,
89.0,0.00017531705741197248,2024-04-26 04:12:08.599131,2024-04-26 04:12:10.687671,0 days 00:00:02.088540,0.5794868129647707,862.0,0.777818154537383,543.0,481.0,1.0,COMPLETE,,,,,,,,
90.0,0.0009116397279120897,2024-04-26 04:12:10.688652,2024-04-26 04:12:11.978442,0 days 00:00:01.289790,0.7222781188651631,908.0,0.6802310126580836,386.0,447.0,2.0,COMPLETE,,,,,,,,
91.0,0.0005015748068189077,2024-04-26 04:12:11.979443,2024-04-26 04:12:12.652444,0 days 00:00:00.673001,0.8602123103323934,830.0,0.32095026969010243,327.0,292.0,2.0,COMPLETE,,,,,,,,
92.0,0.00013487840509515691,2024-04-26 04:12:12.654421,2024-04-26 04:12:13.173442,0 days 00:00:00.519021,0.8934742825667152,757.0,0.5221230188924866,341.0,204.0,2.0,COMPLETE,,,,,,,,
93.0,0.0003748012715846105,2024-04-26 04:12:13.174444,2024-04-26 04:12:13.668641,0 days 00:00:00.494197,0.8744172025846884,803.0,0.3473046467937368,288.0,239.0,2.0,COMPLETE,,,,,,,,
94.0,0.0005107822931609562,2024-04-26 04:12:13.669642,2024-04-26 04:12:14.116172,0 days 00:00:00.446530,0.807224528178681,725.0,0.4183962958513347,312.0,192.0,2.0,COMPLETE,,,,,,,,
95.0,0.0006616305628568268,2024-04-26 04:12:14.117191,2024-04-26 04:12:14.774193,0 days 00:00:00.657002,0.8414641796796012,217.0,0.44178008870520596,345.0,266.0,2.0,COMPLETE,,,,,,,,
96.0,0.004839266500057306,2024-04-26 04:12:14.775192,2024-04-26 04:12:15.441193,0 days 00:00:00.666001,0.5503209712008298,784.0,0.5430563570789744,414.0,221.0,2.0,COMPLETE,,,,,,,,
97.0,0.00043481899398225697,2024-04-26 04:12:15.442193,2024-04-26 04:12:15.998369,0 days 00:00:00.556176,0.8178111754681865,402.0,0.868088789334315,299.0,228.0,2.0,COMPLETE,,,,,,,,
98.0,0.0004637114513474774,2024-04-26 04:12:15.999369,2024-04-26 04:12:17.261038,0 days 00:00:01.261669,0.7649873959272637,679.0,0.8223657163903589,395.0,412.0,2.0,COMPLETE,,,,,,,,
99.0,1.2540306099178909e-05,2024-04-26 04:12:17.263038,2024-04-26 04:12:18.782004,0 days 00:00:01.518966,0.6986144048224764,707.0,0.5762075476704007,478.0,432.0,2.0,COMPLETE,,,,,,,,
100.0,0.0003468324860137665,2024-04-26 04:12:18.783001,2024-04-26 04:12:20.278815,0 days 00:00:01.495814,0.6864640507370142,643.0,0.579471783628106,470.0,436.0,2.0,COMPLETE,,,,,,,,
101.0,0.0004451437196031307,2024-04-26 04:12:20.279947,2024-04-26 04:12:21.573073,0 days 00:00:01.293126,0.6558575155295727,768.0,0.21514299894286387,455.0,429.0,2.0,COMPLETE,,,,,,,,
102.0,0.0013705734582145483,2024-04-26 04:12:21.574050,2024-04-26 04:12:22.133541,0 days 00:00:00.559491,0.6992689315466035,702.0,0.6086495286029557,504.0,142.0,2.0,COMPLETE,,,,,,,,
103.0,0.0031089746996224446,2024-04-26 04:12:22.135542,2024-04-26 04:12:23.761945,0 days 00:00:01.626403,0.6348250876532364,739.0,0.4720786024661278,479.0,476.0,2.0,COMPLETE,,,,,,,,
104.0,5.85274195421526e-05,2024-04-26 04:12:23.762944,2024-04-26 04:12:25.535295,0 days 00:00:01.772351,0.6747854949266806,875.0,0.5690230795739075,493.0,492.0,2.0,COMPLETE,,,,,,,,
105.0,0.00031502410545661177,2024-04-26 04:12:25.536295,2024-04-26 04:12:27.377429,0 days 00:00:01.841134,0.6741963420622089,516.0,0.5778846961498649,516.0,488.0,2.0,COMPLETE,,,,,,,,
106.0,0.00035542516215484433,2024-04-26 04:12:27.379429,2024-04-26 04:12:28.924242,0 days 00:00:01.544813,0.7330706708218149,547.0,0.5407128479036473,465.0,458.0,2.0,COMPLETE,,,,,,,,
107.0,0.0006619800742078242,2024-04-26 04:12:28.926243,2024-04-26 04:12:30.741320,0 days 00:00:01.815077,0.6154880159838889,917.0,0.5626844602831148,490.0,493.0,1.0,COMPLETE,,,,,,,,
108.0,0.0022016330207044544,2024-04-26 04:12:30.743316,2024-04-26 04:12:32.179603,0 days 00:00:01.436287,0.5866204808452697,875.0,0.513173950606933,423.0,466.0,2.0,COMPLETE,,,,,,,,
109.0,0.0003762863514140414,2024-04-26 04:12:32.180603,2024-04-26 04:12:33.569097,0 days 00:00:01.388494,0.7531757669546846,613.0,0.4900887120018546,432.0,445.0,2.0,COMPLETE,,,,,,,,
110.0,0.0014836807867555334,2024-04-26 04:12:33.570096,2024-04-26 04:12:35.107359,0 days 00:00:01.537263,0.71436253207214,980.0,0.6435626912948809,525.0,395.0,2.0,COMPLETE,,,,,,,,
111.0,0.0004423594254324259,2024-04-26 04:12:35.108358,2024-04-26 04:12:35.943538,0 days 00:00:00.835180,0.6760516057675653,840.0,0.5865933151362192,443.0,259.0,2.0,COMPLETE,,,,,,,,
112.0,0.00115572470975453,2024-04-26 04:12:35.944538,2024-04-26 04:12:37.106363,0 days 00:00:01.161825,0.6575082180399394,813.0,0.6818078502121593,322.0,475.0,2.0,COMPLETE,,,,,,,,
113.0,0.00011709573453955286,2024-04-26 04:12:37.107340,2024-04-26 04:12:38.571150,0 days 00:00:01.463810,0.6946015126818408,710.0,0.5573098592310625,498.0,406.0,2.0,COMPLETE,,,,,,,,
114.0,0.0001843109268650326,2024-04-26 04:12:38.573129,2024-04-26 04:12:40.028779,0 days 00:00:01.455650,0.7883623373475749,485.0,0.5297174616144985,476.0,418.0,2.0,COMPLETE,,,,,,,,
115.0,0.0001532108153309389,2024-04-26 04:12:40.029778,2024-04-26 04:12:41.130925,0 days 00:00:01.101147,0.6025538536242695,660.0,0.4571052576099303,506.0,308.0,2.0,COMPLETE,,,,,,,,
116.0,0.0006660589067590043,2024-04-26 04:12:41.132031,2024-04-26 04:12:42.827896,0 days 00:00:01.695865,0.6455855151226487,767.0,0.7367777099909848,490.0,454.0,2.0,COMPLETE,,,,,,,,
117.0,0.0006357359329446718,2024-04-26 04:12:42.829896,2024-04-26 04:12:44.083867,0 days 00:00:01.253971,0.6245051606532142,890.0,0.3776731345698919,363.0,486.0,2.0,COMPLETE,,,,,,,,
118.0,0.0004461816495270785,2024-04-26 04:12:44.084842,2024-04-26 04:12:45.394023,0 days 00:00:01.309181,0.8298299802699288,853.0,0.6151890553769467,444.0,388.0,1.0,COMPLETE,,,,,,,,
119.0,0.0018445056067907235,2024-04-26 04:12:45.394996,2024-04-26 04:12:46.815431,0 days 00:00:01.420435,0.5675360910424706,575.0,0.5102211850830982,455.0,429.0,2.0,COMPLETE,,,,,,,,
120.0,0.0007931172325250826,2024-04-26 04:12:46.816430,2024-04-26 04:12:48.361703,0 days 00:00:01.545273,0.20899697334974404,745.0,0.7119386878987798,406.0,500.0,2.0,COMPLETE,,,,,,,,
121.0,0.0006483856270274297,2024-04-26 04:12:48.362701,2024-04-26 04:12:49.898784,0 days 00:00:01.536083,0.7585210766181802,694.0,0.6344477994461738,460.0,444.0,2.0,COMPLETE,,,,,,,,
122.0,0.0010125679061282775,2024-04-26 04:12:49.899786,2024-04-26 04:12:50.857318,0 days 00:00:00.957532,0.7074468388554703,723.0,0.6638331677944228,265.0,469.0,2.0,COMPLETE,,,,,,,,
123.0,0.0011851109740091187,2024-04-26 04:12:50.859324,2024-04-26 04:12:52.409450,0 days 00:00:01.550126,0.7425852143535411,597.0,0.5971599877483403,470.0,449.0,2.0,COMPLETE,,,,,,,,
124.0,0.0004396758694459136,2024-04-26 04:12:52.410450,2024-04-26 04:12:53.808449,0 days 00:00:01.397999,0.8545591826223099,617.0,0.6351650076904338,428.0,439.0,2.0,COMPLETE,,,,,,,,
125.0,0.0013405943849568215,2024-04-26 04:12:53.809449,2024-04-26 04:12:54.709614,0 days 00:00:00.900165,0.7735258026007013,532.0,0.33762726428582224,482.0,274.0,2.0,COMPLETE,,,,,,,,
126.0,0.0006049131627810298,2024-04-26 04:12:54.710615,2024-04-26 04:12:56.121320,0 days 00:00:01.410705,0.8704298895524445,797.0,0.5688050294212235,419.0,461.0,2.0,COMPLETE,,,,,,,,
127.0,0.00012492684203999752,2024-04-26 04:12:56.122299,2024-04-26 04:12:56.835738,0 days 00:00:00.713439,0.7417093868383384,666.0,0.29795678105387363,237.0,416.0,2.0,COMPLETE,,,,,,,,
128.0,0.00023171130656236014,2024-04-26 04:12:56.837739,2024-04-26 04:12:58.035733,0 days 00:00:01.197994,0.7944969568318044,467.0,0.5471850321256536,435.0,378.0,2.0,COMPLETE,,,,,,,,
129.0,0.0017090686903928106,2024-04-26 04:12:58.036733,2024-04-26 04:12:59.479288,0 days 00:00:01.442555,0.7251822029800608,559.0,0.5974052209688753,458.0,430.0,2.0,COMPLETE,,,,,,,,
130.0,0.00024827536414899487,2024-04-26 04:12:59.480289,2024-04-26 04:13:01.046964,0 days 00:00:01.566675,0.6805060318055036,635.0,0.4775553386501974,448.0,478.0,2.0,COMPLETE,,,,,,,,
131.0,0.0022970641718790827,2024-04-26 04:13:01.047942,2024-04-26 04:13:02.320944,0 days 00:00:01.273002,0.5220717140636807,623.0,0.8010506924049867,401.0,407.0,2.0,COMPLETE,,,,,,,,
132.0,0.00037943073249277964,2024-04-26 04:13:02.321943,2024-04-26 04:13:03.592266,0 days 00:00:01.270323,0.3522881202236837,643.0,0.7776400978302189,413.0,397.0,2.0,COMPLETE,,,,,,,,
133.0,0.001040955013437151,2024-04-26 04:13:03.593267,2024-04-26 04:13:05.414585,0 days 00:00:01.821318,0.2749516950143413,594.0,0.8360410494259698,561.0,421.0,2.0,COMPLETE,,,,,,,,
134.0,4.744396029032285e-05,2024-04-26 04:13:05.415584,2024-04-26 04:13:06.716646,0 days 00:00:01.301062,0.2657515064920312,679.0,0.6910319489502122,383.0,450.0,2.0,COMPLETE,,,,,,,,
135.0,0.0008131199356305683,2024-04-26 04:13:06.717646,2024-04-26 04:13:07.941448,0 days 00:00:01.223802,0.842105271524989,678.0,0.6724291219904442,352.0,451.0,2.0,COMPLETE,,,,,,,,
136.0,0.0025718512008178164,2024-04-26 04:13:07.942450,2024-04-26 04:13:09.278738,0 days 00:00:01.336288,0.1021499206047079,778.0,0.6219448989488451,378.0,470.0,2.0,COMPLETE,,,,,,,,
137.0,0.000976824729346483,2024-04-26 04:13:09.280740,2024-04-26 04:13:10.668814,0 days 00:00:01.388074,0.15463062733873525,823.0,0.7012901752654483,368.0,491.0,2.0,COMPLETE,,,,,,,,
138.0,0.00034793276488229727,2024-04-26 04:13:10.669816,2024-04-26 04:13:12.144059,0 days 00:00:01.474243,0.41944408859424526,719.0,0.5301746962286591,465.0,439.0,2.0,COMPLETE,,,,,,,,
139.0,0.0017636801653271273,2024-04-26 04:13:12.145057,2024-04-26 04:13:13.539233,0 days 00:00:01.394176,0.811865604633821,499.0,0.6924205318491361,388.0,456.0,1.0,COMPLETE,,,,,,,,
140.0,0.0032927084348919333,2024-04-26 04:13:13.540242,2024-04-26 04:13:14.737366,0 days 00:00:01.197124,0.48319813879210205,877.0,0.8948286817083186,303.0,483.0,2.0,COMPLETE,,,,,,,,
141.0,0.0015356591007731073,2024-04-26 04:13:14.738367,2024-04-26 04:13:16.523382,0 days 00:00:01.785015,0.3081915798152878,655.0,0.7546270952654137,590.0,401.0,2.0,COMPLETE,,,,,,,,
142.0,0.0014397327621654763,2024-04-26 04:13:16.525380,2024-04-26 04:13:17.873651,0 days 00:00:01.348271,0.24917596925616153,585.0,0.6426124727830933,424.0,425.0,2.0,COMPLETE,,,,,,,,
143.0,0.004780941616911735,2024-04-26 04:13:17.875287,2024-04-26 04:13:19.098240,0 days 00:00:01.222953,0.27087689514343805,678.0,0.8627668421150883,434.0,360.0,2.0,COMPLETE,,,,,,,,
144.0,0.0006576054052913038,2024-04-26 04:13:19.100242,2024-04-26 04:13:20.399969,0 days 00:00:01.299727,0.2937425362461865,698.0,0.5032632373188234,406.0,440.0,2.0,COMPLETE,,,,,,,,
145.0,0.00020974181056359264,2024-04-26 04:13:20.400969,2024-04-26 04:13:21.882481,0 days 00:00:01.481512,0.18956671913853573,754.0,0.7296538920823745,417.0,465.0,2.0,COMPLETE,,,,,,,,
146.0,0.0020860949321648893,2024-04-26 04:13:21.883481,2024-04-26 04:13:22.604395,0 days 00:00:00.720914,0.21691014885068072,618.0,0.4231601603241042,440.0,232.0,2.0,COMPLETE,,,,,,,,
147.0,8.738159669794912e-05,2024-04-26 04:13:22.605427,2024-04-26 04:13:23.060397,0 days 00:00:00.454970,0.6635595787442342,738.0,0.7948644144449105,336.0,165.0,2.0,COMPLETE,,,,,,,,
148.0,2.2451121221841778e-05,2024-04-26 04:13:23.061395,2024-04-26 04:13:23.613393,0 days 00:00:00.551998,0.6680273666127925,799.0,0.8316175475427326,329.0,209.0,2.0,COMPLETE,,,,,,,,
149.0,0.000978155407307924,2024-04-26 04:13:23.614394,2024-04-26 04:13:24.113247,0 days 00:00:00.498853,0.6397297193438397,838.0,0.3641893752354862,323.0,212.0,2.0,COMPLETE,,,,,,,,
150.0,0.0024700316038634373,2024-04-26 04:13:24.114243,2024-04-26 04:13:24.629835,0 days 00:00:00.515592,0.7008184556203481,75.0,0.40829642487574086,354.0,198.0,2.0,COMPLETE,,,,,,,,
151.0,0.0015146378819640685,2024-04-26 04:13:24.630834,2024-04-26 04:13:25.066835,0 days 00:00:00.436001,0.6562189909077321,800.0,0.8128506303403555,334.0,157.0,2.0,COMPLETE,,,,,,,,
152.0,8.392973459003068e-05,2024-04-26 04:13:25.067835,2024-04-26 04:13:25.510834,0 days 00:00:00.442999,0.6672289193257975,782.0,0.8784608054789498,343.0,153.0,2.0,COMPLETE,,,,,,,,
153.0,0.00011138353042575684,2024-04-26 04:13:25.511835,2024-04-26 04:13:25.931912,0 days 00:00:00.420077,0.6267110873810772,811.0,0.843317060514339,346.0,142.0,2.0,COMPLETE,,,,,,,,
154.0,1.5174697253642844e-05,2024-04-26 04:13:25.932913,2024-04-26 04:13:26.588248,0 days 00:00:00.655335,0.6943625049919436,767.0,0.8814786119561832,319.0,254.0,2.0,COMPLETE,,,,,,,,
155.0,0.00023167753294084012,2024-04-26 04:13:26.589249,2024-04-26 04:13:27.216249,0 days 00:00:00.627000,0.6901257092562125,853.0,0.8693172990294737,304.0,254.0,2.0,COMPLETE,,,,,,,,
156.0,0.0037636827902581237,2024-04-26 04:13:27.218250,2024-04-26 04:13:27.827247,0 days 00:00:00.608997,0.7180334021202359,758.0,0.8915128519654395,318.0,237.0,2.0,COMPLETE,,,,,,,,
157.0,0.0002459744311775259,2024-04-26 04:13:27.828248,2024-04-26 04:13:28.368007,0 days 00:00:00.539759,0.7387861004162547,717.0,0.8381750501371573,311.0,213.0,2.0,COMPLETE,,,,,,,,
158.0,0.0005780531192014459,2024-04-26 04:13:28.369002,2024-04-26 04:13:28.785836,0 days 00:00:00.416834,0.5981816084677514,822.0,0.5780660020428113,288.0,183.0,2.0,COMPLETE,,,,,,,,
159.0,5.447938032949459e-05,2024-04-26 04:13:28.787838,2024-04-26 04:13:29.731837,0 days 00:00:00.943999,0.6116699940765731,780.0,0.6596158744675628,475.0,269.0,2.0,COMPLETE,,,,,,,,
160.0,0.0011722587828813622,2024-04-26 04:13:29.732839,2024-04-26 04:13:30.660815,0 days 00:00:00.927976,0.5466544909397895,786.0,0.6575529675221173,491.0,247.0,1.0,COMPLETE,,,,,,,,
161.0,0.0005250924580509145,2024-04-26 04:13:30.662514,2024-04-26 04:13:31.607281,0 days 00:00:00.944767,0.6119061237606069,745.0,0.6183452569033691,473.0,273.0,2.0,COMPLETE,,,,,,,,
162.0,0.0005600035189844846,2024-04-26 04:13:31.609275,2024-04-26 04:13:32.640983,0 days 00:00:01.031708,0.640696794105761,804.0,0.557609782864523,483.0,297.0,2.0,COMPLETE,,,,,,,,
163.0,0.0001406040638823876,2024-04-26 04:13:32.641986,2024-04-26 04:13:33.218150,0 days 00:00:00.576164,0.8963419508877947,765.0,0.6524032522539028,326.0,219.0,2.0,COMPLETE,,,,,,,,
164.0,0.003147274874806815,2024-04-26 04:13:33.219150,2024-04-26 04:13:34.098151,0 days 00:00:00.879001,0.6817773803700664,524.0,0.6944510725259119,458.0,257.0,2.0,COMPLETE,,,,,,,,
165.0,0.0004541764034999352,2024-04-26 04:13:34.099150,2024-04-26 04:13:34.894333,0 days 00:00:00.795183,0.7022099896985401,729.0,0.4920844704342084,455.0,241.0,2.0,COMPLETE,,,,,,,,
166.0,7.122464594540137e-05,2024-04-26 04:13:34.895479,2024-04-26 04:13:35.901380,0 days 00:00:01.005901,0.5811640910061898,775.0,0.6799165768088242,509.0,266.0,2.0,COMPLETE,,,,,,,,
167.0,1.4805490019589631e-05,2024-04-26 04:13:35.902380,2024-04-26 04:13:36.976586,0 days 00:00:01.074206,0.5680024902287248,777.0,0.6723391508434275,511.0,284.0,2.0,COMPLETE,,,,,,,,
168.0,0.00014728785310591158,2024-04-26 04:13:36.979584,2024-04-26 04:13:38.136296,0 days 00:00:01.156712,0.5777395331511754,777.0,0.6844250912039956,526.0,287.0,2.0,COMPLETE,,,,,,,,
169.0,0.0006637380249301863,2024-04-26 04:13:38.137296,2024-04-26 04:13:39.189051,0 days 00:00:01.051755,0.5994514409616772,711.0,0.7140480561791337,498.0,283.0,2.0,COMPLETE,,,,,,,,
170.0,0.0003955261849920385,2024-04-26 04:13:39.190035,2024-04-26 04:13:40.215790,0 days 00:00:01.025755,0.5817191473578499,834.0,0.6696360445727078,509.0,266.0,2.0,COMPLETE,,,,,,,,
171.0,0.0008049616141991057,2024-04-26 04:13:40.216788,2024-04-26 04:13:41.247124,0 days 00:00:01.030336,0.5643114455756671,791.0,0.5217582152826965,516.0,277.0,2.0,COMPLETE,,,,,,,,
172.0,0.004602865869567744,2024-04-26 04:13:41.248123,2024-04-26 04:13:42.347065,0 days 00:00:01.098942,0.6163023003593825,811.0,0.8492057792078277,537.0,263.0,2.0,COMPLETE,,,,,,,,
173.0,0.0008530277207425802,2024-04-26 04:13:42.348065,2024-04-26 04:13:43.483974,0 days 00:00:01.135909,0.5342961035944667,750.0,0.8810460996375356,510.0,282.0,2.0,COMPLETE,,,,,,,,
174.0,0.001792657308211021,2024-04-26 04:13:43.485660,2024-04-26 04:13:44.381605,0 days 00:00:00.895945,0.6280975402195589,868.0,0.5413651307047722,498.0,249.0,2.0,COMPLETE,,,,,,,,
175.0,4.0482495775849895e-05,2024-04-26 04:13:44.382605,2024-04-26 04:13:45.312823,0 days 00:00:00.930218,0.5912343860917245,762.0,0.4635712438226331,487.0,270.0,2.0,COMPLETE,,,,,,,,
176.0,0.0001332687885828388,2024-04-26 04:13:45.313824,2024-04-26 04:13:46.336377,0 days 00:00:01.022553,0.5862924427441033,774.0,0.47385275201976196,489.0,296.0,2.0,COMPLETE,,,,,,,,
177.0,0.0003895767727453572,2024-04-26 04:13:46.337356,2024-04-26 04:13:47.255174,0 days 00:00:00.917818,0.6472519456311895,735.0,0.45426732824556126,478.0,271.0,2.0,COMPLETE,,,,,,,,
178.0,0.0010096414541596124,2024-04-26 04:13:47.257176,2024-04-26 04:13:48.434603,0 days 00:00:01.177427,0.549052239378521,689.0,0.44269913495153557,523.0,322.0,2.0,COMPLETE,,,,,,,,
179.0,0.000535730683479008,2024-04-26 04:13:48.435604,2024-04-26 04:13:49.481055,0 days 00:00:01.045451,0.5942872545906901,766.0,0.48788016189350175,466.0,313.0,2.0,COMPLETE,,,,,,,,
180.0,0.0017247319421081942,2024-04-26 04:13:49.482054,2024-04-26 04:13:50.527827,0 days 00:00:01.045773,0.6058842836091293,705.0,0.6698204853594893,498.0,280.0,2.0,COMPLETE,,,,,,,,
181.0,0.0002192108567349278,2024-04-26 04:13:50.528828,2024-04-26 04:13:51.436422,0 days 00:00:00.907594,0.6704125905182066,793.0,0.46113836166565325,485.0,262.0,2.0,COMPLETE,,,,,,,,
182.0,4.65874183888278e-06,2024-04-26 04:13:51.437508,2024-04-26 04:13:52.354583,0 days 00:00:00.917075,0.8761536755251693,820.0,0.7068684690395901,476.0,256.0,2.0,COMPLETE,,,,,,,,
183.0,0.002458620576582857,2024-04-26 04:13:52.355561,2024-04-26 04:13:53.397583,0 days 00:00:01.042022,0.5122067797278613,843.0,0.7178660167309941,477.0,290.0,2.0,COMPLETE,,,,,,,,
184.0,0.0007780182927321976,2024-04-26 04:13:53.398582,2024-04-26 04:13:54.385308,0 days 00:00:00.986726,0.6316877520855945,754.0,0.7544195572060426,503.0,256.0,2.0,COMPLETE,,,,,,,,
185.0,6.672516044101561e-05,2024-04-26 04:13:54.386307,2024-04-26 04:13:55.364307,0 days 00:00:00.978000,0.5660646098798422,822.0,0.68996084113144,492.0,269.0,2.0,COMPLETE,,,,,,,,
186.0,0.001529069894112944,2024-04-26 04:13:55.365307,2024-04-26 04:13:56.365229,0 days 00:00:00.999922,0.5696521181614177,828.0,0.7039059527911259,488.0,274.0,2.0,COMPLETE,,,,,,,,
187.0,0.0024722526499462052,2024-04-26 04:13:56.367213,2024-04-26 04:13:56.937230,0 days 00:00:00.570017,0.6525043579522161,812.0,0.7313873522594639,266.0,271.0,2.0,COMPLETE,,,,,,,,
188.0,0.00011821282900243395,2024-04-26 04:13:56.939236,2024-04-26 04:13:57.934757,0 days 00:00:00.995521,0.5552781734206198,783.0,0.6883911272793746,509.0,265.0,2.0,COMPLETE,,,,,,,,
189.0,0.0006977265923796612,2024-04-26 04:13:57.935757,2024-04-26 04:13:58.483808,0 days 00:00:00.548051,0.6109403610394607,902.0,0.5152098364268962,292.0,248.0,2.0,COMPLETE,,,,,,,,
190.0,0.00037891914146335716,2024-04-26 04:13:58.485811,2024-04-26 04:13:58.933810,0 days 00:00:00.447999,0.5714957181903124,851.0,0.640605683055361,493.0,111.0,1.0,COMPLETE,,,,,,,,
191.0,0.001945135884826697,2024-04-26 04:13:58.934811,2024-04-26 04:14:00.020364,0 days 00:00:01.085553,0.6889404629479757,799.0,0.6747766359466425,470.0,306.0,2.0,COMPLETE,,,,,,,,
192.0,0.000313859316147891,2024-04-26 04:14:00.020891,2024-04-26 04:14:00.940096,0 days 00:00:00.919205,0.5377976949426017,740.0,0.6932880329698881,471.0,260.0,2.0,COMPLETE,,,,,,,,
193.0,0.0001474661755487601,2024-04-26 04:14:00.941095,2024-04-26 04:14:02.718760,0 days 00:00:01.777665,0.4519064055282495,668.0,0.6508516141707041,482.0,493.0,2.0,COMPLETE,,,,,,,,
194.0,0.0013239111069693196,2024-04-26 04:14:02.720760,2024-04-26 04:14:03.742761,0 days 00:00:01.022001,0.5892474208654361,816.0,0.6665943530203802,479.0,289.0,2.0,COMPLETE,,,,,,,,
195.0,0.0001481842028554835,2024-04-26 04:14:03.744761,2024-04-26 04:14:05.211033,0 days 00:00:01.466272,0.8816956988537065,766.0,0.60428343377366,449.0,430.0,2.0,COMPLETE,,,,,,,,
196.0,0.0008556836811009362,2024-04-26 04:14:05.212033,2024-04-26 04:14:06.824419,0 days 00:00:01.612386,0.856589613996311,729.0,0.8242837604770249,501.0,414.0,2.0,COMPLETE,,,,,,,,
197.0,0.0005929055026273387,2024-04-26 04:14:06.826420,2024-04-26 04:14:08.010446,0 days 00:00:01.184026,0.6628387104894232,789.0,0.43242042516573587,492.0,341.0,2.0,COMPLETE,,,,,,,,
198.0,0.000697413366325056,2024-04-26 04:14:08.011446,2024-04-26 04:14:09.731559,0 days 00:00:01.720113,0.6162077889651776,832.0,0.7088951520563878,463.0,484.0,2.0,COMPLETE,,,,,,,,
199.0,0.0007834671604290467,2024-04-26 04:14:09.732557,2024-04-26 04:14:10.769760,0 days 00:00:01.037203,0.6362906005689318,761.0,0.6275910654090388,511.0,277.0,2.0,COMPLETE,,,,,,,,
200.0,0.0005256854252317165,2024-04-26 04:14:10.770758,2024-04-26 04:14:12.027391,0 days 00:00:01.256633,0.7222664845804283,695.0,0.6867949020619991,551.0,301.0,2.0,COMPLETE,,,,,,,,
201.0,0.00021654759287782852,2024-04-26 04:14:12.029389,2024-04-26 04:14:12.617390,0 days 00:00:00.588001,0.8720623783248864,803.0,0.5648186141237665,332.0,234.0,2.0,COMPLETE,,,,,,,,
202.0,6.003364276601968e-05,2024-04-26 04:14:12.618368,2024-04-26 04:14:13.260057,0 days 00:00:00.641689,0.8931222108307909,821.0,0.6513354970086449,310.0,268.0,2.0,COMPLETE,,,,,,,,
203.0,0.00024136230886936906,2024-04-26 04:14:13.262057,2024-04-26 04:14:13.844178,0 days 00:00:00.582121,0.8839883333319496,825.0,0.6565077631089427,279.0,267.0,2.0,COMPLETE,,,,,,,,
204.0,8.486462410567638e-05,2024-04-26 04:14:13.846158,2024-04-26 04:14:14.469178,0 days 00:00:00.623020,0.8374260390312406,852.0,0.6809414260207478,318.0,252.0,2.0,COMPLETE,,,,,,,,
205.0,0.0011541075192517609,2024-04-26 04:14:14.470156,2024-04-26 04:14:15.463889,0 days 00:00:00.993733,0.849544001252369,871.0,0.5902368618881098,485.0,281.0,2.0,COMPLETE,,,,,,,,
206.0,0.00016373583468014033,2024-04-26 04:14:15.465090,2024-04-26 04:14:16.060130,0 days 00:00:00.595040,0.8983585426319353,780.0,0.5015132210789905,309.0,258.0,2.0,COMPLETE,,,,,,,,
207.0,0.0010036056657725938,2024-04-26 04:14:16.061127,2024-04-26 04:14:18.055257,0 days 00:00:01.994130,0.7081639268161369,802.0,0.6448383697460474,567.0,475.0,2.0,COMPLETE,,,,,,,,
208.0,0.0019301775927069891,2024-04-26 04:14:18.056257,2024-04-26 04:14:19.435521,0 days 00:00:01.379264,0.6785581138637738,713.0,0.6677373568244808,429.0,424.0,2.0,COMPLETE,,,,,,,,
209.0,0.0017084312199295406,2024-04-26 04:14:19.436521,2024-04-26 04:14:20.081422,0 days 00:00:00.644901,0.8247426475751996,751.0,0.7236220652778348,306.0,269.0,2.0,COMPLETE,,,,,,,,
210.0,6.63094419628779e-05,2024-04-26 04:14:20.082423,2024-04-26 04:14:20.626421,0 days 00:00:00.543998,0.8692822595036874,784.0,0.4707671461012505,298.0,244.0,2.0,COMPLETE,,,,,,,,
211.0,0.00010144598827017871,2024-04-26 04:14:20.627421,2024-04-26 04:14:21.168422,0 days 00:00:00.541001,0.8701411744429046,820.0,0.47205420409599574,292.0,247.0,2.0,COMPLETE,,,,,,,,
212.0,9.693201412919953e-05,2024-04-26 04:14:21.169421,2024-04-26 04:14:21.731698,0 days 00:00:00.562277,0.8602419870987749,940.0,0.48110342228103203,314.0,240.0,2.0,COMPLETE,,,,,,,,
213.0,0.0014142494183838465,2024-04-26 04:14:21.732700,2024-04-26 04:14:22.358762,0 days 00:00:00.626062,0.5613210602269149,778.0,0.500389728834974,326.0,258.0,2.0,COMPLETE,,,,,,,,
214.0,0.0007587922565355906,2024-04-26 04:14:22.359760,2024-04-26 04:14:22.967760,0 days 00:00:00.608000,0.6480567744153013,793.0,0.5345363396941052,300.0,271.0,2.0,COMPLETE,,,,,,,,
215.0,0.00012235776797202356,2024-04-26 04:14:22.968759,2024-04-26 04:14:23.524861,0 days 00:00:00.556102,0.5906903929686349,768.0,0.1379403796389786,284.0,284.0,2.0,COMPLETE,,,,,,,,
216.0,0.0006040970958243223,2024-04-26 04:14:23.525845,2024-04-26 04:14:25.402587,0 days 00:00:01.876742,0.8859950613055249,678.0,0.8612818953442629,476.0,499.0,2.0,COMPLETE,,,,,,,,
217.0,0.0001618103636744556,2024-04-26 04:14:25.403589,2024-04-26 04:14:26.968239,0 days 00:00:01.564650,0.6957767756191333,513.0,0.45021154206242214,494.0,447.0,2.0,COMPLETE,,,,,,,,
218.0,0.0009887881706525806,2024-04-26 04:14:26.969240,2024-04-26 04:14:27.968464,0 days 00:00:00.999224,0.39122603225083724,727.0,0.5525977770647872,518.0,268.0,2.0,COMPLETE,,,,,,,,
219.0,0.0009157986114961183,2024-04-26 04:14:27.969498,2024-04-26 04:14:28.832668,0 days 00:00:00.863170,0.6234186922315081,540.0,0.7055899035199455,438.0,253.0,1.0,COMPLETE,,,,,,,,
220.0,0.00011051556429125587,2024-04-26 04:14:28.833645,2024-04-26 04:14:29.613668,0 days 00:00:00.780023,0.8026678249968668,841.0,0.46554767773065325,411.0,264.0,2.0,COMPLETE,,,,,,,,
221.0,2.435059192832842e-05,2024-04-26 04:14:29.614645,2024-04-26 04:14:30.183462,0 days 00:00:00.568817,0.8875747099260178,812.0,0.6581935351334486,298.0,243.0,2.0,COMPLETE,,,,,,,,
222.0,0.00025053753442321277,2024-04-26 04:14:30.184462,2024-04-26 04:14:30.708001,0 days 00:00:00.523539,0.8712033495244619,803.0,0.660568134725425,296.0,224.0,2.0,COMPLETE,,,,,,,,
223.0,4.2304608321452605e-05,2024-04-26 04:14:30.709005,2024-04-26 04:14:31.609004,0 days 00:00:00.899999,0.8986319802502252,823.0,0.626824374502536,271.0,434.0,2.0,COMPLETE,,,,,,,,
224.0,0.0006339719440363723,2024-04-26 04:14:31.610980,2024-04-26 04:14:32.135471,0 days 00:00:00.524491,0.8964142074917673,822.0,0.6188577014227924,278.0,241.0,2.0,COMPLETE,,,,,,,,
225.0,0.00011552056580156497,2024-04-26 04:14:32.136472,2024-04-26 04:14:33.033845,0 days 00:00:00.897373,0.8830058208020662,785.0,0.6358254429724933,269.0,435.0,2.0,COMPLETE,,,,,,,,
226.0,7.88650319670604e-05,2024-04-26 04:14:33.035844,2024-04-26 04:14:33.673846,0 days 00:00:00.638002,0.8743583468276668,838.0,0.6452283345361377,299.0,277.0,2.0,COMPLETE,,,,,,,,
227.0,0.0013212792160218452,2024-04-26 04:14:33.675846,2024-04-26 04:14:34.174903,0 days 00:00:00.499057,0.8509912125789335,888.0,0.6802490277871364,247.0,253.0,2.0,COMPLETE,,,,,,,,
228.0,4.5897845766017e-05,2024-04-26 04:14:34.175904,2024-04-26 04:14:34.730285,0 days 00:00:00.554381,0.8881410149718459,861.0,0.576687870360163,294.0,245.0,2.0,COMPLETE,,,,,,,,
229.0,3.228217599733439e-05,2024-04-26 04:14:34.732285,2024-04-26 04:14:35.270285,0 days 00:00:00.538000,0.8939615452819416,866.0,0.5631888788114359,287.0,244.0,2.0,COMPLETE,,,,,,,,
230.0,1.935161641129653e-05,2024-04-26 04:14:35.271262,2024-04-26 04:14:35.806284,0 days 00:00:00.535022,0.8886489352358948,860.0,0.5779470033044918,288.0,241.0,2.0,COMPLETE,,,,,,,,
231.0,0.00033593497290945566,2024-04-26 04:14:35.807283,2024-04-26 04:14:36.316196,0 days 00:00:00.508913,0.8998130286342282,870.0,0.5772581753708198,287.0,227.0,2.0,COMPLETE,,,,,,,,
232.0,0.0010267649154441481,2024-04-26 04:14:36.317197,2024-04-26 04:14:36.839139,0 days 00:00:00.521942,0.8853009363071129,889.0,0.5559751855368694,275.0,245.0,2.0,COMPLETE,,,,,,,,
233.0,1.3429012496672835e-05,2024-04-26 04:14:36.841139,2024-04-26 04:14:37.365143,0 days 00:00:00.524004,0.8872610363893872,846.0,0.5905019565385197,290.0,233.0,2.0,COMPLETE,,,,,,,,
234.0,0.0007061944162609039,2024-04-26 04:14:37.366116,2024-04-26 04:14:37.889138,0 days 00:00:00.523022,0.8720818498241149,860.0,0.5856123194135403,292.0,232.0,2.0,COMPLETE,,,,,,,,
235.0,4.596196966874763e-05,2024-04-26 04:14:37.890138,2024-04-26 04:14:38.419691,0 days 00:00:00.529553,0.8968543709248998,860.0,0.5750715890603992,286.0,239.0,2.0,COMPLETE,,,,,,,,
236.0,5.598054121410202e-05,2024-04-26 04:14:38.420668,2024-04-26 04:14:38.904017,0 days 00:00:00.483349,0.8939803457490056,922.0,0.5758232204465701,260.0,236.0,2.0,COMPLETE,,,,,,,,
237.0,0.0002831282574604684,2024-04-26 04:14:38.905118,2024-04-26 04:14:39.348093,0 days 00:00:00.442975,0.8951677918476575,928.0,0.600141435363786,254.0,216.0,2.0,COMPLETE,,,,,,,,
238.0,6.132975123289945e-05,2024-04-26 04:14:39.349075,2024-04-26 04:14:39.840094,0 days 00:00:00.491019,0.8996916558565239,894.0,0.5657919043316645,268.0,234.0,2.0,COMPLETE,,,,,,,,
239.0,0.0005688069528841835,2024-04-26 04:14:39.841094,2024-04-26 04:14:40.321093,0 days 00:00:00.479999,0.8605320257329219,964.0,0.5813037622889528,272.0,224.0,2.0,COMPLETE,,,,,,,,
240.0,0.00025580599935788037,2024-04-26 04:14:40.323071,2024-04-26 04:14:40.853943,0 days 00:00:00.530872,0.8880668556787518,909.0,0.5983706177674702,283.0,241.0,2.0,COMPLETE,,,,,,,,
241.0,6.957121169107226e-06,2024-04-26 04:14:40.854945,2024-04-26 04:14:41.330167,0 days 00:00:00.475222,0.8953798725922222,882.0,0.5689677447381014,255.0,236.0,2.0,COMPLETE,,,,,,,,
242.0,2.664025427178714e-05,2024-04-26 04:14:41.332169,2024-04-26 04:14:41.765167,0 days 00:00:00.432998,0.8828704228947492,870.0,0.5492055709272713,240.0,226.0,2.0,COMPLETE,,,,,,,,
243.0,0.0001359278444592067,2024-04-26 04:14:41.766172,2024-04-26 04:14:42.246150,0 days 00:00:00.479978,0.8786582231360656,876.0,0.5725185636799557,266.0,230.0,2.0,COMPLETE,,,,,,,,
244.0,0.00011290872196136786,2024-04-26 04:14:42.247148,2024-04-26 04:14:42.625331,0 days 00:00:00.378183,0.8820005862034145,859.0,0.5430898045904056,227.0,203.0,2.0,COMPLETE,,,,,,,,
245.0,0.0003677744000753102,2024-04-26 04:14:42.626374,2024-04-26 04:14:43.052388,0 days 00:00:00.426014,0.8735771126585239,917.0,0.5692965471322275,237.0,223.0,2.0,COMPLETE,,,,,,,,
246.0,0.00073297186001479,2024-04-26 04:14:43.053388,2024-04-26 04:14:43.535026,0 days 00:00:00.481638,0.8598307818777998,882.0,0.5894624607891701,254.0,239.0,2.0,COMPLETE,,,,,,,,
247.0,7.438169611672025e-05,2024-04-26 04:14:43.536030,2024-04-26 04:14:44.022008,0 days 00:00:00.485978,0.8977307063439861,856.0,0.5511938096782023,263.0,236.0,2.0,COMPLETE,,,,,,,,
248.0,0.0004182702310111986,2024-04-26 04:14:44.023030,2024-04-26 04:14:44.469029,0 days 00:00:00.445999,0.8845138999737487,850.0,0.5785915565178078,246.0,228.0,2.0,COMPLETE,,,,,,,,
249.0,5.466640303810241e-05,2024-04-26 04:14:44.470030,2024-04-26 04:14:44.917717,0 days 00:00:00.447687,0.8404537675099388,872.0,0.5629377840836477,261.0,214.0,2.0,COMPLETE,,,,,,,,
250.0,0.0004077333140777847,2024-04-26 04:14:44.918717,2024-04-26 04:14:45.343709,0 days 00:00:00.424992,0.84486297669734,892.0,0.5524365165235897,243.0,217.0,2.0,COMPLETE,,,,,,,,
251.0,4.7752041467648345e-05,2024-04-26 04:14:45.345688,2024-04-26 04:14:45.773709,0 days 00:00:00.428021,0.8641729269607725,869.0,0.5287021933581781,262.0,206.0,2.0,COMPLETE,,,,,,,,
252.0,0.002760329897330356,2024-04-26 04:14:45.774710,2024-04-26 04:14:46.235692,0 days 00:00:00.460982,0.8543150155783757,864.0,0.5319934000987421,284.0,209.0,2.0,COMPLETE,,,,,,,,
253.0,0.00015972121691936917,2024-04-26 04:14:46.237690,2024-04-26 04:14:46.685710,0 days 00:00:00.448020,0.8731423150471079,844.0,0.5371377770131306,274.0,208.0,2.0,COMPLETE,,,,,,,,
254.0,0.00033321561400012916,2024-04-26 04:14:46.686710,2024-04-26 04:14:47.176133,0 days 00:00:00.489423,0.834009457177524,870.0,0.6111766660142001,281.0,220.0,2.0,COMPLETE,,,,,,,,
255.0,0.0016789931927698146,2024-04-26 04:14:47.178131,2024-04-26 04:14:47.568116,0 days 00:00:00.389985,0.8610394384872386,839.0,0.5181726059943288,256.0,187.0,2.0,COMPLETE,,,,,,,,
256.0,0.0002645570199106644,2024-04-26 04:14:47.569119,2024-04-26 04:14:47.972114,0 days 00:00:00.402995,0.8449266888744569,875.0,0.5627471532917592,259.0,192.0,2.0,COMPLETE,,,,,,,,
257.0,0.0003619386812717822,2024-04-26 04:14:47.974115,2024-04-26 04:14:48.530116,0 days 00:00:00.556001,0.8999636045931306,841.0,0.542221577893568,289.0,253.0,2.0,COMPLETE,,,,,,,,
258.0,3.8306027169486064e-05,2024-04-26 04:14:48.531115,2024-04-26 04:14:48.929239,0 days 00:00:00.398124,0.8697539469386417,907.0,0.5610265501806379,241.0,202.0,2.0,COMPLETE,,,,,,,,
259.0,0.0004906317109646686,2024-04-26 04:14:48.930934,2024-04-26 04:14:49.317890,0 days 00:00:00.386956,0.8641493558028153,900.0,0.5238724173551244,233.0,205.0,2.0,COMPLETE,,,,,,,,
260.0,5.767514760483887e-06,2024-04-26 04:14:49.318889,2024-04-26 04:14:49.742718,0 days 00:00:00.423829,0.8831202045179175,903.0,0.5905713171688564,248.0,211.0,2.0,COMPLETE,,,,,,,,
261.0,0.00015811197974124162,2024-04-26 04:14:49.744722,2024-04-26 04:14:50.135719,0 days 00:00:00.390997,0.8827358992160995,901.0,0.6039345631238194,242.0,197.0,2.0,COMPLETE,,,,,,,,
262.0,9.930856155686196e-05,2024-04-26 04:14:50.137700,2024-04-26 04:14:50.596719,0 days 00:00:00.459019,0.8791165418055645,918.0,0.5876069546951507,294.0,196.0,2.0,COMPLETE,,,,,,,,
263.0,8.442260689657973e-05,2024-04-26 04:14:50.597718,2024-04-26 04:14:51.081759,0 days 00:00:00.484041,0.8679391441077555,889.0,0.8805364509476336,249.0,229.0,2.0,COMPLETE,,,,,,,,
264.0,0.0006366601940320984,2024-04-26 04:14:51.083378,2024-04-26 04:14:51.581147,0 days 00:00:00.497769,0.8797518266198242,853.0,0.5933799661225594,251.0,244.0,2.0,COMPLETE,,,,,,,,
265.0,2.326393327026951e-05,2024-04-26 04:14:51.582147,2024-04-26 04:14:52.053266,0 days 00:00:00.471119,0.8645327651003353,827.0,0.545328626416244,238.0,248.0,2.0,COMPLETE,,,,,,,,
266.0,0.00033348661365333477,2024-04-26 04:14:52.054265,2024-04-26 04:14:52.488264,0 days 00:00:00.433999,0.8615442690242894,824.0,0.5542255807839113,220.0,246.0,2.0,COMPLETE,,,,,,,,
267.0,0.00011733762618012052,2024-04-26 04:14:52.489244,2024-04-26 04:14:52.841265,0 days 00:00:00.352021,0.855357205663347,835.0,0.5259871393885431,230.0,183.0,2.0,COMPLETE,,,,,,,,
268.0,0.0006276158094071702,2024-04-26 04:14:52.842265,2024-04-26 04:14:53.227815,0 days 00:00:00.385550,0.89961497925656,858.0,0.5333667522672382,223.0,213.0,2.0,COMPLETE,,,,,,,,
269.0,0.0004185519642814807,2024-04-26 04:14:53.229458,2024-04-26 04:14:53.693052,0 days 00:00:00.463594,0.8829994722181143,937.0,0.5106418318878309,236.0,250.0,2.0,COMPLETE,,,,,,,,
270.0,0.00012310367251222273,2024-04-26 04:14:53.694052,2024-04-26 04:14:54.128238,0 days 00:00:00.434186,0.8712236548478188,902.0,0.570534253713005,244.0,220.0,2.0,COMPLETE,,,,,,,,
271.0,8.564790030684961e-05,2024-04-26 04:14:54.129239,2024-04-26 04:14:54.538219,0 days 00:00:00.408980,0.8527099919657354,806.0,0.5530128471348267,217.0,233.0,2.0,COMPLETE,,,,,,,,
272.0,1.7182710348125694e-05,2024-04-26 04:14:54.539222,2024-04-26 04:14:55.003237,0 days 00:00:00.464015,0.8298321320111688,878.0,0.6121747726608318,238.0,243.0,2.0,COMPLETE,,,,,,,,
273.0,0.00033884570012818064,2024-04-26 04:14:55.004240,2024-04-26 04:14:55.458544,0 days 00:00:00.454304,0.8252136572855485,876.0,0.5946975604185039,237.0,238.0,2.0,COMPLETE,,,,,,,,
274.0,0.001829883291411114,2024-04-26 04:14:55.459564,2024-04-26 04:14:55.936580,0 days 00:00:00.477016,0.8373771183429646,951.0,0.603497664243138,242.0,247.0,2.0,COMPLETE,,,,,,,,
275.0,6.584517106895003e-05,2024-04-26 04:14:55.937726,2024-04-26 04:14:56.448741,0 days 00:00:00.511015,0.8832547347815952,857.0,0.6133190479769237,252.0,257.0,2.0,COMPLETE,,,,,,,,
276.0,0.000198280526168041,2024-04-26 04:14:56.449718,2024-04-26 04:14:56.916740,0 days 00:00:00.467022,0.8563286721252386,885.0,0.8966759162750029,273.0,200.0,2.0,COMPLETE,,,,,,,,
277.0,0.00030032757842465195,2024-04-26 04:14:56.917741,2024-04-26 04:14:57.306740,0 days 00:00:00.388999,0.8996755767918023,915.0,0.6274346265918407,205.0,227.0,2.0,COMPLETE,,,,,,,,
278.0,0.0006481559173384824,2024-04-26 04:14:57.307740,2024-04-26 04:14:57.842341,0 days 00:00:00.534601,0.8686685965727817,842.0,0.578342586414422,283.0,242.0,2.0,COMPLETE,,,,,,,,
279.0,0.0005242652586376252,2024-04-26 04:14:57.843342,2024-04-26 04:14:58.367072,0 days 00:00:00.523730,0.883024327283475,888.0,0.852085246781047,301.0,208.0,2.0,COMPLETE,,,,,,,,
280.0,0.0005479720956136804,2024-04-26 04:14:58.369076,2024-04-26 04:14:58.811073,0 days 00:00:00.441997,0.8433994707697524,864.0,0.39203158191883786,229.0,252.0,2.0,COMPLETE,,,,,,,,
281.0,0.0006368176001216184,2024-04-26 04:14:58.813079,2024-04-26 04:14:59.231074,0 days 00:00:00.417995,0.8743119277527913,336.0,0.6182071676415015,214.0,236.0,2.0,COMPLETE,,,,,,,,
282.0,0.00014279342325969577,2024-04-26 04:14:59.232077,2024-04-26 04:14:59.689848,0 days 00:00:00.457771,0.8177731439397035,811.0,0.5816546955924662,258.0,223.0,2.0,COMPLETE,,,,,,,,
283.0,0.0003332709459270453,2024-04-26 04:14:59.690845,2024-04-26 04:15:00.201501,0 days 00:00:00.510656,0.8869257807533344,837.0,0.5479808073924587,266.0,246.0,2.0,COMPLETE,,,,,,,,
284.0,0.0001791864106418495,2024-04-26 04:15:00.202039,2024-04-26 04:15:01.360148,0 days 00:00:01.158109,0.8996881407683102,898.0,0.8310384102657847,585.0,257.0,2.0,COMPLETE,,,,,,,,
285.0,0.0018062232311298549,2024-04-26 04:15:01.361146,2024-04-26 04:15:01.808881,0 days 00:00:00.447735,0.865764373297211,865.0,0.5962836431937109,239.0,233.0,2.0,COMPLETE,,,,,,,,
286.0,4.708262750036449e-05,2024-04-26 04:15:01.809884,2024-04-26 04:15:02.282882,0 days 00:00:00.472998,0.8538758656239162,656.0,0.5666924362106349,276.0,217.0,2.0,COMPLETE,,,,,,,,
287.0,0.000864784649129205,2024-04-26 04:15:02.283882,2024-04-26 04:15:02.788500,0 days 00:00:00.504618,0.4923714797543399,646.0,0.5752691434391745,290.0,220.0,2.0,COMPLETE,,,,,,,,
288.0,0.00022358238479641815,2024-04-26 04:15:02.789500,2024-04-26 04:15:03.536500,0 days 00:00:00.747000,0.8474099613752529,684.0,0.6101866678101108,276.0,352.0,2.0,COMPLETE,,,,,,,,
289.0,0.00016735690811897432,2024-04-26 04:15:03.537500,2024-04-26 04:15:04.039728,0 days 00:00:00.502228,0.1660615583241139,665.0,0.565829945002024,282.0,228.0,2.0,COMPLETE,,,,,,,,
290.0,0.00028360748047940985,2024-04-26 04:15:04.040729,2024-04-26 04:15:04.620505,0 days 00:00:00.579776,0.7316451263696996,655.0,0.8670469361412944,292.0,240.0,2.0,COMPLETE,,,,,,,,
291.0,8.653544053019374e-05,2024-04-26 04:15:04.622508,2024-04-26 04:15:05.214525,0 days 00:00:00.592017,0.8838370637313661,702.0,0.5902857552203516,308.0,251.0,2.0,COMPLETE,,,,,,,,
292.0,0.00010177714958360201,2024-04-26 04:15:05.215524,2024-04-26 04:15:05.643525,0 days 00:00:00.428001,0.8366364590894926,807.0,0.5620432868567524,248.0,215.0,2.0,COMPLETE,,,,,,,,
293.0,0.0004587218537274423,2024-04-26 04:15:05.645530,2024-04-26 04:15:06.253597,0 days 00:00:00.608067,0.7115446622944906,830.0,0.6272604425816668,302.0,260.0,2.0,COMPLETE,,,,,,,,
294.0,0.00017965151102717497,2024-04-26 04:15:06.255598,2024-04-26 04:15:06.960890,0 days 00:00:00.705292,0.8703601961556733,686.0,0.5836206736259989,393.0,240.0,2.0,COMPLETE,,,,,,,,
295.0,0.0003527034784866018,2024-04-26 04:15:06.961888,2024-04-26 04:15:07.392890,0 days 00:00:00.431002,0.8849198347979823,814.0,0.6089867401285445,232.0,229.0,2.0,COMPLETE,,,,,,,,
296.0,0.0005524102617311625,2024-04-26 04:15:07.393890,2024-04-26 04:15:07.953890,0 days 00:00:00.560000,0.8999455599258587,636.0,0.55090225029188,296.0,247.0,2.0,COMPLETE,,,,,,,,
297.0,0.00014809272179339112,2024-04-26 04:15:07.955894,2024-04-26 04:15:08.450762,0 days 00:00:00.494868,0.852517427050521,853.0,0.569133173819542,271.0,233.0,2.0,COMPLETE,,,,,,,,
298.0,0.0005843251173952012,2024-04-26 04:15:08.451764,2024-04-26 04:15:08.979566,0 days 00:00:00.527802,0.82562265426468,716.0,0.4126087708323197,280.0,252.0,2.0,COMPLETE,,,,,,,,
299.0,0.00012269943571077991,2024-04-26 04:15:08.980565,2024-04-26 04:15:09.479565,0 days 00:00:00.499000,0.864147076507872,907.0,0.5910285754428721,288.0,221.0,2.0,COMPLETE,,,,,,,,
300.0,0.0008553049077728154,2024-04-26 04:15:09.480574,2024-04-26 04:15:09.973565,0 days 00:00:00.492991,0.507981498809494,831.0,0.773018915551631,250.0,239.0,2.0,COMPLETE,,,,,,,,
301.0,0.0005651026170226315,2024-04-26 04:15:09.974566,2024-04-26 04:15:10.447515,0 days 00:00:00.472949,0.13182262503961667,934.0,0.5440744938578931,280.0,215.0,2.0,COMPLETE,,,,,,,,
302.0,0.0005592239520417501,2024-04-26 04:15:10.449514,2024-04-26 04:15:11.169746,0 days 00:00:00.720232,0.4701574999493549,880.0,0.6289747482182492,365.0,261.0,2.0,COMPLETE,,,,,,,,
303.0,0.0002588495411733712,2024-04-26 04:15:11.170744,2024-04-26 04:15:11.868744,0 days 00:00:00.698000,0.8825341773186403,665.0,0.6019633153889071,379.0,245.0,2.0,COMPLETE,,,,,,,,
304.0,0.00015685072940791096,2024-04-26 04:15:11.869745,2024-04-26 04:15:12.303725,0 days 00:00:00.433980,0.8526473772935673,819.0,0.576577309630716,238.0,227.0,2.0,COMPLETE,,,,,,,,
305.0,0.0004995217211751727,2024-04-26 04:15:12.305727,2024-04-26 04:15:12.795430,0 days 00:00:00.489703,0.7000326145809151,801.0,0.8128683847280999,225.0,259.0,2.0,COMPLETE,,,,,,,,
306.0,6.249996573784264e-05,2024-04-26 04:15:12.797429,2024-04-26 04:15:13.882498,0 days 00:00:01.085069,0.877546518311756,260.0,0.5008606210269675,319.0,454.0,2.0,COMPLETE,,,,,,,,
307.0,0.0007119990683216388,2024-04-26 04:15:13.884496,2024-04-26 04:15:14.442514,0 days 00:00:00.558018,0.8846397589606413,847.0,0.5640067555582834,303.0,236.0,2.0,COMPLETE,,,,,,,,
308.0,8.558737135777398e-05,2024-04-26 04:15:14.444495,2024-04-26 04:15:15.338032,0 days 00:00:00.893537,0.8652657331115733,748.0,0.872669381107013,544.0,208.0,2.0,COMPLETE,,,,,,,,
309.0,0.00049289973661682,2024-04-26 04:15:15.339031,2024-04-26 04:15:16.366052,0 days 00:00:01.027021,0.8995729166248726,706.0,0.5845512634744516,294.0,462.0,2.0,COMPLETE,,,,,,,,
310.0,0.00010536970208412615,2024-04-26 04:15:16.367052,2024-04-26 04:15:16.949422,0 days 00:00:00.582370,0.8388074064997526,849.0,0.8459241637322348,275.0,251.0,2.0,COMPLETE,,,,,,,,
311.0,0.00043100901465710387,2024-04-26 04:15:16.950424,2024-04-26 04:15:17.795013,0 days 00:00:00.844589,0.5263501222456601,883.0,0.6121517290948089,245.0,444.0,2.0,COMPLETE,,,,,,,,
312.0,5.305442404795427e-05,2024-04-26 04:15:17.797013,2024-04-26 04:15:18.633011,0 days 00:00:00.835998,0.8729097857219229,791.0,0.5588042305904736,574.0,201.0,2.0,COMPLETE,,,,,,,,
313.0,0.0017715108054603623,2024-04-26 04:15:18.634013,2024-04-26 04:15:19.133844,0 days 00:00:00.499831,0.718646099734565,911.0,0.5923573888116045,258.0,245.0,2.0,COMPLETE,,,,,,,,
314.0,0.000579855155788699,2024-04-26 04:15:19.135843,2024-04-26 04:15:19.550167,0 days 00:00:00.414324,0.851378712411622,821.0,0.5461729132834484,286.0,179.0,2.0,COMPLETE,,,,,,,,
315.0,0.0002609922160952132,2024-04-26 04:15:19.551148,2024-04-26 04:15:20.024167,0 days 00:00:00.473019,0.8860114008669783,738.0,0.5141903661492526,270.0,224.0,2.0,COMPLETE,,,,,,,,
316.0,3.800493188866413e-05,2024-04-26 04:15:20.026168,2024-04-26 04:15:20.468167,0 days 00:00:00.441999,0.8118422117742176,685.0,0.4371521345076638,243.0,235.0,2.0,COMPLETE,,,,,,,,
317.0,1.5920807049168898e-05,2024-04-26 04:15:20.470167,2024-04-26 04:15:20.894106,0 days 00:00:00.423939,0.7738341591414463,866.0,0.48733907514964236,234.0,229.0,2.0,COMPLETE,,,,,,,,
318.0,0.00097658953601819,2024-04-26 04:15:20.895250,2024-04-26 04:15:21.320647,0 days 00:00:00.425397,0.8048220208319627,872.0,0.43753047307627563,230.0,235.0,2.0,COMPLETE,,,,,,,,
319.0,4.783162711182355e-05,2024-04-26 04:15:21.321648,2024-04-26 04:15:21.756019,0 days 00:00:00.434371,0.8164116454698526,891.0,0.49022287388064695,236.0,233.0,2.0,COMPLETE,,,,,,,,
320.0,0.00018893175318615888,2024-04-26 04:15:21.758020,2024-04-26 04:15:22.219019,0 days 00:00:00.460999,0.7550570021231225,837.0,0.46109316284962387,246.0,243.0,2.0,COMPLETE,,,,,,,,
321.0,0.00010016960644597381,2024-04-26 04:15:22.220021,2024-04-26 04:15:22.661021,0 days 00:00:00.441000,0.7366657511430454,863.0,0.4467893244955876,223.0,255.0,2.0,COMPLETE,,,,,,,,
322.0,1.1946495598256753e-05,2024-04-26 04:15:22.662021,2024-04-26 04:15:23.080843,0 days 00:00:00.418822,0.7899366202207624,763.0,0.44726385660618223,231.0,228.0,2.0,COMPLETE,,,,,,,,
323.0,0.0002768928055851455,2024-04-26 04:15:23.082439,2024-04-26 04:15:23.494461,0 days 00:00:00.412022,0.7803256380357136,773.0,0.4186304826612678,232.0,227.0,2.0,COMPLETE,,,,,,,,
324.0,0.00040567821560774815,2024-04-26 04:15:23.495462,2024-04-26 04:15:23.936027,0 days 00:00:00.440565,0.8010308552487846,762.0,0.42822855486272965,243.0,231.0,2.0,COMPLETE,,,,,,,,
325.0,0.0006155665266238502,2024-04-26 04:15:23.937026,2024-04-26 04:15:24.430025,0 days 00:00:00.492999,0.7853354693346769,797.0,0.4363895309378437,219.0,293.0,2.0,COMPLETE,,,,,,,,
326.0,9.689158637532836e-06,2024-04-26 04:15:24.432030,2024-04-26 04:15:25.066004,0 days 00:00:00.633974,0.7763773381860979,724.0,0.4502873076245364,253.0,334.0,2.0,COMPLETE,,,,,,,,
327.0,0.0014365285870253264,2024-04-26 04:15:25.067004,2024-04-26 04:15:25.689645,0 days 00:00:00.622641,0.756962184817454,727.0,0.45827585111750224,250.0,328.0,2.0,COMPLETE,,,,,,,,
328.0,0.0008002221598788855,2024-04-26 04:15:25.690623,2024-04-26 04:15:26.303189,0 days 00:00:00.612566,0.7553504261030125,736.0,0.39777604295309327,236.0,346.0,2.0,COMPLETE,,,,,,,,
329.0,8.288673528098546e-05,2024-04-26 04:15:26.305188,2024-04-26 04:15:26.970187,0 days 00:00:00.664999,0.7779271729774216,751.0,0.4763150844175856,242.0,365.0,2.0,COMPLETE,,,,,,,,
330.0,0.0007394404913498318,2024-04-26 04:15:26.972187,2024-04-26 04:15:27.449559,0 days 00:00:00.477372,0.6913730549968286,761.0,0.44885153999875504,213.0,286.0,2.0,COMPLETE,,,,,,,,
331.0,0.0005756911054767323,2024-04-26 04:15:27.450547,2024-04-26 04:15:28.107936,0 days 00:00:00.657389,0.8000149003283844,783.0,0.48229110790583046,257.0,338.0,2.0,COMPLETE,,,,,,,,
332.0,2.838326182195164e-05,2024-04-26 04:15:28.108935,2024-04-26 04:15:28.507938,0 days 00:00:00.399003,0.7676915575624672,718.0,0.41797831304073696,229.0,220.0,2.0,COMPLETE,,,,,,,,
333.0,0.0007926602852443633,2024-04-26 04:15:28.508935,2024-04-26 04:15:28.891917,0 days 00:00:00.382982,0.7961447624811225,712.0,0.40031042308108583,225.0,214.0,2.0,COMPLETE,,,,,,,,
334.0,0.00026662542886607074,2024-04-26 04:15:28.892938,2024-04-26 04:15:29.265934,0 days 00:00:00.372996,0.768916959476834,720.0,0.43437353262817163,208.0,222.0,2.0,COMPLETE,,,,,,,,
335.0,0.000171328309720738,2024-04-26 04:15:29.266939,2024-04-26 04:15:29.819964,0 days 00:00:00.553025,0.7789235452415931,697.0,0.4522361516823049,230.0,314.0,2.0,COMPLETE,,,,,,,,
336.0,0.0006658431076913761,2024-04-26 04:15:29.821966,2024-04-26 04:15:30.364291,0 days 00:00:00.542325,0.821664527119995,743.0,0.4378849990300041,236.0,300.0,2.0,COMPLETE,,,,,,,,
337.0,3.825765863961995e-05,2024-04-26 04:15:30.366285,2024-04-26 04:15:30.741307,0 days 00:00:00.375022,0.7655876876811274,136.0,0.4147927950016048,240.0,194.0,2.0,COMPLETE,,,,,,,,
338.0,0.0003935113674562859,2024-04-26 04:15:30.742307,2024-04-26 04:15:31.131306,0 days 00:00:00.388999,0.766794516191595,145.0,0.3931760468142832,228.0,214.0,2.0,COMPLETE,,,,,,,,
339.0,0.0003591386248179859,2024-04-26 04:15:31.133306,2024-04-26 04:15:31.515308,0 days 00:00:00.382002,0.7862899690131065,396.0,0.41344591064483227,239.0,200.0,2.0,COMPLETE,,,,,,,,
340.0,0.0013373264610323393,2024-04-26 04:15:31.516307,2024-04-26 04:15:31.870195,0 days 00:00:00.353888,0.7460979315240149,124.0,0.41935226950018506,248.0,172.0,2.0,COMPLETE,,,,,,,,
341.0,0.0010906026266257888,2024-04-26 04:15:31.871199,2024-04-26 04:15:32.247863,0 days 00:00:00.376664,0.8120182785464364,690.0,0.38073656984296245,223.0,201.0,2.0,COMPLETE,,,,,,,,
342.0,0.00018983311055032577,2024-04-26 04:15:32.248861,2024-04-26 04:15:32.595862,0 days 00:00:00.347001,0.7282182080723869,715.0,0.4077415657312767,218.0,195.0,2.0,COMPLETE,,,,,,,,
343.0,0.0003681097216052483,2024-04-26 04:15:32.596862,2024-04-26 04:15:32.969863,0 days 00:00:00.373001,0.7889834734956925,299.0,0.4147384257794956,239.0,192.0,2.0,COMPLETE,,,,,,,,
344.0,0.00039770877742427256,2024-04-26 04:15:32.970863,2024-04-26 04:15:33.352861,0 days 00:00:00.381998,0.7622159230360208,364.0,0.4193469478404576,253.0,186.0,2.0,COMPLETE,,,,,,,,
345.0,0.00012881182128879722,2024-04-26 04:15:33.353844,2024-04-26 04:15:33.775120,0 days 00:00:00.421276,0.7748206282033703,728.0,0.8989372521453485,230.0,205.0,2.0,COMPLETE,,,,,,,,
346.0,0.0012634849925192205,2024-04-26 04:15:33.776121,2024-04-26 04:15:34.604373,0 days 00:00:00.828252,0.8276461118091613,995.0,0.3793113881710565,528.0,224.0,2.0,COMPLETE,,,,,,,,
347.0,0.0001548859059903062,2024-04-26 04:15:34.605392,2024-04-26 04:15:35.297377,0 days 00:00:00.691985,0.7523558376442699,922.0,0.4366082782038009,247.0,374.0,2.0,COMPLETE,,,,,,,,
348.0,0.0001043614079534484,2024-04-26 04:15:35.298376,2024-04-26 04:15:35.714376,0 days 00:00:00.416000,0.7380085614534938,427.0,0.49984465252923227,240.0,214.0,2.0,COMPLETE,,,,,,,,
349.0,0.0003498182056396576,2024-04-26 04:15:35.715375,2024-04-26 04:15:36.132568,0 days 00:00:00.417193,0.8095962019343905,901.0,0.42741440508601075,232.0,227.0,2.0,COMPLETE,,,,,,,,
350.0,0.00014346971884714475,2024-04-26 04:15:36.133569,2024-04-26 04:15:36.582276,0 days 00:00:00.448707,0.7092350990404723,688.0,0.48465768687314187,244.0,233.0,2.0,COMPLETE,,,,,,,,
351.0,0.001338693489915952,2024-04-26 04:15:36.583278,2024-04-26 04:15:37.615278,0 days 00:00:01.032000,0.7994982715448328,943.0,0.88153781095212,555.0,239.0,2.0,COMPLETE,,,,,,,,
352.0,0.00011285043913382612,2024-04-26 04:15:37.617279,2024-04-26 04:15:38.050055,0 days 00:00:00.432776,0.7790054627928861,800.0,0.36596582660078947,254.0,208.0,2.0,COMPLETE,,,,,,,,
353.0,0.0006273448440477732,2024-04-26 04:15:38.051055,2024-04-26 04:15:38.429073,0 days 00:00:00.378018,0.8322745808112619,747.0,0.3999577032147825,214.0,221.0,2.0,COMPLETE,,,,,,,,
354.0,0.00042143821178202014,2024-04-26 04:15:38.431076,2024-04-26 04:15:38.896793,0 days 00:00:00.465717,0.7232078329767592,714.0,0.8573160196148003,226.0,238.0,2.0,COMPLETE,,,,,,,,
355.0,0.0007827274737677901,2024-04-26 04:15:38.898793,2024-04-26 04:15:39.847793,0 days 00:00:00.949000,0.7667468490038029,778.0,0.5113917569937141,535.0,248.0,2.0,COMPLETE,,,,,,,,
356.0,4.715104559613327e-06,2024-04-26 04:15:39.849793,2024-04-26 04:15:41.144180,0 days 00:00:01.294387,0.6820801658700174,179.0,0.46210674340923297,565.0,322.0,2.0,COMPLETE,,,,,,,,
357.0,0.0006143476723716354,2024-04-26 04:15:41.146180,2024-04-26 04:15:41.975180,0 days 00:00:00.829000,0.7231251079656777,142.0,0.46260518095574465,338.0,335.0,2.0,COMPLETE,,,,,,,,
358.0,0.00677921891463501,2024-04-26 04:15:41.976181,2024-04-26 04:15:42.949806,0 days 00:00:00.973625,0.6870249888633453,156.0,0.4723664581558593,594.0,230.0,2.0,COMPLETE,,,,,,,,
359.0,0.0022039967914839606,2024-04-26 04:15:42.950785,2024-04-26 04:15:44.285788,0 days 00:00:01.335003,0.6710144668901119,103.0,0.442600044015282,585.0,322.0,2.0,COMPLETE,,,,,,,,
360.0,0.0003197357902638366,2024-04-26 04:15:44.286785,2024-04-26 04:15:45.553326,0 days 00:00:01.266541,0.6825204227050449,732.0,0.46449602479063734,559.0,316.0,2.0,COMPLETE,,,,,,,,
361.0,0.005169747911083194,2024-04-26 04:15:45.556327,2024-04-26 04:15:46.136326,0 days 00:00:00.579999,0.6976980594822211,111.0,0.4497431435371377,233.0,325.0,2.0,COMPLETE,,,,,,,,
362.0,0.0004504221330260655,2024-04-26 04:15:46.137309,2024-04-26 04:15:46.953786,0 days 00:00:00.816477,0.7453456465129553,77.0,0.42254735667037374,448.0,254.0,2.0,COMPLETE,,,,,,,,
363.0,0.0003046463151328694,2024-04-26 04:15:46.955788,2024-04-26 04:15:48.310089,0 days 00:00:01.354301,0.7029602374421957,176.0,0.4867646638039048,572.0,329.0,2.0,COMPLETE,,,,,,,,
364.0,7.267700289773389e-05,2024-04-26 04:15:48.311069,2024-04-26 04:15:49.621657,0 days 00:00:01.310588,0.807927858719622,231.0,0.4310525106801135,598.0,310.0,2.0,COMPLETE,,,,,,,,
365.0,0.0004348322148266076,2024-04-26 04:15:49.622656,2024-04-26 04:15:50.102657,0 days 00:00:00.480001,0.7925692933774223,701.0,0.49472386407655444,252.0,240.0,2.0,COMPLETE,,,,,,,,
366.0,3.413021213136782e-05,2024-04-26 04:15:50.103655,2024-04-26 04:15:51.565421,0 days 00:00:01.461766,0.7137187399374343,814.0,0.7468073596074105,578.0,331.0,2.0,COMPLETE,,,,,,,,
367.0,0.00031317298290758666,2024-04-26 04:15:51.566421,2024-04-26 04:15:53.110398,0 days 00:00:01.543977,0.6731839556005218,810.0,0.7943111026899785,588.0,343.0,2.0,COMPLETE,,,,,,,,
368.0,0.0004216605872372917,2024-04-26 04:15:53.112395,2024-04-26 04:15:54.584312,0 days 00:00:01.471917,0.6881099886246272,835.0,0.7655710020956368,586.0,327.0,2.0,COMPLETE,,,,,,,,
369.0,0.00024667365426556446,2024-04-26 04:15:54.585313,2024-04-26 04:15:56.087324,0 days 00:00:01.502011,0.7099356165561643,794.0,0.7450450853101662,563.0,351.0,2.0,COMPLETE,,,,,,,,
370.0,0.00022052565900005822,2024-04-26 04:15:56.089325,2024-04-26 04:15:57.554587,0 days 00:00:01.465262,0.7099835475050712,762.0,0.8258554313318478,571.0,333.0,2.0,COMPLETE,,,,,,,,
371.0,0.003898028451796754,2024-04-26 04:15:57.555588,2024-04-26 04:15:58.974252,0 days 00:00:01.418664,0.723012848641465,820.0,0.4535327877679711,591.0,336.0,2.0,COMPLETE,,,,,,,,
372.0,5.0679831502773625e-05,2024-04-26 04:15:58.975254,2024-04-26 04:16:00.229180,0 days 00:00:01.253926,0.8294418708326569,838.0,0.24084124894866044,577.0,322.0,2.0,COMPLETE,,,,,,,,
373.0,0.002195719785595044,2024-04-26 04:16:00.231180,2024-04-26 04:16:01.676318,0 days 00:00:01.445138,0.6715337414398618,776.0,0.8452852687229897,577.0,319.0,2.0,COMPLETE,,,,,,,,
374.0,0.0013316479096384943,2024-04-26 04:16:01.677320,2024-04-26 04:16:02.935182,0 days 00:00:01.257862,0.6887813769457881,808.0,0.7411734498896341,546.0,302.0,2.0,COMPLETE,,,,,,,,
375.0,0.0007369125524284591,2024-04-26 04:16:02.937163,2024-04-26 04:16:03.974910,0 days 00:00:01.037747,0.8255557589374766,676.0,0.7109959712792338,597.0,231.0,2.0,COMPLETE,,,,,,,,
376.0,0.0003204895838730105,2024-04-26 04:16:03.975907,2024-04-26 04:16:04.649711,0 days 00:00:00.673804,0.7306223430788934,854.0,0.47724176989536066,401.0,221.0,2.0,COMPLETE,,,,,,,,
377.0,0.0003250908686280814,2024-04-26 04:16:04.650710,2024-04-26 04:16:05.734486,0 days 00:00:01.083776,0.6582781180598308,882.0,0.5191172011454641,579.0,259.0,2.0,COMPLETE,,,,,,,,
378.0,2.685299612382762e-05,2024-04-26 04:16:05.735486,2024-04-26 04:16:06.339106,0 days 00:00:00.603620,0.8463225031273331,50.0,0.501254241736728,315.0,249.0,2.0,COMPLETE,,,,,,,,
379.0,0.00010511407070886283,2024-04-26 04:16:06.340108,2024-04-26 04:16:06.933110,0 days 00:00:00.593002,0.8430258882281623,793.0,0.5301160888804096,310.0,249.0,2.0,COMPLETE,,,,,,,,
380.0,8.504900976727116e-05,2024-04-26 04:16:06.934108,2024-04-26 04:16:07.591110,0 days 00:00:00.657002,0.8596048455034164,821.0,0.5042417488279657,311.0,278.0,2.0,COMPLETE,,,,,,,,
381.0,0.00022808989569693885,2024-04-26 04:16:07.593113,2024-04-26 04:16:08.243300,0 days 00:00:00.650187,0.8506427689137235,58.0,0.48129398340708485,319.0,263.0,1.0,COMPLETE,,,,,,,,
382.0,0.0037572287156573854,2024-04-26 04:16:08.244318,2024-04-26 04:16:08.985714,0 days 00:00:00.741396,0.6970982767707475,241.0,0.4949594749030469,320.0,309.0,2.0,COMPLETE,,,,,,,,
383.0,0.001628218052003438,2024-04-26 04:16:08.986715,2024-04-26 04:16:09.906715,0 days 00:00:00.920000,0.7433990237077003,754.0,0.8763682883884897,330.0,343.0,2.0,COMPLETE,,,,,,,,
384.0,0.0008741405811432767,2024-04-26 04:16:09.908220,2024-04-26 04:16:11.313242,0 days 00:00:01.405022,0.7117691979100902,211.0,0.7217964132470354,521.0,357.0,2.0,COMPLETE,,,,,,,,
385.0,4.167375220749264e-05,2024-04-26 04:16:11.314223,2024-04-26 04:16:11.958241,0 days 00:00:00.644018,0.8706908169740969,849.0,0.8071507028840426,315.0,244.0,2.0,COMPLETE,,,,,,,,
386.0,0.0005225195960270595,2024-04-26 04:16:11.960241,2024-04-26 04:16:12.594887,0 days 00:00:00.634646,0.8442843562238471,785.0,0.5135484290265508,332.0,250.0,2.0,COMPLETE,,,,,,,,
387.0,0.00037768985053327625,2024-04-26 04:16:12.595910,2024-04-26 04:16:13.680462,0 days 00:00:01.084552,0.8737651364750836,189.0,0.5422835148687055,566.0,262.0,2.0,COMPLETE,,,,,,,,
388.0,0.005734523145484714,2024-04-26 04:16:13.681462,2024-04-26 04:16:14.265013,0 days 00:00:00.583551,0.4309758143744987,835.0,0.49912415539052696,308.0,242.0,2.0,COMPLETE,,,,,,,,
389.0,0.0005120850696998917,2024-04-26 04:16:14.266015,2024-04-26 04:16:14.993846,0 days 00:00:00.727831,0.8591452383533078,99.0,0.5343963539421095,325.0,295.0,2.0,COMPLETE,,,,,,,,
390.0,0.0008605867569450929,2024-04-26 04:16:14.995846,2024-04-26 04:16:15.567829,0 days 00:00:00.571983,0.7361684825138283,877.0,0.8637823958893804,300.0,226.0,2.0,COMPLETE,,,,,,,,
391.0,0.00027351218211296474,2024-04-26 04:16:15.568827,2024-04-26 04:16:16.382549,0 days 00:00:00.813722,0.8831106403149221,568.0,0.4626841295801798,431.0,258.0,2.0,COMPLETE,,,,,,,,
392.0,8.857927617560347e-05,2024-04-26 04:16:16.383549,2024-04-26 04:16:17.346658,0 days 00:00:00.963109,0.7158092412468251,805.0,0.758104268129704,504.0,249.0,2.0,COMPLETE,,,,,,,,
393.0,0.0001767898640007587,2024-04-26 04:16:17.348659,2024-04-26 04:16:18.207657,0 days 00:00:00.858998,0.840120919834443,770.0,0.8351265184978579,462.0,235.0,2.0,COMPLETE,,,,,,,,
394.0,0.0006022104059832505,2024-04-26 04:16:18.208659,2024-04-26 04:16:19.126337,0 days 00:00:00.917678,0.6981795939660712,734.0,0.5242149654026926,582.0,216.0,2.0,COMPLETE,,,,,,,,
395.0,0.0007840955249826938,2024-04-26 04:16:19.128320,2024-04-26 04:16:19.937318,0 days 00:00:00.808998,0.8603782099700368,828.0,0.47133432575225953,440.0,253.0,2.0,COMPLETE,,,,,,,,
396.0,5.986366685474002e-05,2024-04-26 04:16:19.938338,2024-04-26 04:16:20.377338,0 days 00:00:00.439000,0.8818759158126546,863.0,0.6019780164733824,218.0,238.0,2.0,COMPLETE,,,,,,,,
397.0,0.0006629675160093659,2024-04-26 04:16:20.378339,2024-04-26 04:16:20.853269,0 days 00:00:00.474930,0.7551639046113341,813.0,0.7023284122721875,200.0,276.0,2.0,COMPLETE,,,,,,,,
398.0,0.00035255146575536396,2024-04-26 04:16:20.854270,2024-04-26 04:16:22.883489,0 days 00:00:02.029219,0.6751794120824197,887.0,0.4892098639885145,599.0,472.0,2.0,COMPLETE,,,,,,,,
399.0,0.0002923114668817733,2024-04-26 04:16:22.885485,2024-04-26 04:16:23.566245,0 days 00:00:00.680760,0.8988031797252093,85.0,0.5447633682166705,263.0,333.0,2.0,COMPLETE,,,,,,,,
400.0,0.0014530797603913724,2024-04-26 04:16:23.567247,2024-04-26 04:16:23.999246,0 days 00:00:00.431999,0.8685275041926411,454.0,0.6385670894529822,224.0,227.0,2.0,COMPLETE,,,,,,,,
401.0,0.0011063748396641158,2024-04-26 04:16:24.000247,2024-04-26 04:16:24.759245,0 days 00:00:00.758998,0.6586509119088674,752.0,0.5922966782726132,415.0,243.0,2.0,COMPLETE,,,,,,,,
402.0,0.00046325923142285065,2024-04-26 04:16:24.760247,2024-04-26 04:16:25.591187,0 days 00:00:00.830940,0.7304814444716933,849.0,0.1852194977959012,425.0,287.0,2.0,COMPLETE,,,,,,,,
403.0,0.0009978126617322621,2024-04-26 04:16:25.592187,2024-04-26 04:16:26.561207,0 days 00:00:00.969020,0.8401214756974714,299.0,0.4564381788265551,514.0,264.0,2.0,COMPLETE,,,,,,,,
404.0,4.3155728044722066e-05,2024-04-26 04:16:26.562208,2024-04-26 04:16:27.092431,0 days 00:00:00.530223,0.8820663904300011,792.0,0.5059280465503952,305.0,223.0,2.0,COMPLETE,,,,,,,,
405.0,1.90080664746154e-05,2024-04-26 04:16:27.094431,2024-04-26 04:16:28.022672,0 days 00:00:00.928241,0.8643614977378551,868.0,0.7803360281032563,234.0,486.0,2.0,COMPLETE,,,,,,,,
406.0,0.00040121591177840106,2024-04-26 04:16:28.024650,2024-04-26 04:16:28.944672,0 days 00:00:00.920022,0.8555891092976572,900.0,0.8542470335507839,234.0,475.0,2.0,COMPLETE,,,,,,,,
407.0,0.001406024821145122,2024-04-26 04:16:28.945672,2024-04-26 04:16:29.797882,0 days 00:00:00.852210,0.8701804365857938,873.0,0.7943046710532947,214.0,483.0,2.0,COMPLETE,,,,,,,,
408.0,0.0002721146162656212,2024-04-26 04:16:29.798883,2024-04-26 04:16:30.527883,0 days 00:00:00.729000,0.846970049509443,868.0,0.8165483790720128,228.0,385.0,2.0,COMPLETE,,,,,,,,
409.0,3.852435976892922e-05,2024-04-26 04:16:30.529890,2024-04-26 04:16:31.485931,0 days 00:00:00.956041,0.8273893211130395,888.0,0.6200838832374822,250.0,490.0,2.0,COMPLETE,,,,,,,,
410.0,0.00031992818261730656,2024-04-26 04:16:31.486910,2024-04-26 04:16:32.501486,0 days 00:00:01.014576,0.8834421337024498,724.0,0.7828717173051083,259.0,485.0,2.0,COMPLETE,,,,,,,,
411.0,0.00019158985391792916,2024-04-26 04:16:32.502471,2024-04-26 04:16:33.507239,0 days 00:00:01.004768,0.8618898242827794,922.0,0.8746138499803554,535.0,234.0,2.0,COMPLETE,,,,,,,,
412.0,0.0032220802023291526,2024-04-26 04:16:33.508240,2024-04-26 04:16:33.911239,0 days 00:00:00.402999,0.8745363681498113,864.0,0.5589891355546491,222.0,210.0,2.0,COMPLETE,,,,,,,,
413.0,5.614358569516947e-05,2024-04-26 04:16:33.912241,2024-04-26 04:16:34.809605,0 days 00:00:00.897364,0.8992547248217606,611.0,0.4789222940215368,237.0,496.0,2.0,COMPLETE,,,,,,,,
414.0,0.00036754702625097657,2024-04-26 04:16:34.811627,2024-04-26 04:16:36.486544,0 days 00:00:01.674917,0.827716854825671,852.0,0.582385990595359,469.0,480.0,2.0,COMPLETE,,,,,,,,
415.0,0.00019508807993265324,2024-04-26 04:16:36.487545,2024-04-26 04:16:37.887127,0 days 00:00:01.399582,0.8554224583741936,739.0,0.8319971956936122,347.0,500.0,2.0,COMPLETE,,,,,,,,
416.0,0.00017679004604780505,2024-04-26 04:16:37.888129,2024-04-26 04:16:38.736562,0 days 00:00:00.848433,0.7847212375998681,836.0,0.60749397533222,231.0,463.0,2.0,COMPLETE,,,,,,,,
417.0,0.0010462630189811974,2024-04-26 04:16:38.738537,2024-04-26 04:16:39.276558,0 days 00:00:00.538021,0.8155155482261323,704.0,0.8887876711828461,246.0,254.0,2.0,COMPLETE,,,,,,,,
418.0,9.62783029858608e-05,2024-04-26 04:16:39.277560,2024-04-26 04:16:40.099142,0 days 00:00:00.821582,0.8729134063432202,772.0,0.5317144946105741,456.0,245.0,2.0,COMPLETE,,,,,,,,
419.0,0.001458358891063185,2024-04-26 04:16:40.100140,2024-04-26 04:16:40.641254,0 days 00:00:00.541114,0.8476141610141452,899.0,0.51661504194,314.0,219.0,2.0,COMPLETE,,,,,,,,
420.0,0.0005485750849385195,2024-04-26 04:16:40.642253,2024-04-26 04:16:41.163254,0 days 00:00:00.521001,0.8837112523095427,883.0,0.5708320012405347,237.0,272.0,2.0,COMPLETE,,,,,,,,
421.0,0.00046304334403428235,2024-04-26 04:16:41.164253,2024-04-26 04:16:42.255688,0 days 00:00:01.091435,0.8652091951219516,837.0,0.4699428824280402,298.0,488.0,2.0,COMPLETE,,,,,,,,
422.0,0.0030011378135032184,2024-04-26 04:16:42.257688,2024-04-26 04:16:42.748974,0 days 00:00:00.491286,0.7735860706019749,52.0,0.5926680345156793,255.0,232.0,2.0,COMPLETE,,,,,,,,
423.0,0.0003566159281180037,2024-04-26 04:16:42.749974,2024-04-26 04:16:43.868950,0 days 00:00:01.118976,0.8874784942988467,849.0,0.44929758107141377,323.0,469.0,2.0,COMPLETE,,,,,,,,
424.0,6.478515873903889e-05,2024-04-26 04:16:43.869951,2024-04-26 04:16:44.334693,0 days 00:00:00.464742,0.7974093525518838,180.0,0.5538241217462043,225.0,241.0,1.0,COMPLETE,,,,,,,,
425.0,0.00015914276883517416,2024-04-26 04:16:44.336693,2024-04-26 04:16:44.833019,0 days 00:00:00.496326,0.8365310844113846,746.0,0.49416483897668606,244.0,255.0,2.0,COMPLETE,,,,,,,,
426.0,0.006121013816671976,2024-04-26 04:16:44.834017,2024-04-26 04:16:45.779017,0 days 00:00:00.945000,0.3849076086733768,868.0,0.6477347929210769,553.0,229.0,2.0,COMPLETE,,,,,,,,
427.0,0.0002544415455941429,2024-04-26 04:16:45.779999,2024-04-26 04:16:46.253608,0 days 00:00:00.473609,0.8988586132363536,767.0,0.579775340961709,262.0,218.0,2.0,COMPLETE,,,,,,,,
428.0,0.00031711766029183277,2024-04-26 04:16:46.254609,2024-04-26 04:16:46.723621,0 days 00:00:00.469012,0.8651177548017159,911.0,0.8575587591231749,213.0,248.0,2.0,COMPLETE,,,,,,,,
429.0,0.0008341535874491912,2024-04-26 04:16:46.724769,2024-04-26 04:16:47.783971,0 days 00:00:01.059202,0.687079403415798,717.0,0.6173290433154676,541.0,265.0,2.0,COMPLETE,,,,,,,,
430.0,0.0005048312886535835,2024-04-26 04:16:47.785972,2024-04-26 04:16:48.284947,0 days 00:00:00.498975,0.8507413034466973,796.0,0.6703593677682327,234.0,238.0,2.0,COMPLETE,,,,,,,,
431.0,0.0012337457100215024,2024-04-26 04:16:48.286666,2024-04-26 04:16:49.374483,0 days 00:00:01.087817,0.8854585679574879,846.0,0.511308590300646,529.0,280.0,2.0,COMPLETE,,,,,,,,
432.0,0.0003376035236700583,2024-04-26 04:16:49.377483,2024-04-26 04:16:50.151503,0 days 00:00:00.774020,0.811290845714929,821.0,0.5414817630175468,447.0,230.0,2.0,COMPLETE,,,,,,,,
433.0,8.465124651925714e-05,2024-04-26 04:16:50.153505,2024-04-26 04:16:50.578669,0 days 00:00:00.425164,0.7514364590094225,890.0,0.4444362157023723,249.0,211.0,2.0,COMPLETE,,,,,,,,
434.0,1.4183549186591853e-05,2024-04-26 04:16:50.580670,2024-04-26 04:16:51.020097,0 days 00:00:00.439427,0.4783740097744087,970.0,0.5629422311939499,208.0,254.0,2.0,COMPLETE,,,,,,,,
435.0,0.0011003657018746893,2024-04-26 04:16:51.021747,2024-04-26 04:16:51.494146,0 days 00:00:00.472399,0.6470291416521184,938.0,0.8453455977198566,205.0,261.0,2.0,COMPLETE,,,,,,,,
436.0,0.00024529786445505073,2024-04-26 04:16:51.495158,2024-04-26 04:16:51.979146,0 days 00:00:00.483988,0.8389149773910191,995.0,0.5275674036127835,221.0,271.0,2.0,COMPLETE,,,,,,,,
437.0,0.0006594646884921258,2024-04-26 04:16:51.980146,2024-04-26 04:16:52.429127,0 days 00:00:00.448981,0.44883375646631357,967.0,0.47238794921323146,217.0,255.0,2.0,COMPLETE,,,,,,,,
438.0,0.0014737973131170022,2024-04-26 04:16:52.430146,2024-04-26 04:16:52.859911,0 days 00:00:00.429765,0.41706584096705224,790.0,0.4842989827162614,212.0,247.0,2.0,COMPLETE,,,,,,,,
439.0,0.003177863915735869,2024-04-26 04:16:52.860913,2024-04-26 04:16:53.397741,0 days 00:00:00.536828,0.47884455957689054,967.0,0.5918847078889355,225.0,293.0,2.0,COMPLETE,,,,,,,,
440.0,0.0006184365618913778,2024-04-26 04:16:53.399719,2024-04-26 04:16:54.235742,0 days 00:00:00.836023,0.5065334912609841,372.0,0.5571623070322831,501.0,224.0,2.0,COMPLETE,,,,,,,,
441.0,0.00010169406730661812,2024-04-26 04:16:54.236742,2024-04-26 04:16:54.717010,0 days 00:00:00.480268,0.4512924374131553,704.0,0.8858764157505962,210.0,257.0,2.0,COMPLETE,,,,,,,,
442.0,0.0027191350841500633,2024-04-26 04:16:54.718129,2024-04-26 04:16:56.099300,0 days 00:00:01.381171,0.491414707443085,965.0,0.5724964763216674,371.0,493.0,2.0,COMPLETE,,,,,,,,
443.0,0.0002707692847413731,2024-04-26 04:16:56.100299,2024-04-26 04:16:56.565300,0 days 00:00:00.465001,0.5428386322283594,760.0,0.631201186091212,204.0,266.0,2.0,COMPLETE,,,,,,,,
444.0,0.000346926787991131,2024-04-26 04:16:56.566300,2024-04-26 04:16:57.394353,0 days 00:00:00.828053,0.48405485209705146,730.0,0.43765531972625465,481.0,239.0,2.0,COMPLETE,,,,,,,,
445.0,0.0006878417504939617,2024-04-26 04:16:57.396010,2024-04-26 04:16:57.673834,0 days 00:00:00.277824,0.4661288740814715,954.0,0.6068756135395177,232.0,121.0,2.0,COMPLETE,,,,,,,,
446.0,0.0008434497855286909,2024-04-26 04:16:57.674834,2024-04-26 04:16:58.048836,0 days 00:00:00.374002,0.6690995678616686,802.0,0.4584744383493915,200.0,218.0,2.0,COMPLETE,,,,,,,,
447.0,0.003453957717680458,2024-04-26 04:16:58.049836,2024-04-26 04:16:58.773834,0 days 00:00:00.723998,0.5204722902861464,823.0,0.498993593053695,388.0,249.0,2.0,COMPLETE,,,,,,,,
448.0,0.00019555276787804903,2024-04-26 04:16:58.774820,2024-04-26 04:16:59.417733,0 days 00:00:00.642913,0.7716837148947248,777.0,0.8990802835074551,248.0,303.0,2.0,COMPLETE,,,,,,,,
449.0,8.48436527237445e-06,2024-04-26 04:16:59.419736,2024-04-26 04:16:59.868508,0 days 00:00:00.448772,0.7900579051911588,984.0,0.8156605280689124,240.0,209.0,2.0,COMPLETE,,,,,,,,
450.0,0.0012048998728632538,2024-04-26 04:16:59.869509,2024-04-26 04:17:00.320510,0 days 00:00:00.451001,0.7823296360283895,973.0,0.8030434809241033,243.0,208.0,2.0,COMPLETE,,,,,,,,
451.0,0.0014503648153581924,2024-04-26 04:17:00.321487,2024-04-26 04:17:00.758510,0 days 00:00:00.437023,0.759895615037129,990.0,0.8138326546608791,236.0,206.0,2.0,COMPLETE,,,,,,,,
452.0,0.0002655858137028275,2024-04-26 04:17:00.759508,2024-04-26 04:17:01.204874,0 days 00:00:00.445366,0.7938675312637341,983.0,0.8155831527759597,231.0,214.0,2.0,COMPLETE,,,,,,,,
453.0,0.007064181101763286,2024-04-26 04:17:01.205874,2024-04-26 04:17:01.728654,0 days 00:00:00.522780,0.35970701725742715,983.0,0.8271374670729109,258.0,225.0,1.0,COMPLETE,,,,,,,,
454.0,0.008612430721023745,2024-04-26 04:17:01.730655,2024-04-26 04:17:02.220654,0 days 00:00:00.489999,0.49855906323159205,947.0,0.8402926571238604,241.0,232.0,2.0,COMPLETE,,,,,,,,
455.0,0.0013239277120901222,2024-04-26 04:17:02.221654,2024-04-26 04:17:03.207959,0 days 00:00:00.986305,0.7925445404299447,943.0,0.7936618516647423,254.0,477.0,2.0,COMPLETE,,,,,,,,
456.0,0.005956235827345772,2024-04-26 04:17:03.209656,2024-04-26 04:17:03.860450,0 days 00:00:00.650794,0.4639555435676652,922.0,0.8203903791886021,356.0,219.0,2.0,COMPLETE,,,,,,,,
457.0,0.00017852426104429932,2024-04-26 04:17:03.862450,2024-04-26 04:17:04.300451,0 days 00:00:00.438001,0.7402318301931973,830.0,0.7737605378150161,240.0,207.0,2.0,COMPLETE,,,,,,,,
458.0,0.0006505859235360477,2024-04-26 04:17:04.302432,2024-04-26 04:17:04.922431,0 days 00:00:00.619999,0.7730351802560818,972.0,0.8591259349300135,230.0,315.0,2.0,COMPLETE,,,,,,,,
459.0,0.002145844263520265,2024-04-26 04:17:04.923450,2024-04-26 04:17:05.441805,0 days 00:00:00.518355,0.7010834279227947,802.0,0.8414504211016861,266.0,224.0,2.0,COMPLETE,,,,,,,,
460.0,0.0009947756111371355,2024-04-26 04:17:05.442784,2024-04-26 04:17:05.867805,0 days 00:00:00.425021,0.6815670797493981,849.0,0.40439017800537397,222.0,237.0,2.0,COMPLETE,,,,,,,,
461.0,0.0002528044373977746,2024-04-26 04:17:05.869809,2024-04-26 04:17:06.348753,0 days 00:00:00.478944,0.8181974041223663,999.0,0.8658847399111874,250.0,215.0,2.0,COMPLETE,,,,,,,,
462.0,0.00022793404206891693,2024-04-26 04:17:06.349752,2024-04-26 04:17:06.775754,0 days 00:00:00.426002,0.7623594390166178,276.0,0.5735094751425179,220.0,229.0,2.0,COMPLETE,,,,,,,,
463.0,0.00027903353190144046,2024-04-26 04:17:06.777751,2024-04-26 04:17:07.930633,0 days 00:00:01.152882,0.8092394406396696,784.0,0.42532295056647695,340.0,460.0,2.0,COMPLETE,,,,,,,,
464.0,0.00155435435309644,2024-04-26 04:17:07.931633,2024-04-26 04:17:08.460401,0 days 00:00:00.528768,0.7208959936926803,880.0,0.5914111528975733,327.0,199.0,2.0,COMPLETE,,,,,,,,
465.0,0.001069181710222767,2024-04-26 04:17:08.461401,2024-04-26 04:17:08.950420,0 days 00:00:00.489019,0.6960889451513664,921.0,0.6548866586812518,240.0,242.0,2.0,COMPLETE,,,,,,,,
466.0,1.5066835604760691e-05,2024-04-26 04:17:08.951422,2024-04-26 04:17:10.797699,0 days 00:00:01.846277,0.7884733613550234,476.0,0.549681609910959,515.0,486.0,2.0,COMPLETE,,,,,,,,
467.0,0.00038855511854831327,2024-04-26 04:17:10.798700,2024-04-26 04:17:12.628020,0 days 00:00:01.829320,0.7971778157072299,483.0,0.5480318463573095,515.0,484.0,2.0,COMPLETE,,,,,,,,
468.0,0.00016113586173917434,2024-04-26 04:17:12.630020,2024-04-26 04:17:14.527615,0 days 00:00:01.897595,0.8299512317404297,417.0,0.5562983156189514,509.0,500.0,2.0,COMPLETE,,,,,,,,
469.0,1.3041371404001921e-05,2024-04-26 04:17:14.528614,2024-04-26 04:17:16.393823,0 days 00:00:01.865209,0.875458824628401,956.0,0.5388618311021569,519.0,489.0,2.0,COMPLETE,,,,,,,,
470.0,0.00022765024109956997,2024-04-26 04:17:16.394859,2024-04-26 04:17:18.237729,0 days 00:00:01.842870,0.8717192258265241,956.0,0.5392180755716601,521.0,480.0,2.0,COMPLETE,,,,,,,,
471.0,0.0009927428765690559,2024-04-26 04:17:18.238708,2024-04-26 04:17:20.045621,0 days 00:00:01.806913,0.8789918441601593,550.0,0.5645357612809497,521.0,471.0,2.0,COMPLETE,,,,,,,,
472.0,3.4280950182614045e-05,2024-04-26 04:17:20.047600,2024-04-26 04:17:21.868097,0 days 00:00:01.820497,0.8860911226813751,980.0,0.5423746707681458,495.0,496.0,2.0,COMPLETE,,,,,,,,
473.0,9.577142027510987e-05,2024-04-26 04:17:21.870065,2024-04-26 04:17:23.701673,0 days 00:00:01.831608,0.6659381255950535,955.0,0.5831203263442428,507.0,486.0,2.0,COMPLETE,,,,,,,,
474.0,0.00013205151915172126,2024-04-26 04:17:23.703674,2024-04-26 04:17:25.608796,0 days 00:00:01.905122,0.8996456913678605,936.0,0.5270870105563807,518.0,500.0,2.0,COMPLETE,,,,,,,,
475.0,0.00017119977609647447,2024-04-26 04:17:25.609796,2024-04-26 04:17:27.424542,0 days 00:00:01.814746,0.7838869094679892,948.0,0.5559367213341527,512.0,479.0,2.0,COMPLETE,,,,,,,,
476.0,0.000264910623280057,2024-04-26 04:17:27.425542,2024-04-26 04:17:29.233451,0 days 00:00:01.807909,0.8639369590659889,980.0,0.572486276188424,497.0,488.0,2.0,COMPLETE,,,,,,,,
477.0,0.0009601419948643718,2024-04-26 04:17:29.234452,2024-04-26 04:17:30.863711,0 days 00:00:01.629259,0.873522064761916,902.0,0.11236196896368661,524.0,473.0,2.0,COMPLETE,,,,,,,,
478.0,0.0004765536606708227,2024-04-26 04:17:30.864714,2024-04-26 04:17:32.812252,0 days 00:00:01.947538,0.6804810343432114,924.0,0.6062091624622924,531.0,490.0,2.0,COMPLETE,,,,,,,,
479.0,0.00024185692266045667,2024-04-26 04:17:32.814250,2024-04-26 04:17:34.553781,0 days 00:00:01.739531,0.8073744441396653,999.0,0.5458960746317514,507.0,467.0,2.0,COMPLETE,,,,,,,,
480.0,0.0006742764281294953,2024-04-26 04:17:34.555781,2024-04-26 04:17:36.478961,0 days 00:00:01.923180,0.44103884915702113,590.0,0.564050879633702,528.0,489.0,2.0,COMPLETE,,,,,,,,
481.0,0.003973973306275287,2024-04-26 04:17:36.479962,2024-04-26 04:17:38.424582,0 days 00:00:01.944620,0.6465741767448819,964.0,0.8312029598593083,513.0,482.0,2.0,COMPLETE,,,,,,,,
482.0,0.000456735527921143,2024-04-26 04:17:38.425583,2024-04-26 04:17:40.252900,0 days 00:00:01.827317,0.8867333438031788,831.0,0.6883685865936785,500.0,477.0,2.0,COMPLETE,,,,,,,,
483.0,9.116740091744295e-05,2024-04-26 04:17:40.253898,2024-04-26 04:17:42.220642,0 days 00:00:01.966744,0.8635995671828937,811.0,0.5296810132493931,548.0,491.0,2.0,COMPLETE,,,,,,,,
484.0,0.0001802600620319655,2024-04-26 04:17:42.221643,2024-04-26 04:17:43.162641,0 days 00:00:00.940998,0.7132847786324212,859.0,0.5857802932831775,266.0,456.0,2.0,COMPLETE,,,,,,,,
485.0,0.00037410452737910794,2024-04-26 04:17:43.164624,2024-04-26 04:17:45.109358,0 days 00:00:01.944734,0.7455469970738409,904.0,0.5542556333016924,539.0,490.0,2.0,COMPLETE,,,,,,,,
486.0,0.00023326906386732102,2024-04-26 04:17:45.110337,2024-04-26 04:17:46.971854,0 days 00:00:01.861517,0.40719283631550623,884.0,0.7313213179602787,502.0,482.0,2.0,COMPLETE,,,,,,,,
487.0,0.0004887481310052282,2024-04-26 04:17:46.973854,2024-04-26 04:17:47.993045,0 days 00:00:01.019191,0.47694402915749545,846.0,0.7843228520328372,254.0,494.0,2.0,COMPLETE,,,,,,,,
488.0,0.0007381127454092395,2024-04-26 04:17:47.994716,2024-04-26 04:17:49.130286,0 days 00:00:01.135570,0.8994373029074278,870.0,0.6036810072998394,473.0,318.0,2.0,COMPLETE,,,,,,,,
489.0,0.00047610734621338313,2024-04-26 04:17:49.132286,2024-04-26 04:17:49.618307,0 days 00:00:00.486021,0.8792714158713988,816.0,0.63945661792815,247.0,233.0,2.0,COMPLETE,,,,,,,,
490.0,0.000326292011969938,2024-04-26 04:17:49.619291,2024-04-26 04:17:50.626443,0 days 00:00:01.007152,0.8545530225364494,307.0,0.8514845499572293,256.0,476.0,2.0,COMPLETE,,,,,,,,
491.0,0.006075449439172423,2024-04-26 04:17:50.628440,2024-04-26 04:17:51.938820,0 days 00:00:01.310380,0.5246033928215238,928.0,0.5756278505844284,488.0,360.0,2.0,COMPLETE,,,,,,,,
492.0,0.0004893787419874304,2024-04-26 04:17:51.940820,2024-04-26 04:17:53.211408,0 days 00:00:01.270588,0.8174429054795128,345.0,0.6216926666298224,518.0,326.0,2.0,COMPLETE,,,,,,,,
493.0,9.458969836437979e-05,2024-04-26 04:17:53.212410,2024-04-26 04:17:54.940308,0 days 00:00:01.727898,0.871691330724219,505.0,0.6753404639052342,489.0,464.0,2.0,COMPLETE,,,,,,,,
494.0,0.0018464064665830822,2024-04-26 04:17:54.941423,2024-04-26 04:17:55.423321,0 days 00:00:00.481898,0.7944828159203072,787.0,0.5211536167575864,245.0,241.0,2.0,COMPLETE,,,,,,,,
495.0,0.0003047606021754425,2024-04-26 04:17:55.424299,2024-04-26 04:17:56.108320,0 days 00:00:00.684021,0.6966582877394444,759.0,0.8784664686885795,263.0,306.0,2.0,COMPLETE,,,,,,,,
496.0,0.0019511701937446199,2024-04-26 04:17:56.109320,2024-04-26 04:17:57.035454,0 days 00:00:00.926134,0.7291016378710516,833.0,0.8026398908880881,561.0,211.0,2.0,COMPLETE,,,,,,,,
497.0,6.75830133318711e-05,2024-04-26 04:17:57.036609,2024-04-26 04:17:58.898600,0 days 00:00:01.861991,0.7823257886557577,858.0,0.538636675324083,504.0,500.0,2.0,COMPLETE,,,,,,,,
498.0,0.0001716152967658867,2024-04-26 04:17:58.899598,2024-04-26 04:17:59.309859,0 days 00:00:00.410261,0.888904053981987,806.0,0.585475226568354,236.0,192.0,1.0,COMPLETE,,,,,,,,
499.0,0.00040332800796786486,2024-04-26 04:17:59.310837,2024-04-26 04:17:59.790859,0 days 00:00:00.480022,0.8999663639915026,965.0,0.5612096110740202,248.0,235.0,2.0,COMPLETE,,,,,,,,
,,,,,,,,,,,,230.0,940.0,0.4068684690395901,1.0,280.0,0.6761536755251693,4.65874183888278e-06,best_result
