number,value,datetime_start,datetime_complete,duration,params_alpha,params_gene_max,params_gene_min,params_initial_temperature,params_mutation_ratio,params_no_generations,params_population_size,params_var,state,population_size,gene_min,gene_max,no_generations,mutation_ratio,var,initial_temperature,alpha,best_value,record_type
0.0,11.174991175794752,2024-04-26 04:17:59.844663,2024-04-26 04:18:01.286720,0 days 00:00:01.442057,0.8993543411894251,442.0,-432.0,633.0,0.4930610131737204,536.0,391.0,1.0,COMPLETE,,,,,,,,,,
1.0,2.425110673260141,2024-04-26 04:18:01.288741,2024-04-26 04:18:02.718285,0 days 00:00:01.429544,0.34097875775087394,148.0,-90.0,854.0,0.4863207713466755,449.0,461.0,1.0,COMPLETE,,,,,,,,,,
2.0,0.07003231826985465,2024-04-26 04:18:02.719288,2024-04-26 04:18:03.211237,0 days 00:00:00.491949,0.41748527551853387,386.0,-33.0,747.0,0.8268966518159652,488.0,138.0,1.0,COMPLETE,,,,,,,,,,
3.0,2.6851216106789653,2024-04-26 04:18:03.213216,2024-04-26 04:18:03.861210,0 days 00:00:00.647994,0.13701040349843288,45.0,-246.0,936.0,0.7331919801405195,538.0,171.0,1.0,COMPLETE,,,,,,,,,,
4.0,24.244887441120326,2024-04-26 04:18:03.862191,2024-04-26 04:18:04.441193,0 days 00:00:00.579002,0.7378179694033828,162.0,-210.0,131.0,0.6590670638451814,302.0,274.0,1.0,COMPLETE,,,,,,,,,,
5.0,6.5013967060809525,2024-04-26 04:18:04.442190,2024-04-26 04:18:05.187966,0 days 00:00:00.745776,0.8446568751766651,235.0,-249.0,134.0,0.16845485015642286,405.0,310.0,2.0,COMPLETE,,,,,,,,,,
6.0,2.21406921865438,2024-04-26 04:18:05.188963,2024-04-26 04:18:05.614338,0 days 00:00:00.425375,0.6578246346958371,281.0,-168.0,556.0,0.7683046573871242,352.0,169.0,1.0,COMPLETE,,,,,,,,,,
7.0,0.048197594054039825,2024-04-26 04:18:05.615494,2024-04-26 04:18:05.926088,0 days 00:00:00.310594,0.389167340786415,52.0,-241.0,784.0,0.3418898288094999,341.0,148.0,2.0,COMPLETE,,,,,,,,,,
8.0,9.339956060150596,2024-04-26 04:18:05.927089,2024-04-26 04:18:07.204188,0 days 00:00:01.277099,0.5080951836623107,164.0,-465.0,654.0,0.44781912511503474,431.0,447.0,2.0,COMPLETE,,,,,,,,,,
9.0,0.40711908904586164,2024-04-26 04:18:07.205858,2024-04-26 04:18:07.484740,0 days 00:00:00.278882,0.6978601016052697,67.0,-417.0,205.0,0.3150303516211699,337.0,136.0,2.0,COMPLETE,,,,,,,,,,
10.0,5.365669704060524,2024-04-26 04:18:07.485738,2024-04-26 04:18:07.834821,0 days 00:00:00.349083,0.18276027881527684,1.0,-349.0,367.0,0.10149307923744338,217.0,245.0,2.0,COMPLETE,,,,,,,,,,
11.0,8.725516486452651,2024-04-26 04:18:07.835825,2024-04-26 04:18:08.310822,0 days 00:00:00.474997,0.3901593279239479,410.0,-43.0,776.0,0.8673476500368014,598.0,103.0,2.0,COMPLETE,,,,,,,,,,
12.0,0.6808267991538697,2024-04-26 04:18:08.311821,2024-04-26 04:18:08.675823,0 days 00:00:00.364002,0.4787186185695215,350.0,-4.0,741.0,0.32224001024454274,232.0,218.0,1.0,COMPLETE,,,,,,,,,,
13.0,30.078102231375734,2024-04-26 04:18:08.676821,2024-04-26 04:18:09.811110,0 days 00:00:01.134289,0.28583106871858166,483.0,-332.0,384.0,0.6456595581825119,471.0,336.0,2.0,COMPLETE,,,,,,,,,,
14.0,4.328804425243154,2024-04-26 04:18:09.814108,2024-04-26 04:18:10.232501,0 days 00:00:00.418393,0.5375543608056969,344.0,-127.0,983.0,0.3091635346421418,290.0,204.0,1.0,COMPLETE,,,,,,,,,,
15.0,39.242514659011135,2024-04-26 04:18:10.233501,2024-04-26 04:18:10.629501,0 days 00:00:00.396000,0.2402545230194661,252.0,-348.0,805.0,0.8619394318351762,487.0,102.0,2.0,COMPLETE,,,,,,,,,,
16.0,4.0891375341647,2024-04-26 04:18:10.630500,2024-04-26 04:18:11.081484,0 days 00:00:00.450984,0.38356554098326695,341.0,-101.0,439.0,0.5915572926656902,373.0,165.0,2.0,COMPLETE,,,,,,,,,,
17.0,2.3702394765549215,2024-04-26 04:18:11.082482,2024-04-26 04:18:11.933994,0 days 00:00:00.851512,0.596947132563786,108.0,-171.0,673.0,0.39962536968996265,514.0,244.0,1.0,COMPLETE,,,,,,,,,,
18.0,0.057497770504642325,2024-04-26 04:18:11.935014,2024-04-26 04:18:13.349419,0 days 00:00:01.414405,0.46131795982524576,209.0,0.0,872.0,0.23551819002407381,592.0,374.0,2.0,COMPLETE,,,,,,,,,,
19.0,0.27243618156555255,2024-04-26 04:18:13.351396,2024-04-26 04:18:14.732094,0 days 00:00:01.380698,0.25772829677188874,207.0,-295.0,882.0,0.22571368919924087,587.0,373.0,2.0,COMPLETE,,,,,,,,,,
20.0,0.0035210728367255527,2024-04-26 04:18:14.734070,2024-04-26 04:18:15.453094,0 days 00:00:00.719024,0.6027141877058335,88.0,-173.0,993.0,0.2228357611717558,271.0,396.0,2.0,COMPLETE,,,,,,,,,,
21.0,10.620017971970972,2024-04-26 04:18:15.454072,2024-04-26 04:18:16.205066,0 days 00:00:00.750994,0.5983787224720981,101.0,-182.0,997.0,0.23074154681030123,273.0,414.0,2.0,COMPLETE,,,,,,,,,,
22.0,0.04369683782767329,2024-04-26 04:18:16.206066,2024-04-26 04:18:17.064719,0 days 00:00:00.858653,0.45644318409347273,11.0,-295.0,900.0,0.37417807087237603,252.0,491.0,2.0,COMPLETE,,,,,,,,,,
23.0,0.5201975272892551,2024-04-26 04:18:17.065721,2024-04-26 04:18:17.916482,0 days 00:00:00.850761,0.32583853427912257,2.0,-302.0,921.0,0.3941245102151539,252.0,484.0,2.0,COMPLETE,,,,,,,,,,
24.0,0.8016237485335101,2024-04-26 04:18:17.917483,2024-04-26 04:18:18.521266,0 days 00:00:00.603783,0.5998563543425148,51.0,-224.0,826.0,0.3712489847819271,201.0,425.0,2.0,COMPLETE,,,,,,,,,,
25.0,0.26128356879875075,2024-04-26 04:18:18.523245,2024-04-26 04:18:19.666245,0 days 00:00:01.143000,0.5466388362418362,101.0,-285.0,993.0,0.5750477675341086,317.0,495.0,2.0,COMPLETE,,,,,,,,,,
26.0,2.611000753000351,2024-04-26 04:18:19.667245,2024-04-26 04:18:20.216888,0 days 00:00:00.549643,0.7683235792973773,36.0,-384.0,550.0,0.1459460461068074,258.0,325.0,2.0,COMPLETE,,,,,,,,,,
27.0,9.568540685289621,2024-04-26 04:18:20.217889,2024-04-26 04:18:21.062190,0 days 00:00:00.844301,0.43651572615162254,134.0,-263.0,701.0,0.26977581875116374,368.0,350.0,2.0,COMPLETE,,,,,,,,,,
28.0,0.024272863061534145,2024-04-26 04:18:21.063188,2024-04-26 04:18:22.074551,0 days 00:00:01.011363,0.6562021426842197,78.0,-120.0,919.0,0.3567527399658358,328.0,454.0,2.0,COMPLETE,,,,,,,,,,
29.0,0.29084753574736966,2024-04-26 04:18:22.075682,2024-04-26 04:18:22.998036,0 days 00:00:00.922354,0.8921478041128681,90.0,-125.0,931.0,0.4582202362862126,315.0,408.0,2.0,COMPLETE,,,,,,,,,,
30.0,1.0210918065803543,2024-04-26 04:18:22.999016,2024-04-26 04:18:23.813037,0 days 00:00:00.814021,0.6535505003361278,18.0,-199.0,604.0,0.5415273909282732,242.0,462.0,2.0,COMPLETE,,,,,,,,,,
31.0,0.03555322965811346,2024-04-26 04:18:23.814016,2024-04-26 04:18:24.655245,0 days 00:00:00.841229,0.7739311510677684,72.0,-153.0,906.0,0.356441909896963,282.0,434.0,2.0,COMPLETE,,,,,,,,,,
32.0,1.4893196415841836,2024-04-26 04:18:24.657223,2024-04-26 04:18:25.506062,0 days 00:00:00.848839,0.7839344027222946,130.0,-137.0,883.0,0.4369038265931646,274.0,441.0,2.0,COMPLETE,,,,,,,,,,
33.0,0.0309712039278971,2024-04-26 04:18:25.507043,2024-04-26 04:18:26.442737,0 days 00:00:00.935694,0.8111927398546513,81.0,-72.0,935.0,0.5071690662801909,274.0,477.0,2.0,COMPLETE,,,,,,,,,,
34.0,1.352931493897559,2024-04-26 04:18:26.444736,2024-04-26 04:18:27.376891,0 days 00:00:00.932155,0.8399416772440689,81.0,-68.0,937.0,0.503316958473824,282.0,463.0,2.0,COMPLETE,,,,,,,,,,
35.0,0.09073393687498019,2024-04-26 04:18:27.378889,2024-04-26 04:18:28.215889,0 days 00:00:00.837000,0.7339603265667539,143.0,-85.0,835.0,0.27573625028331195,320.0,393.0,2.0,COMPLETE,,,,,,,,,,
36.0,1.0709150897734607,2024-04-26 04:18:28.216891,2024-04-26 04:18:29.405807,0 days 00:00:01.188916,0.8247336743120373,175.0,-150.0,731.0,0.5145586572578,382.0,435.0,2.0,COMPLETE,,,,,,,,,,
37.0,0.008159450149641699,2024-04-26 04:18:29.407807,2024-04-26 04:18:30.310815,0 days 00:00:00.903008,0.6841380792714052,189.0,-62.0,952.0,0.19039747043609884,294.0,469.0,2.0,COMPLETE,,,,,,,,,,
38.0,0.002995271946388058,2024-04-26 04:18:30.311813,2024-04-26 04:18:31.570571,0 days 00:00:01.258758,0.6669878428079642,190.0,-46.0,956.0,0.17235844933591218,412.0,476.0,2.0,COMPLETE,,,,,,,,,,
39.0,2.965055287111317,2024-04-26 04:18:31.571571,2024-04-26 04:18:32.829515,0 days 00:00:01.257944,0.6786836918308051,270.0,-46.0,959.0,0.17528677585910557,416.0,463.0,1.0,COMPLETE,,,,,,,,,,
40.0,5.140088679434122,2024-04-26 04:18:32.830515,2024-04-26 04:18:33.969355,0 days 00:00:01.138840,0.6278662906404068,200.0,-113.0,844.0,0.10366774484026389,454.0,396.0,2.0,COMPLETE,,,,,,,,,,
41.0,2.5511869889617644,2024-04-26 04:18:33.970334,2024-04-26 04:18:35.216569,0 days 00:00:01.246235,0.7070882077089998,178.0,-71.0,964.0,0.1909198440593851,399.0,474.0,2.0,COMPLETE,,,,,,,,,,
42.0,0.005926453658251527,2024-04-26 04:18:35.218569,2024-04-26 04:18:36.307842,0 days 00:00:01.089273,0.5575449967042169,116.0,-55.0,997.0,0.13958211638697332,339.0,494.0,2.0,COMPLETE,,,,,,,,,,
43.0,0.2754107862917059,2024-04-26 04:18:36.308842,2024-04-26 04:18:37.297335,0 days 00:00:00.988493,0.5791333868146389,125.0,-28.0,990.0,0.13745899909079204,306.0,498.0,2.0,COMPLETE,,,,,,,,,,
44.0,0.11488863282753162,2024-04-26 04:18:37.298336,2024-04-26 04:18:38.307484,0 days 00:00:01.009148,0.636668928120701,155.0,-27.0,862.0,0.20555427623806227,344.0,449.0,2.0,COMPLETE,,,,,,,,,,
45.0,1.990784940190258,2024-04-26 04:18:38.308485,2024-04-26 04:18:39.000485,0 days 00:00:00.692000,0.5244883289417773,229.0,-92.0,73.0,0.27556812353900084,357.0,293.0,2.0,COMPLETE,,,,,,,,,,
46.0,0.01502036515660171,2024-04-26 04:18:39.001483,2024-04-26 04:18:39.951742,0 days 00:00:00.950259,0.7230755450924635,181.0,-59.0,783.0,0.13926966670596014,329.0,449.0,2.0,COMPLETE,,,,,,,,,,
47.0,0.0028658194732168966,2024-04-26 04:18:39.952748,2024-04-26 04:18:41.108718,0 days 00:00:01.155970,0.7290055248371899,187.0,-42.0,781.0,0.13451901125094534,430.0,420.0,2.0,COMPLETE,,,,,,,,,,
48.0,0.17297201267138868,2024-04-26 04:18:41.109718,2024-04-26 04:18:42.252408,0 days 00:00:01.142690,0.5676013546709391,295.0,-14.0,283.0,0.10796376761133614,438.0,417.0,2.0,COMPLETE,,,,,,,,,,
49.0,1.2863373344545317,2024-04-26 04:18:42.253388,2024-04-26 04:18:43.231390,0 days 00:00:00.978002,0.6819657397260559,223.0,-48.0,803.0,0.16846777950348624,400.0,375.0,1.0,COMPLETE,,,,,,,,,,
50.0,0.21156543317331492,2024-04-26 04:18:43.232389,2024-04-26 04:18:44.546858,0 days 00:00:01.314469,0.10966635221702087,119.0,-24.0,463.0,0.2074711482214399,417.0,478.0,2.0,COMPLETE,,,,,,,,,,
51.0,0.981424538848824,2024-04-26 04:18:44.547880,2024-04-26 04:18:45.830205,0 days 00:00:01.282325,0.7448037143221307,190.0,-53.0,615.0,0.148559258026034,462.0,435.0,2.0,COMPLETE,,,,,,,,,,
52.0,0.14895632392893735,2024-04-26 04:18:45.832205,2024-04-26 04:18:47.003572,0 days 00:00:01.171367,0.7191688347165,252.0,-101.0,774.0,0.13120370095896527,391.0,470.0,2.0,COMPLETE,,,,,,,,,,
53.0,0.3954742692956214,2024-04-26 04:18:47.005550,2024-04-26 04:18:48.019929,0 days 00:00:01.014379,0.4924225689167738,165.0,-63.0,958.0,0.2618004815286787,296.0,500.0,2.0,COMPLETE,,,,,,,,,,
54.0,3.2824867110204945,2024-04-26 04:18:48.020929,2024-04-26 04:18:48.903407,0 days 00:00:00.882478,0.6254366362114349,187.0,-82.0,862.0,0.17733670218497277,336.0,403.0,2.0,COMPLETE,,,,,,,,,,
55.0,0.06974101670896211,2024-04-26 04:18:48.904407,2024-04-26 04:18:49.932741,0 days 00:00:01.028334,0.6932286040089248,148.0,-34.0,712.0,0.247377358734866,368.0,422.0,2.0,COMPLETE,,,,,,,,,,
56.0,1.1450328285625795,2024-04-26 04:18:49.933724,2024-04-26 04:18:50.996032,0 days 00:00:01.062308,0.5611796711136245,244.0,-8.0,814.0,0.2949070689588422,441.0,360.0,2.0,COMPLETE,,,,,,,,,,
57.0,0.008900018825398143,2024-04-26 04:18:50.997032,2024-04-26 04:18:52.220329,0 days 00:00:01.223297,0.8797100803272497,308.0,-110.0,759.0,0.13072973862267206,420.0,451.0,2.0,COMPLETE,,,,,,,,,,
58.0,0.6774511927352429,2024-04-26 04:18:52.221358,2024-04-26 04:18:53.995667,0 days 00:00:01.774309,0.8947067784822601,307.0,-144.0,892.0,0.7517343731572195,488.0,484.0,2.0,COMPLETE,,,,,,,,,,
59.0,4.821228984057686,2024-04-26 04:18:53.997667,2024-04-26 04:18:55.249687,0 days 00:00:01.252020,0.7975618751375082,381.0,-107.0,669.0,0.22438145402219686,508.0,383.0,2.0,COMPLETE,,,,,,,,,,
60.0,2.876437763036135,2024-04-26 04:18:55.250688,2024-04-26 04:18:56.384617,0 days 00:00:01.133929,0.7489551863167326,321.0,-167.0,960.0,0.10136042570350243,417.0,427.0,2.0,COMPLETE,,,,,,,,,,
61.0,2.9107901666966174,2024-04-26 04:18:56.385617,2024-04-26 04:18:57.606176,0 days 00:00:01.220559,0.8715057031434056,265.0,-56.0,770.0,0.13924018398998325,425.0,450.0,2.0,COMPLETE,,,,,,,,,,
62.0,0.3100607438095586,2024-04-26 04:18:57.608179,2024-04-26 04:18:58.668018,0 days 00:00:01.059839,0.6095409911689188,217.0,-93.0,998.0,0.15898659621825653,359.0,449.0,2.0,COMPLETE,,,,,,,,,,
63.0,0.589536256394813,2024-04-26 04:18:58.669019,2024-04-26 04:18:59.886936,0 days 00:00:01.217917,0.6661235022014478,163.0,-38.0,746.0,0.12410528477503159,385.0,486.0,2.0,COMPLETE,,,,,,,,,,
64.0,0.18237817015658617,2024-04-26 04:18:59.887936,2024-04-26 04:19:00.578574,0 days 00:00:00.690638,0.7139818031265335,200.0,-192.0,587.0,0.19334943495635204,220.0,458.0,2.0,COMPLETE,,,,,,,,,,
65.0,0.851468318885717,2024-04-26 04:19:00.579573,2024-04-26 04:19:01.414155,0 days 00:00:00.834582,0.5318179222353481,108.0,-224.0,500.0,0.21193066165688723,306.0,410.0,2.0,COMPLETE,,,,,,,,,,
66.0,0.17185457678215987,2024-04-26 04:19:01.416132,2024-04-26 04:19:02.466133,0 days 00:00:01.050001,0.862340622647851,60.0,-470.0,907.0,0.15758943504608408,347.0,466.0,2.0,COMPLETE,,,,,,,,,,
67.0,0.7039173596044865,2024-04-26 04:19:02.468132,2024-04-26 04:19:03.824307,0 days 00:00:01.356175,0.6447727469651595,231.0,-80.0,703.0,0.24373552293399608,473.0,431.0,2.0,COMPLETE,,,,,,,,,,
68.0,4.637251113851973,2024-04-26 04:19:03.825305,2024-04-26 04:19:04.592306,0 days 00:00:00.767001,0.580021849478287,371.0,-59.0,961.0,0.1860676084757985,259.0,443.0,2.0,COMPLETE,,,,,,,,,,
69.0,3.4296617916000165,2024-04-26 04:19:04.594316,2024-04-26 04:19:05.828173,0 days 00:00:01.233857,0.5084476924436232,426.0,-497.0,792.0,0.653373313156083,328.0,485.0,1.0,COMPLETE,,,,,,,,,,
70.0,0.014095756405091215,2024-04-26 04:19:05.829179,2024-04-26 04:19:06.592152,0 days 00:00:00.762973,0.7620778264820007,31.0,-131.0,840.0,0.12755692945865915,449.0,268.0,2.0,COMPLETE,,,,,,,,,,
71.0,0.0011242879072298191,2024-04-26 04:19:06.593154,2024-04-26 04:19:07.286024,0 days 00:00:00.692870,0.757952612889111,24.0,-135.0,838.0,0.12338146920582871,434.0,251.0,2.0,COMPLETE,,,,,,,,,,
72.0,0.8140060416671762,2024-04-26 04:19:07.288003,2024-04-26 04:19:08.015784,0 days 00:00:00.727781,0.7915141619606946,32.0,-173.0,856.0,0.12168328988125149,447.0,256.0,2.0,COMPLETE,,,,,,,,,,
73.0,0.028458934679994333,2024-04-26 04:19:08.016786,2024-04-26 04:19:08.628784,0 days 00:00:00.611998,0.7607040516478406,30.0,-125.0,941.0,0.17385335924062043,432.0,216.0,2.0,COMPLETE,,,,,,,,,,
74.0,0.00013696794983192648,2024-04-26 04:19:08.629785,2024-04-26 04:19:09.484458,0 days 00:00:00.854673,0.8186509108814547,47.0,-136.0,829.0,0.12022609232347363,467.0,289.0,2.0,COMPLETE,,,,,,,,,,
75.0,0.22867735172551582,2024-04-26 04:19:09.485587,2024-04-26 04:19:10.521077,0 days 00:00:01.035490,0.8452171107520137,52.0,-160.0,894.0,0.8101242044231334,472.0,291.0,2.0,COMPLETE,,,,,,,,,,
76.0,0.06513727046191377,2024-04-26 04:19:10.522076,2024-04-26 04:19:11.293468,0 days 00:00:00.771392,0.8309871416421417,97.0,-103.0,979.0,0.15379601808313947,507.0,235.0,2.0,COMPLETE,,,,,,,,,,
77.0,0.8359991893651426,2024-04-26 04:19:11.294469,2024-04-26 04:19:12.026320,0 days 00:00:00.731851,0.8029856702530923,16.0,-116.0,927.0,0.21585976207830826,411.0,271.0,2.0,COMPLETE,,,,,,,,,,
78.0,1.3046433874023153,2024-04-26 04:19:12.027340,2024-04-26 04:19:12.852339,0 days 00:00:00.824999,0.8726455784160251,68.0,-141.0,879.0,0.11677043355902396,461.0,283.0,2.0,COMPLETE,,,,,,,,,,
79.0,0.0074062184185550925,2024-04-26 04:19:12.854321,2024-04-26 04:19:13.563989,0 days 00:00:00.709668,0.6928467054337416,141.0,-13.0,831.0,0.19490672279457255,552.0,199.0,2.0,COMPLETE,,,,,,,,,,
80.0,1.4039728811833811,2024-04-26 04:19:13.564988,2024-04-26 04:19:14.828471,0 days 00:00:01.263483,0.6729626768398499,494.0,-14.0,822.0,0.6863226257910795,559.0,309.0,2.0,COMPLETE,,,,,,,,,,
81.0,0.4086123564534326,2024-04-26 04:19:14.829472,2024-04-26 04:19:15.416450,0 days 00:00:00.586978,0.6941451535910043,139.0,-78.0,757.0,0.1979548915530848,486.0,181.0,2.0,COMPLETE,,,,,,,,,,
82.0,0.8848259878573761,2024-04-26 04:19:15.417583,2024-04-26 04:19:16.115538,0 days 00:00:00.697955,0.6152816493849641,113.0,-45.0,725.0,0.17105555672647133,564.0,191.0,2.0,COMPLETE,,,,,,,,,,
83.0,0.15779987395461678,2024-04-26 04:19:16.116538,2024-04-26 04:19:17.065538,0 days 00:00:00.949000,0.7416386368506422,128.0,-19.0,908.0,0.23431380256718318,428.0,336.0,2.0,COMPLETE,,,,,,,,,,
84.0,0.0581615213728443,2024-04-26 04:19:17.066538,2024-04-26 04:19:17.676948,0 days 00:00:00.610410,0.6494288294217865,88.0,-94.0,809.0,0.10036633631195688,408.0,231.0,2.0,COMPLETE,,,,,,,,,,
85.0,3.535110597708254,2024-04-26 04:19:17.677949,2024-04-26 04:19:18.223133,0 days 00:00:00.545184,0.7753100292742915,153.0,-35.0,978.0,0.15746506496197016,552.0,149.0,2.0,COMPLETE,,,,,,,,,,
86.0,0.027891014584127276,2024-04-26 04:19:18.225133,2024-04-26 04:19:19.364114,0 days 00:00:01.138981,0.8138471993353841,43.0,-69.0,850.0,0.32869847821498727,521.0,325.0,2.0,COMPLETE,,,,,,,,,,
87.0,0.005370570707474836,2024-04-26 04:19:19.365112,2024-04-26 04:19:20.363471,0 days 00:00:00.998359,0.7014915565141903,1.0,-6.0,653.0,0.2916995668203167,581.0,260.0,2.0,COMPLETE,,,,,,,,,,
88.0,0.0013559094851686299,2024-04-26 04:19:20.365449,2024-04-26 04:19:21.278470,0 days 00:00:00.913021,0.7292974079765353,2.0,-3.0,671.0,0.2489588663401084,550.0,255.0,2.0,COMPLETE,,,,,,,,,,
89.0,9.832727238664157e-05,2024-04-26 04:19:21.279472,2024-04-26 04:19:22.275242,0 days 00:00:00.995770,0.7362614267120445,4.0,-5.0,625.0,0.2660141214149313,590.0,258.0,2.0,COMPLETE,,,,,,,,,,
90.0,8.887020160442605e-06,2024-04-26 04:19:22.276384,2024-04-26 04:19:23.253109,0 days 00:00:00.976725,0.7296321282150187,2.0,-6.0,674.0,0.29948057707652553,586.0,253.0,2.0,COMPLETE,,,,,,,,,,
91.0,0.0005296682480111081,2024-04-26 04:19:23.254086,2024-04-26 04:19:24.200130,0 days 00:00:00.946044,0.7263642151628649,0.0,-2.0,641.0,0.302391431081789,578.0,247.0,2.0,COMPLETE,,,,,,,,,,
92.0,0.00033596519974116797,2024-04-26 04:19:24.201132,2024-04-26 04:19:25.176907,0 days 00:00:00.975775,0.7296819222812044,1.0,0.0,661.0,0.2841841633744894,582.0,255.0,2.0,COMPLETE,,,,,,,,,,
93.0,0.01471675061344658,2024-04-26 04:19:25.178884,2024-04-26 04:19:26.164407,0 days 00:00:00.985523,0.7200120130291383,19.0,-1.0,566.0,0.3268230406078394,576.0,257.0,2.0,COMPLETE,,,,,,,,,,
94.0,0.003355496941899317,2024-04-26 04:19:26.165413,2024-04-26 04:19:27.142687,0 days 00:00:00.977274,0.7352674460795303,9.0,-22.0,630.0,0.30531288917786903,596.0,246.0,2.0,COMPLETE,,,,,,,,,,
95.0,0.04217616024181187,2024-04-26 04:19:27.143687,2024-04-26 04:19:28.116706,0 days 00:00:00.973019,0.7303449330425812,11.0,-23.0,638.0,0.30433217596587886,594.0,246.0,2.0,COMPLETE,,,,,,,,,,
96.0,0.0037026682423103806,2024-04-26 04:19:28.117706,2024-04-26 04:19:28.995203,0 days 00:00:00.877497,0.7470891834742959,4.0,-3.0,687.0,0.407651309712565,572.0,220.0,2.0,COMPLETE,,,,,,,,,,
97.0,0.0009555365076851708,2024-04-26 04:19:28.996206,2024-04-26 04:19:30.076178,0 days 00:00:01.079972,0.7798269197526443,46.0,-22.0,626.0,0.24985492921228325,589.0,278.0,2.0,COMPLETE,,,,,,,,,,
98.0,0.031800026615499556,2024-04-26 04:19:30.078178,2024-04-26 04:19:31.160212,0 days 00:00:01.082034,0.7840708366053517,23.0,-37.0,538.0,0.2619044367302774,585.0,281.0,2.0,COMPLETE,,,,,,,,,,
99.0,0.04795585677184287,2024-04-26 04:19:31.161206,2024-04-26 04:19:32.288205,0 days 00:00:01.126999,0.7606542290056535,42.0,-27.0,588.0,0.286142240694371,542.0,307.0,2.0,COMPLETE,,,,,,,,,,
100.0,0.07048081067103705,2024-04-26 04:19:32.290205,2024-04-26 04:19:33.129505,0 days 00:00:00.839300,0.8181909256977358,59.0,0.0,649.0,0.3540774021290598,534.0,229.0,2.0,COMPLETE,,,,,,,,,,
101.0,0.015794301668262317,2024-04-26 04:19:33.130506,2024-04-26 04:19:34.105513,0 days 00:00:00.975007,0.7297538330082803,8.0,-17.0,676.0,0.2540485744665639,599.0,250.0,2.0,COMPLETE,,,,,,,,,,
102.0,0.00037823886397302337,2024-04-26 04:19:34.106506,2024-04-26 04:19:35.036696,0 days 00:00:00.930190,0.7753523289556126,23.0,-48.0,621.0,0.27345485726863367,590.0,239.0,2.0,COMPLETE,,,,,,,,,,
103.0,0.09515377341292162,2024-04-26 04:19:35.037886,2024-04-26 04:19:35.933789,0 days 00:00:00.895903,0.7782326021916453,23.0,-38.0,617.0,0.2751453323223384,570.0,236.0,2.0,COMPLETE,,,,,,,,,,
104.0,0.0017578422554332552,2024-04-26 04:19:35.934789,2024-04-26 04:19:37.035591,0 days 00:00:01.100802,0.7543210165675677,38.0,-48.0,725.0,0.33983695882566434,587.0,276.0,2.0,COMPLETE,,,,,,,,,,
105.0,0.2936040928749533,2024-04-26 04:19:37.036591,2024-04-26 04:19:38.086682,0 days 00:00:01.050091,0.7962436124565906,41.0,-15.0,688.0,0.3407831002133931,587.0,265.0,2.0,COMPLETE,,,,,,,,,,
106.0,0.0019955306330836516,2024-04-26 04:19:38.087679,2024-04-26 04:19:39.211833,0 days 00:00:01.124154,0.8436882242868526,56.0,-31.0,509.0,0.3879770685647692,579.0,279.0,2.0,COMPLETE,,,,,,,,,,
107.0,0.013315333719224814,2024-04-26 04:19:39.212833,2024-04-26 04:19:40.323127,0 days 00:00:01.110294,0.8331784565289874,59.0,-29.0,494.0,0.3790879842911342,580.0,281.0,2.0,COMPLETE,,,,,,,,,,
108.0,0.00044427415162623607,2024-04-26 04:19:40.324151,2024-04-26 04:19:41.480363,0 days 00:00:01.156212,0.8504846712217008,26.0,-10.0,574.0,0.43645047514306184,563.0,294.0,2.0,COMPLETE,,,,,,,,,,
109.0,0.00711889989547002,2024-04-26 04:19:41.481961,2024-04-26 04:19:42.617887,0 days 00:00:01.135926,0.8083737131678551,26.0,-10.0,569.0,0.4218527293694907,563.0,293.0,2.0,COMPLETE,,,,,,,,,,
110.0,1.8108184093631263,2024-04-26 04:19:42.619887,2024-04-26 04:19:43.590953,0 days 00:00:00.971066,0.8602646844921034,48.0,-268.0,602.0,0.4669400640124366,551.0,253.0,2.0,COMPLETE,,,,,,,,,,
111.0,0.09740285141926754,2024-04-26 04:19:43.592104,2024-04-26 04:19:44.667340,0 days 00:00:01.075236,0.7559087814604879,36.0,-47.0,513.0,0.34774941507741575,570.0,280.0,2.0,COMPLETE,,,,,,,,,,
112.0,0.010665790898775323,2024-04-26 04:19:44.668317,2024-04-26 04:19:45.868851,0 days 00:00:01.200534,0.8564710874651884,0.0,-26.0,624.0,0.32250539292237806,591.0,299.0,2.0,COMPLETE,,,,,,,,,,
113.0,0.000493463371142871,2024-04-26 04:19:45.870851,2024-04-26 04:19:47.012856,0 days 00:00:01.142005,0.18814597357200186,19.0,-1.0,663.0,0.4425524875762556,600.0,275.0,2.0,COMPLETE,,,,,,,,,,
114.0,0.0005176076814765512,2024-04-26 04:19:47.013853,2024-04-26 04:19:48.123429,0 days 00:00:01.109576,0.4110225768569349,16.0,-2.0,663.0,0.48793757382177505,600.0,264.0,2.0,COMPLETE,,,,,,,,,,
115.0,0.005703301595565729,2024-04-26 04:19:48.124430,2024-04-26 04:19:49.277430,0 days 00:00:01.153000,0.179611880413161,13.0,-1.0,664.0,0.5147259654297544,599.0,264.0,1.0,COMPLETE,,,,,,,,,,
116.0,0.0020560395169120535,2024-04-26 04:19:49.279430,2024-04-26 04:19:50.214690,0 days 00:00:00.935260,0.2773170013783688,18.0,-17.0,579.0,0.5786024381962852,540.0,239.0,2.0,COMPLETE,,,,,,,,,,
117.0,0.430935426847732,2024-04-26 04:19:50.215691,2024-04-26 04:19:51.021692,0 days 00:00:00.806001,0.3251365001054331,72.0,-9.0,597.0,0.5433325044485693,529.0,210.0,2.0,COMPLETE,,,,,,,,,,
118.0,0.008541320341929844,2024-04-26 04:19:51.022691,2024-04-26 04:19:51.909042,0 days 00:00:00.886351,0.18211446784689134,31.0,0.0,541.0,0.48767952688133065,561.0,223.0,2.0,COMPLETE,,,,,,,,,,
119.0,228.64848624498086,2024-04-26 04:19:51.911019,2024-04-26 04:19:53.002453,0 days 00:00:01.091434,0.4092538884683264,0.0,-316.0,644.0,0.44939704684163423,573.0,272.0,2.0,COMPLETE,,,,,,,,,,
120.0,0.01813685021905335,2024-04-26 04:19:53.004451,2024-04-26 04:19:54.201698,0 days 00:00:01.197247,0.22108439076929243,23.0,-12.0,695.0,0.47513213344425625,590.0,288.0,2.0,COMPLETE,,,,,,,,,,
121.0,0.0043208071233075225,2024-04-26 04:19:54.203697,2024-04-26 04:19:55.380434,0 days 00:00:01.176737,0.35418437413711124,39.0,-51.0,725.0,0.2830154430159204,585.0,301.0,2.0,COMPLETE,,,,,,,,,,
122.0,0.00454111277228159,2024-04-26 04:19:55.382438,2024-04-26 04:19:56.428477,0 days 00:00:01.046039,0.767530892780808,15.0,-21.0,663.0,0.42754955232561265,556.0,272.0,2.0,COMPLETE,,,,,,,,,,
123.0,0.07411493058286865,2024-04-26 04:19:56.430506,2024-04-26 04:19:57.418122,0 days 00:00:00.987616,0.7081979856599998,50.0,-34.0,716.0,0.3071446264740921,599.0,242.0,2.0,COMPLETE,,,,,,,,,,
124.0,0.45768809912330555,2024-04-26 04:19:57.419123,2024-04-26 04:19:58.368098,0 days 00:00:00.948975,0.7859493466296162,29.0,-387.0,612.0,0.2437961819931738,567.0,257.0,2.0,COMPLETE,,,,,,,,,,
125.0,0.07013240849478965,2024-04-26 04:19:58.370076,2024-04-26 04:19:59.610618,0 days 00:00:01.240542,0.7479492888948004,11.0,-220.0,636.0,0.3705132894107388,578.0,316.0,2.0,COMPLETE,,,,,,,,,,
126.0,0.019095400565570676,2024-04-26 04:19:59.611620,2024-04-26 04:20:00.568698,0 days 00:00:00.957078,0.8004774952255959,39.0,-42.0,679.0,0.26650751629806624,545.0,266.0,2.0,COMPLETE,,,,,,,,,,
127.0,0.06846287834577942,2024-04-26 04:20:00.570676,2024-04-26 04:20:01.548330,0 days 00:00:00.977654,0.11010833052751505,66.0,-241.0,734.0,0.31513541315984284,589.0,248.0,2.0,COMPLETE,,,,,,,,,,
128.0,25.562818365359934,2024-04-26 04:20:01.549329,2024-04-26 04:20:02.442190,0 days 00:00:00.892861,0.466068593232062,466.0,0.0,706.0,0.25270360145812576,600.0,226.0,2.0,COMPLETE,,,,,,,,,,
129.0,0.00017753220024891266,2024-04-26 04:20:02.443192,2024-04-26 04:20:03.534154,0 days 00:00:01.090962,0.15580803661159215,21.0,-11.0,556.0,0.4088202701933664,582.0,274.0,2.0,COMPLETE,,,,,,,,,,
130.0,0.0013369510863511054,2024-04-26 04:20:03.536129,2024-04-26 04:20:04.712034,0 days 00:00:01.175905,0.20984379599554345,22.0,-11.0,580.0,0.40697357236673715,579.0,290.0,2.0,COMPLETE,,,,,,,,,,
131.0,0.03532021620559265,2024-04-26 04:20:04.713030,2024-04-26 04:20:05.865265,0 days 00:00:01.152235,0.199635887795447,19.0,-11.0,476.0,0.41509035014059614,577.0,289.0,2.0,COMPLETE,,,,,,,,,,
132.0,0.002325281089193117,2024-04-26 04:20:05.867265,2024-04-26 04:20:07.034176,0 days 00:00:01.166911,0.15956668801409596,1.0,-23.0,565.0,0.4405993946121884,567.0,299.0,2.0,COMPLETE,,,,,,,,,,
133.0,0.008873556764845459,2024-04-26 04:20:07.035849,2024-04-26 04:20:08.338235,0 days 00:00:01.302386,0.23239128142451165,28.0,-10.0,548.0,0.46190076393774576,583.0,318.0,2.0,COMPLETE,,,,,,,,,,
134.0,0.007064334931222866,2024-04-26 04:20:08.339231,2024-04-26 04:20:09.371348,0 days 00:00:01.032117,0.15229413263828218,12.0,-30.0,604.0,0.38957836233339843,592.0,257.0,2.0,COMPLETE,,,,,,,,,,
135.0,0.053939137302170655,2024-04-26 04:20:09.373369,2024-04-26 04:20:10.370369,0 days 00:00:00.997000,0.2067560944581009,47.0,-19.0,629.0,0.40001754419929014,548.0,263.0,2.0,COMPLETE,,,,,,,,,,
136.0,0.0004473294584897076,2024-04-26 04:20:10.371348,2024-04-26 04:20:11.317309,0 days 00:00:00.945961,0.8267139824272294,20.0,-10.0,583.0,0.5309894152808297,559.0,239.0,2.0,COMPLETE,,,,,,,,,,
137.0,0.008295358953242817,2024-04-26 04:20:11.318274,2024-04-26 04:20:12.273733,0 days 00:00:00.955459,0.13267011699565712,24.0,-34.0,524.0,0.5346431258738,559.0,240.0,2.0,COMPLETE,,,,,,,,,,
138.0,0.0005110707456049404,2024-04-26 04:20:12.274732,2024-04-26 04:20:13.362331,0 days 00:00:01.087599,0.12848145039537032,11.0,-12.0,575.0,0.4857530049544429,573.0,272.0,2.0,COMPLETE,,,,,,,,,,
139.0,0.0012479546062991965,2024-04-26 04:20:13.363310,2024-04-26 04:20:14.237364,0 days 00:00:00.874054,0.8218104789365246,10.0,-61.0,559.0,0.5189359992881799,570.0,213.0,2.0,COMPLETE,,,,,,,,,,
140.0,0.04241706574443702,2024-04-26 04:20:14.239363,2024-04-26 04:20:15.397054,0 days 00:00:01.157691,0.12947288670826163,34.0,-20.0,656.0,0.6201786650265799,592.0,272.0,2.0,COMPLETE,,,,,,,,,,
141.0,0.006652165470324837,2024-04-26 04:20:15.399033,2024-04-26 04:20:16.271073,0 days 00:00:00.872040,0.8227403568875875,11.0,-41.0,562.0,0.49691085492806086,567.0,214.0,2.0,COMPLETE,,,,,,,,,,
142.0,0.005191976995467066,2024-04-26 04:20:16.273050,2024-04-26 04:20:17.228828,0 days 00:00:00.955778,0.16016932907026687,10.0,0.0,601.0,0.5387214765082393,572.0,234.0,2.0,COMPLETE,,,,,,,,,,
143.0,2.3128024889649113,2024-04-26 04:20:17.229827,2024-04-26 04:20:18.261032,0 days 00:00:01.031205,0.8855152309768096,0.0,-71.0,548.0,0.5178060558620827,585.0,250.0,2.0,COMPLETE,,,,,,,,,,
144.0,0.02965592353874861,2024-04-26 04:20:18.262033,2024-04-26 04:20:19.408734,0 days 00:00:01.146701,0.8493401742667752,49.0,-28.0,616.0,0.48910303199806576,600.0,265.0,2.0,COMPLETE,,,,,,,,,,
145.0,0.07472410647640318,2024-04-26 04:20:19.409734,2024-04-26 04:20:20.546350,0 days 00:00:01.136616,0.10136180804889805,17.0,-62.0,585.0,0.4454246568956487,574.0,284.0,2.0,COMPLETE,,,,,,,,,,
146.0,0.051783437942171946,2024-04-26 04:20:20.547350,2024-04-26 04:20:21.505443,0 days 00:00:00.958093,0.7757536438639021,30.0,-13.0,645.0,0.47486784641129126,559.0,245.0,2.0,COMPLETE,,,,,,,,,,
147.0,0.2261156886024534,2024-04-26 04:20:21.506423,2024-04-26 04:20:22.375895,0 days 00:00:00.869472,0.8279118642669486,40.0,-57.0,530.0,0.5564246228605982,583.0,206.0,2.0,COMPLETE,,,,,,,,,,
148.0,0.0018939508983091143,2024-04-26 04:20:22.376895,2024-04-26 04:20:23.392894,0 days 00:00:01.015999,0.43660244122006486,9.0,-21.0,626.0,0.5263880908390965,527.0,272.0,2.0,COMPLETE,,,,,,,,,,
149.0,0.017761371598141517,2024-04-26 04:20:23.393897,2024-04-26 04:20:24.368695,0 days 00:00:00.974798,0.808187116650014,22.0,-39.0,580.0,0.5564695710422263,590.0,228.0,2.0,COMPLETE,,,,,,,,,,
150.0,2.0134571534030394,2024-04-26 04:20:24.369694,2024-04-26 04:20:25.398694,0 days 00:00:01.029000,0.7902518880096536,79.0,-185.0,433.0,0.49636530124625233,565.0,261.0,2.0,COMPLETE,,,,,,,,,,
151.0,0.0025538603010412074,2024-04-26 04:20:25.399695,2024-04-26 04:20:26.585604,0 days 00:00:01.185909,0.195435699644898,22.0,-8.0,587.0,0.43001828284435295,577.0,295.0,2.0,COMPLETE,,,,,,,,,,
152.0,0.010095383712221405,2024-04-26 04:20:26.587604,2024-04-26 04:20:27.752606,0 days 00:00:01.165002,0.1377549016641368,32.0,-12.0,606.0,0.47212442440942354,579.0,287.0,2.0,COMPLETE,,,,,,,,,,
153.0,0.009888490046044396,2024-04-26 04:20:27.754610,2024-04-26 04:20:28.905776,0 days 00:00:01.151166,0.17259319338513027,0.0,-28.0,561.0,0.4551961071440555,592.0,277.0,2.0,COMPLETE,,,,,,,,,,
154.0,0.05522673305000302,2024-04-26 04:20:28.907776,2024-04-26 04:20:29.866797,0 days 00:00:00.959021,0.3088026748113809,17.0,-9.0,243.0,0.29429656269309434,570.0,253.0,2.0,COMPLETE,,,,,,,,,,
155.0,0.0613064387551924,2024-04-26 04:20:29.867797,2024-04-26 04:20:30.917579,0 days 00:00:01.049782,0.7700899323896511,58.0,0.0,522.0,0.36713904004921055,496.0,308.0,2.0,COMPLETE,,,,,,,,,,
156.0,0.01390096972967262,2024-04-26 04:20:30.918581,2024-04-26 04:20:31.930601,0 days 00:00:01.012020,0.25735393320130995,11.0,-18.0,571.0,0.5043566366764365,580.0,236.0,1.0,COMPLETE,,,,,,,,,,
157.0,0.0013125319440481086,2024-04-26 04:20:31.932603,2024-04-26 04:20:32.927788,0 days 00:00:00.995185,0.14663524602517675,25.0,-32.0,643.0,0.23064420964459983,555.0,268.0,2.0,COMPLETE,,,,,,,,,,
158.0,0.032225363077814276,2024-04-26 04:20:32.929790,2024-04-26 04:20:33.907788,0 days 00:00:00.977998,0.11615661544253968,46.0,-33.0,648.0,0.27922412838049826,555.0,266.0,2.0,COMPLETE,,,,,,,,,,
159.0,0.05291739212939912,2024-04-26 04:20:33.908789,2024-04-26 04:20:34.606492,0 days 00:00:00.697703,0.8328575095963207,34.0,-53.0,661.0,0.23429055598290055,535.0,193.0,2.0,COMPLETE,,,,,,,,,,
160.0,0.03260617176619069,2024-04-26 04:20:34.607492,2024-04-26 04:20:35.520090,0 days 00:00:00.912598,0.3797027533201731,10.0,-42.0,687.0,0.21446888264516945,562.0,248.0,2.0,COMPLETE,,,,,,,,,,
161.0,0.02594658932197607,2024-04-26 04:20:35.521090,2024-04-26 04:20:36.641237,0 days 00:00:01.120147,0.15733864697235145,24.0,-22.0,619.0,0.435838096489098,587.0,274.0,2.0,COMPLETE,,,,,,,,,,
162.0,0.0037709989542354526,2024-04-26 04:20:36.643238,2024-04-26 04:20:37.772727,0 days 00:00:01.129489,0.1501639940860535,18.0,0.0,634.0,0.4072732011023757,574.0,285.0,2.0,COMPLETE,,,,,,,,,,
163.0,0.002522111828617972,2024-04-26 04:20:37.774720,2024-04-26 04:20:38.971171,0 days 00:00:01.196451,0.12991879199975592,29.0,-9.0,594.0,0.2618719600076647,595.0,303.0,2.0,COMPLETE,,,,,,,,,,
164.0,0.01976691641108331,2024-04-26 04:20:38.973153,2024-04-26 04:20:40.080562,0 days 00:00:01.107409,0.17043935531255489,0.0,-17.0,579.0,0.5551149294993422,600.0,258.0,2.0,COMPLETE,,,,,,,,,,
165.0,0.06024811919104232,2024-04-26 04:20:40.081563,2024-04-26 04:20:41.290389,0 days 00:00:01.208826,0.19151460575163765,41.0,-29.0,619.0,0.481404845321233,582.0,294.0,2.0,COMPLETE,,,,,,,,,,
166.0,0.01411584947390437,2024-04-26 04:20:41.291389,2024-04-26 04:20:42.205389,0 days 00:00:00.914000,0.8680117402990133,20.0,-12.0,555.0,0.3011069067804001,567.0,241.0,2.0,COMPLETE,,,,,,,,,,
167.0,0.003717247866298619,2024-04-26 04:20:42.207388,2024-04-26 04:20:43.391443,0 days 00:00:01.184055,0.21720096029594443,50.0,-24.0,675.0,0.595309409072471,585.0,278.0,2.0,COMPLETE,,,,,,,,,,
168.0,0.0038120116036131657,2024-04-26 04:20:43.393444,2024-04-26 04:20:44.375466,0 days 00:00:00.982022,0.7179557346613749,11.0,-48.0,638.0,0.32972855425819114,544.0,269.0,2.0,COMPLETE,,,,,,,,,,
169.0,0.0663684092182992,2024-04-26 04:20:44.376446,2024-04-26 04:20:45.294164,0 days 00:00:00.917718,0.14435515423999115,29.0,-34.0,540.0,0.22458866390473187,555.0,252.0,2.0,COMPLETE,,,,,,,,,,
170.0,0.14096921502685,2024-04-26 04:20:45.295163,2024-04-26 04:20:46.156884,0 days 00:00:00.861721,0.7992696298758947,66.0,0.0,598.0,0.2835229887973325,577.0,223.0,2.0,COMPLETE,,,,,,,,,,
171.0,0.003525671342910071,2024-04-26 04:20:46.157883,2024-04-26 04:20:47.104213,0 days 00:00:00.946330,0.7386225557280607,1.0,-10.0,670.0,0.2441879487491725,550.0,260.0,2.0,COMPLETE,,,,,,,,,,
172.0,0.004374464443428272,2024-04-26 04:20:47.105232,2024-04-26 04:20:48.047747,0 days 00:00:00.942515,0.730129802838205,8.0,-9.0,653.0,0.2618980164211208,562.0,253.0,2.0,COMPLETE,,,,,,,,,,
173.0,0.3216295700803271,2024-04-26 04:20:48.049748,2024-04-26 04:20:49.018731,0 days 00:00:00.968983,0.7059493709005019,20.0,-203.0,681.0,0.4574113562219876,573.0,243.0,2.0,COMPLETE,,,,,,,,,,
174.0,0.03395380742683943,2024-04-26 04:20:49.020730,2024-04-26 04:20:50.142333,0 days 00:00:01.121603,0.753587928911265,36.0,-20.0,699.0,0.5189991341000868,594.0,264.0,2.0,COMPLETE,,,,,,,,,,
175.0,0.001989675161662052,2024-04-26 04:20:50.143334,2024-04-26 04:20:51.258816,0 days 00:00:01.115482,0.7757025562554684,8.0,-7.0,614.0,0.2669760622007895,587.0,283.0,2.0,COMPLETE,,,,,,,,,,
176.0,0.0005229596128647308,2024-04-26 04:20:51.260980,2024-04-26 04:20:52.290422,0 days 00:00:01.029442,0.8471592693924866,25.0,-18.0,635.0,0.24919786848710326,566.0,275.0,2.0,COMPLETE,,,,,,,,,,
177.0,1.2792152712904887e-05,2024-04-26 04:20:52.292420,2024-04-26 04:20:53.386965,0 days 00:00:01.094545,0.8979931246502957,26.0,-29.0,492.0,0.4142127870040697,569.0,275.0,2.0,COMPLETE,,,,,,,,,,
178.0,0.07923647540596578,2024-04-26 04:20:53.388083,2024-04-26 04:20:54.442069,0 days 00:00:01.053986,0.8969939401132652,41.0,-39.0,485.0,0.2955354094626711,571.0,273.0,2.0,COMPLETE,,,,,,,,,,
179.0,0.006352467875627267,2024-04-26 04:20:54.443048,2024-04-26 04:20:55.499052,0 days 00:00:01.056004,0.8569463688924185,29.0,-25.0,436.0,0.3132070923087964,565.0,275.0,2.0,COMPLETE,,,,,,,,,,
180.0,0.004873310374413093,2024-04-26 04:20:55.501052,2024-04-26 04:20:56.534344,0 days 00:00:01.033292,0.8179316951241685,53.0,-51.0,506.0,0.22842026545173633,600.0,258.0,2.0,COMPLETE,,,,,,,,,,
181.0,0.0023784623665387764,2024-04-26 04:20:56.536348,2024-04-26 04:20:57.703261,0 days 00:00:01.166913,0.844603473611798,19.0,-18.0,634.0,0.4076186212923629,582.0,287.0,2.0,COMPLETE,,,,,,,,,,
182.0,0.02155580864860672,2024-04-26 04:20:57.705436,2024-04-26 04:20:58.907682,0 days 00:00:01.202246,0.8820165722658729,25.0,-32.0,586.0,0.4181138644687238,592.0,295.0,2.0,COMPLETE,,,,,,,,,,
183.0,0.012410957131123668,2024-04-26 04:20:58.908683,2024-04-26 04:21:00.009723,0 days 00:00:01.101040,0.8414272504225992,16.0,0.0,537.0,0.44678488621321266,576.0,270.0,2.0,COMPLETE,,,,,,,,,,
184.0,0.001787649187794361,2024-04-26 04:21:00.011723,2024-04-26 04:21:01.080051,0 days 00:00:01.068328,0.819599064946542,36.0,-15.0,563.0,0.37698405441382254,559.0,281.0,2.0,COMPLETE,,,,,,,,,,
185.0,0.0027960400855597763,2024-04-26 04:21:01.081050,2024-04-26 04:21:02.194833,0 days 00:00:01.113783,0.7949906905611084,9.0,-27.0,606.0,0.4213170859893926,587.0,268.0,2.0,COMPLETE,,,,,,,,,,
186.0,0.029139798501283204,2024-04-26 04:21:02.195833,2024-04-26 04:21:03.141373,0 days 00:00:00.945540,0.12132053895751042,25.0,-15.0,659.0,0.5047599592769024,569.0,233.0,2.0,COMPLETE,,,,,,,,,,
187.0,0.17586694124060606,2024-04-26 04:21:03.143392,2024-04-26 04:21:04.295640,0 days 00:00:01.152248,0.870334966846993,0.0,-40.0,475.0,0.3898234795799002,580.0,289.0,2.0,COMPLETE,,,,,,,,,,
188.0,0.0010003456359993208,2024-04-26 04:21:04.297640,2024-04-26 04:21:05.268848,0 days 00:00:00.971208,0.8304200945365379,44.0,0.0,408.0,0.2804281119297222,592.0,246.0,2.0,COMPLETE,,,,,,,,,,
189.0,0.008488041073579589,2024-04-26 04:21:05.269848,2024-04-26 04:21:06.247184,0 days 00:00:00.977336,0.82927573387706,43.0,0.0,348.0,0.27569484304579234,593.0,248.0,2.0,COMPLETE,,,,,,,,,,
190.0,0.005168343256146586,2024-04-26 04:21:06.248353,2024-04-26 04:21:07.281769,0 days 00:00:01.033416,0.854382830353997,32.0,-64.0,402.0,0.2469239681818133,600.0,262.0,2.0,COMPLETE,,,,,,,,,,
191.0,0.0017523474933745494,2024-04-26 04:21:07.282768,2024-04-26 04:21:08.231770,0 days 00:00:00.949002,0.8050621064174607,16.0,-9.0,628.0,0.28481979077153924,582.0,240.0,2.0,COMPLETE,,,,,,,,,,
192.0,0.07344156320185417,2024-04-26 04:21:08.233769,2024-04-26 04:21:09.276560,0 days 00:00:01.042791,0.7824305925781464,55.0,-20.0,338.0,0.11558072977190048,589.0,279.0,2.0,COMPLETE,,,,,,,,,,
193.0,0.02009266084657551,2024-04-26 04:21:09.277577,2024-04-26 04:21:10.091576,0 days 00:00:00.813999,0.8366364543166025,11.0,-154.0,411.0,0.26774622877129156,459.0,252.0,2.0,COMPLETE,,,,,,,,,,
194.0,0.5605548300729098,2024-04-26 04:21:10.093578,2024-04-26 04:21:11.151692,0 days 00:00:01.058114,0.8989555889980018,25.0,-257.0,580.0,0.4877128807282445,573.0,263.0,2.0,COMPLETE,,,,,,,,,,
195.0,0.004797327028273978,2024-04-26 04:21:11.153697,2024-04-26 04:21:12.300711,0 days 00:00:01.147014,0.7667177645621537,44.0,-11.0,643.0,0.3166364944917788,556.0,303.0,2.0,COMPLETE,,,,,,,,,,
196.0,1.9423521368233884e-05,2024-04-26 04:21:12.301711,2024-04-26 04:21:13.298240,0 days 00:00:00.996529,0.8111044176458498,19.0,-27.0,553.0,0.43539224649689595,578.0,245.0,2.0,COMPLETE,,,,,,,,,,
197.0,0.13903780170957705,2024-04-26 04:21:13.299240,2024-04-26 04:21:13.800261,0 days 00:00:00.501021,0.8158363001020099,0.0,-28.0,298.0,0.4613348982151451,566.0,114.0,2.0,COMPLETE,,,,,,,,,,
198.0,0.012656806804734806,2024-04-26 04:21:13.801259,2024-04-26 04:21:14.547241,0 days 00:00:00.745982,0.8794052887264302,33.0,-36.0,454.0,0.20699997727726802,482.0,231.0,2.0,COMPLETE,,,,,,,,,,
199.0,0.03694567507660506,2024-04-26 04:21:14.548240,2024-04-26 04:21:15.555999,0 days 00:00:01.007759,0.8108008808435565,15.0,-26.0,527.0,0.43665222336024717,590.0,247.0,2.0,COMPLETE,,,,,,,,,,
200.0,0.002593581517845668,2024-04-26 04:21:15.557978,2024-04-26 04:21:16.467001,0 days 00:00:00.909023,0.7876752578864602,9.0,-46.0,601.0,0.47720403453099264,584.0,216.0,2.0,COMPLETE,,,,,,,,,,
201.0,0.025658279445980765,2024-04-26 04:21:16.468001,2024-04-26 04:21:17.485959,0 days 00:00:01.017958,0.1677501637031801,22.0,-8.0,559.0,0.4022542060324028,576.0,257.0,2.0,COMPLETE,,,,,,,,,,
202.0,0.003232890145474469,2024-04-26 04:21:17.486960,2024-04-26 04:21:18.474960,0 days 00:00:00.988000,0.8385483383330044,26.0,-18.0,551.0,0.4342381168147767,579.0,240.0,2.0,COMPLETE,,,,,,,,,,
203.0,0.0008287885676318618,2024-04-26 04:21:18.476938,2024-04-26 04:21:19.550579,0 days 00:00:01.073641,0.8535995421319846,39.0,-7.0,575.0,0.5279721800952143,563.0,268.0,2.0,COMPLETE,,,,,,,,,,
204.0,0.23215959010181828,2024-04-26 04:21:19.552580,2024-04-26 04:21:20.603557,0 days 00:00:01.050977,0.8534406773031187,38.0,0.0,613.0,0.5366152467374387,543.0,269.0,2.0,COMPLETE,,,,,,,,,,
205.0,0.017051204280701133,2024-04-26 04:21:20.605558,2024-04-26 04:21:21.664467,0 days 00:00:01.058909,0.8242406984200353,45.0,-20.0,173.0,0.5511987630626596,563.0,256.0,2.0,COMPLETE,,,,,,,,,,
206.0,0.00839878834073798,2024-04-26 04:21:21.665465,2024-04-26 04:21:22.780461,0 days 00:00:01.114996,0.8659665627396748,64.0,-7.0,575.0,0.5281102925062577,555.0,275.0,2.0,COMPLETE,,,,,,,,,,
207.0,0.01467440358467,2024-04-26 04:21:22.781460,2024-04-26 04:21:23.595137,0 days 00:00:00.813677,0.7539766109679737,13.0,-31.0,654.0,0.579964463032565,442.0,246.0,2.0,COMPLETE,,,,,,,,,,
208.0,0.062362920005514876,2024-04-26 04:21:23.596139,2024-04-26 04:21:24.665047,0 days 00:00:01.068908,0.8022072360220844,32.0,0.0,515.0,0.5120724317901713,568.0,264.0,2.0,COMPLETE,,,,,,,,,,
209.0,0.00010796750955612722,2024-04-26 04:21:24.666030,2024-04-26 04:21:25.669200,0 days 00:00:01.003170,0.8487238246351544,54.0,-17.0,596.0,0.49826224829162163,593.0,235.0,2.0,COMPLETE,,,,,,,,,,
210.0,0.11467150457981386,2024-04-26 04:21:25.670175,2024-04-26 04:21:26.650256,0 days 00:00:00.980081,0.8504409559795258,52.0,-17.0,600.0,0.4993278216826018,600.0,226.0,2.0,COMPLETE,,,,,,,,,,
211.0,0.042928496542537393,2024-04-26 04:21:26.652223,2024-04-26 04:21:27.635713,0 days 00:00:00.983490,0.8290789727574613,17.0,-12.0,632.0,0.25234075492676095,591.0,252.0,2.0,COMPLETE,,,,,,,,,,
212.0,0.0002173474759746219,2024-04-26 04:21:27.637689,2024-04-26 04:21:28.623238,0 days 00:00:00.985549,0.8686841714237885,38.0,-24.0,549.0,0.5151287840895867,585.0,236.0,2.0,COMPLETE,,,,,,,,,,
213.0,0.0212447466172816,2024-04-26 04:21:28.624260,2024-04-26 04:21:29.603259,0 days 00:00:00.978999,0.8830014763401461,42.0,-22.0,548.0,0.5235510602769861,585.0,235.0,2.0,COMPLETE,,,,,,,,,,
214.0,0.011401345975222377,2024-04-26 04:21:29.604260,2024-04-26 04:21:30.610917,0 days 00:00:01.006657,0.8691506922146506,60.0,0.0,565.0,0.4899396567107583,591.0,240.0,2.0,COMPLETE,,,,,,,,,,
215.0,0.0176141721267161,2024-04-26 04:21:30.611918,2024-04-26 04:21:31.516901,0 days 00:00:00.904983,0.8694568124864329,75.0,-12.0,538.0,0.5062065712626829,572.0,221.0,2.0,COMPLETE,,,,,,,,,,
216.0,4.047720122864819,2024-04-26 04:21:31.518898,2024-04-26 04:21:32.545941,0 days 00:00:01.027043,0.8407123644293741,402.0,-24.0,590.0,0.5632289715520109,595.0,232.0,1.0,COMPLETE,,,,,,,,,,
217.0,0.0006770830769944412,2024-04-26 04:21:32.546940,2024-04-26 04:21:33.422921,0 days 00:00:00.875981,0.8568449712883904,8.0,-9.0,571.0,0.462736878107329,581.0,208.0,2.0,COMPLETE,,,,,,,,,,
218.0,0.003455072070570718,2024-04-26 04:21:33.423947,2024-04-26 04:21:34.268751,0 days 00:00:00.844804,0.8846961352444203,34.0,-7.0,578.0,0.4691139635794729,583.0,203.0,2.0,COMPLETE,,,,,,,,,,
219.0,0.12432612061137419,2024-04-26 04:21:34.269751,2024-04-26 04:21:35.279687,0 days 00:00:01.009936,0.8572422662860089,0.0,-16.0,605.0,0.4513287340015759,593.0,245.0,2.0,COMPLETE,,,,,,,,,,
220.0,0.010398558341308444,2024-04-26 04:21:35.280687,2024-04-26 04:21:36.323041,0 days 00:00:01.042354,0.8472277569116352,49.0,0.0,500.0,0.4698348195846528,578.0,259.0,2.0,COMPLETE,,,,,,,,,,
221.0,0.0013066439509316235,2024-04-26 04:21:36.325050,2024-04-26 04:21:37.292109,0 days 00:00:00.967059,0.8225364377731864,11.0,-9.0,552.0,0.521811415168366,584.0,228.0,2.0,COMPLETE,,,,,,,,,,
222.0,0.0012069844016915224,2024-04-26 04:21:37.293112,2024-04-26 04:21:38.045132,0 days 00:00:00.752020,0.8607690004840339,7.0,-24.0,534.0,0.4861272590428021,572.0,180.0,2.0,COMPLETE,,,,,,,,,,
223.0,0.0026363896646066846,2024-04-26 04:21:38.046129,2024-04-26 04:21:38.849009,0 days 00:00:00.802880,0.8742923068256477,19.0,-22.0,800.0,0.4886212836811089,574.0,192.0,2.0,COMPLETE,,,,,,,,,,
224.0,0.0002542391108582393,2024-04-26 04:21:38.850009,2024-04-26 04:21:39.582990,0 days 00:00:00.732981,0.8955991122603909,8.0,-34.0,532.0,0.460062343063433,600.0,168.0,2.0,COMPLETE,,,,,,,,,,
225.0,0.1712888746041573,2024-04-26 04:21:39.584010,2024-04-26 04:21:40.224010,0 days 00:00:00.640000,0.7426060982104103,29.0,-36.0,523.0,0.4457311058874186,600.0,144.0,2.0,COMPLETE,,,,,,,,,,
226.0,0.0009028834848163565,2024-04-26 04:21:40.226009,2024-04-26 04:21:41.391953,0 days 00:00:01.165944,0.895347317201333,18.0,-12.0,867.0,0.461426085794584,591.0,283.0,2.0,COMPLETE,,,,,,,,,,
227.0,0.002948131949608456,2024-04-26 04:21:41.393948,2024-04-26 04:21:42.559236,0 days 00:00:01.165288,0.892195337638999,18.0,-11.0,882.0,0.45745648053942456,591.0,281.0,2.0,COMPLETE,,,,,,,,,,
228.0,0.0004676302785846707,2024-04-26 04:21:42.561212,2024-04-26 04:21:43.745036,0 days 00:00:01.183824,0.8915953390792166,0.0,-16.0,621.0,0.4326223634447608,586.0,286.0,2.0,COMPLETE,,,,,,,,,,
229.0,0.0001085865138751553,2024-04-26 04:21:43.746036,2024-04-26 04:21:44.934659,0 days 00:00:01.188623,0.8894469672059347,1.0,-30.0,629.0,0.4186476336901716,585.0,292.0,2.0,COMPLETE,,,,,,,,,,
230.0,0.010524935210087799,2024-04-26 04:21:44.935659,2024-04-26 04:21:46.165014,0 days 00:00:01.229355,0.8991919223909911,0.0,-32.0,618.0,0.4278220225950674,600.0,294.0,2.0,COMPLETE,,,,,,,,,,
231.0,0.0028730581551333506,2024-04-26 04:21:46.166012,2024-04-26 04:21:47.344955,0 days 00:00:01.178943,0.8847133375783395,8.0,-17.0,622.0,0.4256447601428666,585.0,287.0,2.0,COMPLETE,,,,,,,,,,
232.0,0.004046935518398184,2024-04-26 04:21:47.346955,2024-04-26 04:21:48.569958,0 days 00:00:01.223003,0.8958215723750795,8.0,-24.0,662.0,0.44615247253836016,586.0,299.0,2.0,COMPLETE,,,,,,,,,,
233.0,0.015121590391431593,2024-04-26 04:21:48.570955,2024-04-26 04:21:49.740582,0 days 00:00:01.169627,0.8754985715732838,0.0,-44.0,570.0,0.465534422531338,578.0,287.0,2.0,COMPLETE,,,,,,,,,,
234.0,0.039443194530195375,2024-04-26 04:21:49.742591,2024-04-26 04:21:50.448602,0 days 00:00:00.706011,0.8834922560404459,17.0,-15.0,587.0,0.4165599309390089,587.0,166.0,2.0,COMPLETE,,,,,,,,,,
235.0,0.005475078524913757,2024-04-26 04:21:50.449586,2024-04-26 04:21:51.119909,0 days 00:00:00.670323,0.8978019888349703,9.0,-35.0,638.0,0.44209314127797755,592.0,154.0,2.0,COMPLETE,,,,,,,,,,
236.0,0.011813238593120078,2024-04-26 04:21:51.120909,2024-04-26 04:21:52.264179,0 days 00:00:01.143270,0.866676014673676,22.0,-9.0,605.0,0.47427070831306023,580.0,276.0,2.0,COMPLETE,,,,,,,,,,
237.0,0.016988470500004352,2024-04-26 04:21:52.266179,2024-04-26 04:21:53.445254,0 days 00:00:01.179075,0.8572807126802175,15.0,-27.0,625.0,0.45504488543330457,600.0,281.0,2.0,COMPLETE,,,,,,,,,,
238.0,0.02285312551763221,2024-04-26 04:21:53.447252,2024-04-26 04:21:54.680308,0 days 00:00:01.233056,0.8796302017428562,0.0,-18.0,680.0,0.4292716621772226,564.0,313.0,2.0,COMPLETE,,,,,,,,,,
239.0,0.004043793075024085,2024-04-26 04:21:54.681284,2024-04-26 04:21:55.930196,0 days 00:00:01.248912,0.8995727682497986,29.0,-9.0,592.0,0.8943145579138192,579.0,275.0,2.0,COMPLETE,,,,,,,,,,
240.0,0.004115397108744083,2024-04-26 04:21:55.932216,2024-04-26 04:21:57.118193,0 days 00:00:01.185977,0.8646366384021699,9.0,-41.0,651.0,0.4024015499124937,588.0,292.0,2.0,COMPLETE,,,,,,,,,,
241.0,0.003748031318510839,2024-04-26 04:21:57.119192,2024-04-26 04:21:58.206863,0 days 00:00:01.087671,0.8395933012527829,36.0,-1.0,866.0,0.2857847433154793,594.0,273.0,2.0,COMPLETE,,,,,,,,,,
242.0,0.0006166657596498048,2024-04-26 04:21:58.208862,2024-04-26 04:21:59.327861,0 days 00:00:01.118999,0.8487262512618904,24.0,-7.0,379.0,0.5023575793107231,594.0,265.0,2.0,COMPLETE,,,,,,,,,,
243.0,0.032564752879493404,2024-04-26 04:21:59.329862,2024-04-26 04:22:00.433023,0 days 00:00:01.103161,0.878950451687488,22.0,-16.0,570.0,0.49627777084412744,584.0,266.0,2.0,COMPLETE,,,,,,,,,,
244.0,0.01071522435961121,2024-04-26 04:22:00.434023,2024-04-26 04:22:01.654827,0 days 00:00:01.220804,0.8548282912851646,17.0,-26.0,548.0,0.5066938720464345,595.0,282.0,2.0,COMPLETE,,,,,,,,,,
245.0,6.866974476123028e-06,2024-04-26 04:22:01.655990,2024-04-26 04:22:02.408541,0 days 00:00:00.752551,0.8430612703300275,30.0,-10.0,611.0,0.4744758348687797,574.0,180.0,2.0,COMPLETE,,,,,,,,,,
246.0,0.13425278301411786,2024-04-26 04:22:02.409544,2024-04-26 04:22:03.150543,0 days 00:00:00.740999,0.8499613388232188,29.0,-10.0,588.0,0.48261594435937194,575.0,176.0,2.0,COMPLETE,,,,,,,,,,
247.0,1.081856842124643e-05,2024-04-26 04:22:03.151543,2024-04-26 04:22:03.856023,0 days 00:00:00.704480,0.8702374785598078,9.0,-8.0,612.0,0.47152043158346446,567.0,168.0,2.0,COMPLETE,,,,,,,,,,
248.0,0.0029940496414815588,2024-04-26 04:22:03.857025,2024-04-26 04:22:04.538342,0 days 00:00:00.681317,0.48941477414041823,0.0,-6.0,607.0,0.4718297111323021,568.0,162.0,2.0,COMPLETE,,,,,,,,,,
249.0,0.008507545644943626,2024-04-26 04:22:04.539321,2024-04-26 04:22:05.212344,0 days 00:00:00.673023,0.8429737556707176,9.0,-18.0,638.0,0.4991293859982673,561.0,161.0,2.0,COMPLETE,,,,,,,,,,
250.0,0.0002553481671939893,2024-04-26 04:22:05.213344,2024-04-26 04:22:05.948599,0 days 00:00:00.735255,0.8636902838134572,25.0,-1.0,666.0,0.4414498812276328,569.0,178.0,2.0,COMPLETE,,,,,,,,,,
251.0,0.0016757967890503672,2024-04-26 04:22:05.949411,2024-04-26 04:22:06.698692,0 days 00:00:00.749281,0.8699676935153688,10.0,0.0,705.0,0.43500426436660217,574.0,181.0,2.0,COMPLETE,,,,,,,,,,
252.0,0.24850498167021026,2024-04-26 04:22:06.699691,2024-04-26 04:22:07.385692,0 days 00:00:00.686001,0.8691527459136092,25.0,-30.0,670.0,0.4490457457001621,580.0,161.0,2.0,COMPLETE,,,,,,,,,,
253.0,0.026212706893832736,2024-04-26 04:22:07.386668,2024-04-26 04:22:08.083797,0 days 00:00:00.697129,0.8842551823321121,15.0,-18.0,650.0,0.4141770808141972,571.0,169.0,2.0,COMPLETE,,,,,,,,,,
254.0,0.00012562634506027207,2024-04-26 04:22:08.085795,2024-04-26 04:22:08.936937,0 days 00:00:00.851142,0.5197738374997413,0.0,-8.0,693.0,0.4737118070701974,583.0,200.0,2.0,COMPLETE,,,,,,,,,,
255.0,0.0002446072996043943,2024-04-26 04:22:08.937939,2024-04-26 04:22:09.671955,0 days 00:00:00.734016,0.4170386678574245,0.0,0.0,677.0,0.4852094377432181,571.0,175.0,2.0,COMPLETE,,,,,,,,,,
256.0,1.955966528245733,2024-04-26 04:22:09.672934,2024-04-26 04:22:10.402245,0 days 00:00:00.729311,0.39825858677965154,0.0,-437.0,693.0,0.4836667432838203,568.0,175.0,2.0,COMPLETE,,,,,,,,,,
257.0,0.0006781637107964722,2024-04-26 04:22:10.403245,2024-04-26 04:22:11.153972,0 days 00:00:00.750727,0.44193448767638593,7.0,0.0,668.0,0.4329251291120518,559.0,186.0,2.0,COMPLETE,,,,,,,,,,
258.0,0.0013410254262412862,2024-04-26 04:22:11.154972,2024-04-26 04:22:11.878972,0 days 00:00:00.724000,0.28976405724953946,16.0,-26.0,686.0,0.4737974197500683,574.0,172.0,2.0,COMPLETE,,,,,,,,,,
259.0,0.0004686522147876372,2024-04-26 04:22:11.879973,2024-04-26 04:22:12.673444,0 days 00:00:00.793471,0.33372614749430785,7.0,0.0,716.0,0.4448571754546535,583.0,190.0,2.0,COMPLETE,,,,,,,,,,
260.0,0.025178936577391973,2024-04-26 04:22:12.675424,2024-04-26 04:22:13.454754,0 days 00:00:00.779330,0.38424067329183365,30.0,-17.0,694.0,0.4482961210005437,550.0,197.0,2.0,COMPLETE,,,,,,,,,,
261.0,0.0014366442627036984,2024-04-26 04:22:13.456732,2024-04-26 04:22:14.230753,0 days 00:00:00.774021,0.37358997732757054,8.0,0.0,664.0,0.41413670614036546,583.0,187.0,2.0,COMPLETE,,,,,,,,,,
262.0,0.04592013898997392,2024-04-26 04:22:14.231753,2024-04-26 04:22:14.976131,0 days 00:00:00.744378,0.46454522956189176,20.0,-35.0,721.0,0.45565712227563343,566.0,181.0,2.0,COMPLETE,,,,,,,,,,
263.0,0.027297634322785393,2024-04-26 04:22:14.977128,2024-04-26 04:22:15.636130,0 days 00:00:00.659002,0.5195057243482437,0.0,-17.0,668.0,0.3885375741671434,585.0,154.0,2.0,COMPLETE,,,,,,,,,,
264.0,0.010127409262861814,2024-04-26 04:22:15.637128,2024-04-26 04:22:16.363129,0 days 00:00:00.726001,0.35402875496766384,33.0,-26.0,735.0,0.4368850767773952,574.0,174.0,2.0,COMPLETE,,,,,,,,,,
265.0,0.0038470473502208993,2024-04-26 04:22:16.365130,2024-04-26 04:22:17.159588,0 days 00:00:00.794458,0.5483722005788589,14.0,-9.0,756.0,0.4795580768635871,600.0,182.0,2.0,COMPLETE,,,,,,,,,,
266.0,0.010902445270879921,2024-04-26 04:22:17.160588,2024-04-26 04:22:17.989587,0 days 00:00:00.828999,0.30746747091720794,26.0,-18.0,685.0,0.7098562749656006,562.0,193.0,2.0,COMPLETE,,,,,,,,,,
267.0,0.024993983278341663,2024-04-26 04:22:17.990588,2024-04-26 04:22:18.703029,0 days 00:00:00.712441,0.41316033001653046,9.0,-34.0,705.0,0.42421656072090275,585.0,168.0,2.0,COMPLETE,,,,,,,,,,
268.0,0.006247546276816436,2024-04-26 04:22:18.704099,2024-04-26 04:22:19.372211,0 days 00:00:00.668112,0.241997884101569,19.0,-9.0,636.0,0.4648547853648581,575.0,156.0,2.0,COMPLETE,,,,,,,,,,
269.0,0.1221598252779926,2024-04-26 04:22:19.374184,2024-04-26 04:22:20.102186,0 days 00:00:00.728002,0.8340620971129556,0.0,-353.0,619.0,0.4573840712667893,593.0,168.0,2.0,COMPLETE,,,,,,,,,,
270.0,0.19930319978913438,2024-04-26 04:22:20.103207,2024-04-26 04:22:20.948704,0 days 00:00:00.845497,0.44961416824167744,35.0,-48.0,654.0,0.48757388176178673,568.0,200.0,1.0,COMPLETE,,,,,,,,,,
271.0,0.021799750221343034,2024-04-26 04:22:20.949706,2024-04-26 04:22:21.687093,0 days 00:00:00.737387,0.41865486048028633,16.0,0.0,86.0,0.4394084174696299,581.0,173.0,2.0,COMPLETE,,,,,,,,,,
272.0,0.06376052857746785,2024-04-26 04:22:21.689069,2024-04-26 04:22:22.425092,0 days 00:00:00.736023,0.500340979245321,23.0,-24.0,485.0,0.3973336243565394,557.0,184.0,2.0,COMPLETE,,,,,,,,,,
273.0,2.597739154083922e-05,2024-04-26 04:22:22.427092,2024-04-26 04:22:23.065063,0 days 00:00:00.637971,0.8798118204003722,9.0,-13.0,623.0,0.470302537929656,587.0,145.0,2.0,COMPLETE,,,,,,,,,,
274.0,0.0001559880893135945,2024-04-26 04:22:23.066063,2024-04-26 04:22:23.617334,0 days 00:00:00.551271,0.8779799045158124,8.0,-14.0,512.0,0.47083166429422185,510.0,139.0,2.0,COMPLETE,,,,,,,,,,
275.0,0.00019902845266317283,2024-04-26 04:22:23.619316,2024-04-26 04:22:24.429338,0 days 00:00:00.810022,0.8841487150998711,9.0,-30.0,528.0,0.46749511623508033,587.0,191.0,2.0,COMPLETE,,,,,,,,,,
276.0,0.006973957858433284,2024-04-26 04:22:24.430335,2024-04-26 04:22:25.189826,0 days 00:00:00.759491,0.5851795524570997,8.0,-41.0,513.0,0.44922944223837413,587.0,178.0,2.0,COMPLETE,,,,,,,,,,
277.0,0.0014608596802481045,2024-04-26 04:22:25.190826,2024-04-26 04:22:25.687725,0 days 00:00:00.496899,0.8805585752671483,8.0,-31.0,513.0,0.4674733123280848,511.0,122.0,2.0,COMPLETE,,,,,,,,,,
278.0,0.019070786237524007,2024-04-26 04:22:25.688706,2024-04-26 04:22:26.274725,0 days 00:00:00.586019,0.8683586893029761,1.0,-55.0,504.0,0.4229208812094208,589.0,132.0,2.0,COMPLETE,,,,,,,,,,
279.0,0.0021005847851855563,2024-04-26 04:22:26.275724,2024-04-26 04:22:26.785725,0 days 00:00:00.510001,0.8862311823354369,11.0,-24.0,526.0,0.44461604347397016,491.0,132.0,2.0,COMPLETE,,,,,,,,,,
280.0,0.0013078481495124243,2024-04-26 04:22:26.787726,2024-04-26 04:22:27.488067,0 days 00:00:00.700341,0.8986344572152496,18.0,-36.0,489.0,0.3601028737530192,499.0,196.0,2.0,COMPLETE,,,,,,,,,,
281.0,7.796084942221012e-05,2024-04-26 04:22:27.490046,2024-04-26 04:22:28.111897,0 days 00:00:00.621851,0.8840833857596254,1.0,-13.0,545.0,0.47071070651140456,579.0,142.0,2.0,COMPLETE,,,,,,,,,,
282.0,2.5403086214269432,2024-04-26 04:22:28.112898,2024-04-26 04:22:28.641878,0 days 00:00:00.528980,0.8790234319437591,0.0,-45.0,538.0,0.4608478890350416,480.0,140.0,2.0,COMPLETE,,,,,,,,,,
283.0,0.0012107522699881695,2024-04-26 04:22:28.642878,2024-04-26 04:22:29.287486,0 days 00:00:00.644608,0.899395534129904,8.0,-17.0,548.0,0.4766730205848151,580.0,146.0,2.0,COMPLETE,,,,,,,,,,
284.0,0.3297021348954466,2024-04-26 04:22:29.288613,2024-04-26 04:22:29.848989,0 days 00:00:00.560376,0.870238610830067,0.0,-29.0,527.0,0.4975934466248253,577.0,125.0,2.0,COMPLETE,,,,,,,,,,
285.0,0.009157753947210185,2024-04-26 04:22:29.849987,2024-04-26 04:22:30.517987,0 days 00:00:00.668000,0.8865655263681766,31.0,-12.0,500.0,0.47383504638788493,586.0,152.0,2.0,COMPLETE,,,,,,,,,,
286.0,0.008526137275167503,2024-04-26 04:22:30.519988,2024-04-26 04:22:31.256989,0 days 00:00:00.737001,0.8758946920206854,14.0,-25.0,552.0,0.509303795444923,527.0,189.0,2.0,COMPLETE,,,,,,,,,,
287.0,0.045461010412357845,2024-04-26 04:22:31.258988,2024-04-26 04:22:31.880959,0 days 00:00:00.621971,0.867400268687776,26.0,-39.0,602.0,0.46006567351207406,520.0,159.0,2.0,COMPLETE,,,,,,,,,,
288.0,0.0022345373282774677,2024-04-26 04:22:31.882418,2024-04-26 04:22:32.510995,0 days 00:00:00.628577,0.8588582102845937,9.0,-9.0,529.0,0.41832640141655353,576.0,144.0,2.0,COMPLETE,,,,,,,,,,
289.0,0.020051108280173584,2024-04-26 04:22:32.512973,2024-04-26 04:22:33.160994,0 days 00:00:00.648021,0.6834835931703507,0.0,-16.0,613.0,0.43581495009965243,584.0,149.0,2.0,COMPLETE,,,,,,,,,,
290.0,29.681011222807943,2024-04-26 04:22:33.162996,2024-04-26 04:22:33.713112,0 days 00:00:00.550116,0.8860986071939863,337.0,-27.0,559.0,0.47628220314602937,569.0,124.0,2.0,COMPLETE,,,,,,,,,,
291.0,0.0010128635075125503,2024-04-26 04:22:33.714111,2024-04-26 04:22:34.531612,0 days 00:00:00.817501,0.8993967054469373,39.0,-10.0,590.0,0.4904866652979727,549.0,204.0,2.0,COMPLETE,,,,,,,,,,
292.0,0.045187575898609875,2024-04-26 04:22:34.533591,2024-04-26 04:22:35.049614,0 days 00:00:00.516023,0.8407435479425516,21.0,-19.0,471.0,0.45301356079933014,470.0,135.0,2.0,COMPLETE,,,,,,,,,,
293.0,0.9966852883990882,2024-04-26 04:22:35.050613,2024-04-26 04:22:35.799657,0 days 00:00:00.749044,0.3320938831108225,16.0,-280.0,622.0,0.5118422471167148,538.0,187.0,2.0,COMPLETE,,,,,,,,,,
294.0,2.006620652658707,2024-04-26 04:22:35.800634,2024-04-26 04:22:36.533004,0 days 00:00:00.732370,0.8621274708692022,0.0,-34.0,538.0,0.38279314783681323,593.0,172.0,2.0,COMPLETE,,,,,,,,,,
295.0,0.006638316432622063,2024-04-26 04:22:36.535014,2024-04-26 04:22:37.133005,0 days 00:00:00.597991,0.8160330331844201,34.0,0.0,497.0,0.41170338266231793,579.0,138.0,2.0,COMPLETE,,,,,,,,,,
296.0,0.012241851647593347,2024-04-26 04:22:37.134006,2024-04-26 04:22:37.817139,0 days 00:00:00.683133,0.8739959765888049,9.0,-10.0,587.0,0.46742472629823206,570.0,161.0,2.0,COMPLETE,,,,,,,,,,
297.0,0.00013146926237852765,2024-04-26 04:22:37.818887,2024-04-26 04:22:38.726540,0 days 00:00:00.907653,0.8848373862985898,26.0,-21.0,463.0,0.4335204774572253,589.0,217.0,2.0,COMPLETE,,,,,,,,,,
298.0,0.06521295544333763,2024-04-26 04:22:38.727539,2024-04-26 04:22:39.626540,0 days 00:00:00.899001,0.8845037495701134,48.0,-40.0,466.0,0.3983772241049463,590.0,216.0,2.0,COMPLETE,,,,,,,,,,
299.0,0.007561222770092174,2024-04-26 04:22:39.627541,2024-04-26 04:22:40.551345,0 days 00:00:00.923804,0.857239257569135,26.0,-25.0,458.0,0.5421048742024072,562.0,224.0,2.0,COMPLETE,,,,,,,,,,
300.0,0.09125119487224412,2024-04-26 04:22:40.552343,2024-04-26 04:22:41.414340,0 days 00:00:00.861997,0.8844750153472118,36.0,-51.0,517.0,0.42756959032235037,592.0,205.0,2.0,COMPLETE,,,,,,,,,,
301.0,0.000476574490314375,2024-04-26 04:22:41.415344,2024-04-26 04:22:42.384774,0 days 00:00:00.969430,0.8329838117101034,23.0,-31.0,437.0,0.4819143071799335,575.0,236.0,2.0,COMPLETE,,,,,,,,,,
302.0,0.0005317949450261363,2024-04-26 04:22:42.385772,2024-04-26 04:22:43.649973,0 days 00:00:01.264201,0.8672229526406461,16.0,-20.0,455.0,0.49670481781249204,584.0,305.0,2.0,COMPLETE,,,,,,,,,,
303.0,0.0012263716730806207,2024-04-26 04:22:43.651973,2024-04-26 04:22:44.574944,0 days 00:00:00.922971,0.6278540115820752,38.0,-15.0,563.0,0.437340224238913,555.0,234.0,2.0,COMPLETE,,,,,,,,,,
304.0,0.15226944057853947,2024-04-26 04:22:44.575944,2024-04-26 04:22:45.456498,0 days 00:00:00.880554,0.8985404272282652,26.0,-88.0,605.0,0.5200101075080118,571.0,211.0,2.0,COMPLETE,,,,,,,,,,
305.0,0.04998308862449331,2024-04-26 04:22:45.457481,2024-04-26 04:22:46.401325,0 days 00:00:00.943844,0.8505824630096052,276.0,-32.0,624.0,0.4511654586923518,593.0,224.0,2.0,COMPLETE,,,,,,,,,,
306.0,0.14308235289005883,2024-04-26 04:22:46.403015,2024-04-26 04:22:47.107663,0 days 00:00:00.704648,0.8772478171849345,53.0,-20.0,478.0,0.41093100335298605,578.0,167.0,2.0,COMPLETE,,,,,,,,,,
307.0,0.003830317720386264,2024-04-26 04:22:47.109663,2024-04-26 04:22:48.074644,0 days 00:00:00.964981,0.8037470362427751,12.0,-45.0,646.0,0.4649654588307463,565.0,241.0,2.0,COMPLETE,,,,,,,,,,
308.0,0.009485377624629547,2024-04-26 04:22:48.076663,2024-04-26 04:22:48.904635,0 days 00:00:00.827972,0.8378085341035798,0.0,-14.0,495.0,0.4294954691804808,588.0,197.0,2.0,COMPLETE,,,,,,,,,,
309.0,0.009714805554072859,2024-04-26 04:22:48.905635,2024-04-26 04:22:49.383204,0 days 00:00:00.477569,0.8628347634420018,18.0,-10.0,552.0,0.48513612448289134,395.0,146.0,2.0,COMPLETE,,,,,,,,,,
310.0,0.20962957560284462,2024-04-26 04:22:49.384207,2024-04-26 04:22:49.868203,0 days 00:00:00.483996,0.8841012085567763,245.0,-25.0,596.0,0.3408118952596322,600.0,100.0,1.0,COMPLETE,,,,,,,,,,
311.0,0.001862053403576157,2024-04-26 04:22:49.870204,2024-04-26 04:22:51.211846,0 days 00:00:01.341642,0.8160132752292355,31.0,-38.0,513.0,0.8222447285172048,583.0,297.0,2.0,COMPLETE,,,,,,,,,,
312.0,0.00013348364448862455,2024-04-26 04:22:51.212847,2024-04-26 04:22:52.109848,0 days 00:00:00.897001,0.8494718361947938,9.0,-9.0,575.0,0.5034048943585183,574.0,216.0,2.0,COMPLETE,,,,,,,,,,
313.0,0.08337927093571074,2024-04-26 04:22:52.111847,2024-04-26 04:22:53.000756,0 days 00:00:00.888909,0.7144455595633783,42.0,0.0,572.0,0.532457411504195,560.0,216.0,2.0,COMPLETE,,,,,,,,,,
314.0,0.009532137038759148,2024-04-26 04:22:53.002756,2024-04-26 04:22:53.908907,0 days 00:00:00.906151,0.6636668466745957,25.0,-9.0,537.0,0.5101641977206511,571.0,219.0,2.0,COMPLETE,,,,,,,,,,
315.0,0.018267121747314652,2024-04-26 04:22:53.910884,2024-04-26 04:22:54.750907,0 days 00:00:00.840023,0.8272984827625154,14.0,-25.0,581.0,0.49704138388970315,551.0,209.0,2.0,COMPLETE,,,,,,,,,,
316.0,0.004172700973090564,2024-04-26 04:22:54.751885,2024-04-26 04:22:55.717931,0 days 00:00:00.966046,0.845732705959864,30.0,-8.0,557.0,0.4789732298491499,577.0,234.0,2.0,COMPLETE,,,,,,,,,,
317.0,1.6705814593979098,2024-04-26 04:22:55.719909,2024-04-26 04:22:56.709930,0 days 00:00:00.990021,0.8588554634447859,461.0,-31.0,568.0,0.7871096982702717,566.0,226.0,2.0,COMPLETE,,,,,,,,,,
318.0,0.13475899551356993,2024-04-26 04:22:56.710931,2024-04-26 04:22:57.176109,0 days 00:00:00.465178,0.8370919350698087,11.0,-55.0,527.0,0.5168272741786996,502.0,111.0,2.0,COMPLETE,,,,,,,,,,
319.0,0.006012365774923316,2024-04-26 04:22:57.177110,2024-04-26 04:22:57.755064,0 days 00:00:00.577954,0.855864720067722,20.0,-20.0,541.0,0.49696841624871696,577.0,128.0,2.0,COMPLETE,,,,,,,,,,
320.0,0.00044019937137519346,2024-04-26 04:22:57.756066,2024-04-26 04:22:58.546066,0 days 00:00:00.790000,0.7917895830038018,41.0,-8.0,510.0,0.46479350523346896,592.0,183.0,2.0,COMPLETE,,,,,,,,,,
321.0,0.49177881119322786,2024-04-26 04:22:58.547049,2024-04-26 04:22:59.079066,0 days 00:00:00.532017,0.7886803652325791,57.0,-74.0,497.0,0.46390756478768524,376.0,179.0,2.0,COMPLETE,,,,,,,,,,
322.0,2.6236923347806673,2024-04-26 04:22:59.080065,2024-04-26 04:22:59.929414,0 days 00:00:00.849349,0.7683617524357457,51.0,-167.0,479.0,0.4507664487380418,594.0,197.0,2.0,COMPLETE,,,,,,,,,,
323.0,0.0307352203728512,2024-04-26 04:22:59.930413,2024-04-26 04:23:00.748417,0 days 00:00:00.818004,0.8033619304875625,40.0,-121.0,519.0,0.4728729134828003,600.0,187.0,2.0,COMPLETE,,,,,,,,,,
324.0,0.09859880900060942,2024-04-26 04:23:00.749415,2024-04-26 04:23:01.502025,0 days 00:00:00.752610,0.8679477488602926,40.0,0.0,539.0,0.4549634362165685,588.0,175.0,2.0,COMPLETE,,,,,,,,,,
325.0,0.004974079894614802,2024-04-26 04:23:01.503026,2024-04-26 04:23:02.224229,0 days 00:00:00.721203,0.8800408394767837,9.0,-10.0,632.0,0.4836170036372222,593.0,163.0,2.0,COMPLETE,,,,,,,,,,
326.0,0.03707577502093989,2024-04-26 04:23:02.225230,2024-04-26 04:23:03.083231,0 days 00:00:00.858001,0.7002524173774856,31.0,-41.0,511.0,0.4712838054731452,582.0,203.0,2.0,COMPLETE,,,,,,,,,,
327.0,0.19513036417334306,2024-04-26 04:23:03.085229,2024-04-26 04:23:03.881342,0 days 00:00:00.796113,0.8164929834972527,363.0,-21.0,488.0,0.4428269685687455,587.0,187.0,2.0,COMPLETE,,,,,,,,,,
328.0,0.005352326340102495,2024-04-26 04:23:03.883070,2024-04-26 04:23:04.651675,0 days 00:00:00.768605,0.7934678512165683,292.0,-30.0,677.0,0.49427818525843265,574.0,180.0,2.0,COMPLETE,,,,,,,,,,
329.0,0.014126394683151782,2024-04-26 04:23:04.653653,2024-04-26 04:23:05.312675,0 days 00:00:00.659022,0.8784103050905787,45.0,-8.0,602.0,0.3705001725263555,580.0,154.0,2.0,COMPLETE,,,,,,,,,,
330.0,0.015267239536789212,2024-04-26 04:23:05.313654,2024-04-26 04:23:05.935027,0 days 00:00:00.621373,0.8996075667999348,9.0,-17.0,650.0,0.45949301764766903,593.0,137.0,2.0,COMPLETE,,,,,,,,,,
331.0,0.004845818114669278,2024-04-26 04:23:05.936006,2024-04-26 04:23:06.650399,0 days 00:00:00.714393,0.7372941812874909,64.0,0.0,508.0,0.40072423487372577,570.0,170.0,2.0,COMPLETE,,,,,,,,,,
332.0,0.0002163396749799219,2024-04-26 04:23:06.652375,2024-04-26 04:23:07.676876,0 days 00:00:01.024501,0.8473768745760195,22.0,-23.0,543.0,0.42509832341936116,585.0,249.0,2.0,COMPLETE,,,,,,,,,,
333.0,0.0020005798763068254,2024-04-26 04:23:07.678005,2024-04-26 04:23:08.740785,0 days 00:00:01.062780,0.844603041042352,20.0,-47.0,450.0,0.41726005230919544,593.0,251.0,2.0,COMPLETE,,,,,,,,,,
334.0,0.240303065455922,2024-04-26 04:23:08.742783,2024-04-26 04:23:09.583802,0 days 00:00:00.841019,0.8625429934914078,0.0,-33.0,525.0,0.47913427196512226,585.0,192.0,2.0,COMPLETE,,,,,,,,,,
335.0,0.024643160696839833,2024-04-26 04:23:09.584784,2024-04-26 04:23:10.654188,0 days 00:00:01.069404,0.8733774873763417,14.0,-25.0,551.0,0.5089096343616915,600.0,249.0,2.0,COMPLETE,,,,,,,,,,
336.0,0.0006871566755904976,2024-04-26 04:23:10.656186,2024-04-26 04:23:11.665186,0 days 00:00:01.009000,0.8230148381921318,27.0,-38.0,494.0,0.3911298835897052,586.0,244.0,2.0,COMPLETE,,,,,,,,,,
337.0,0.0004493631331635023,2024-04-26 04:23:11.666186,2024-04-26 04:23:12.556810,0 days 00:00:00.890624,0.777953679269078,7.0,-20.0,531.0,0.4630473036492884,579.0,212.0,2.0,COMPLETE,,,,,,,,,,
338.0,0.1347784748430428,2024-04-26 04:23:12.557812,2024-04-26 04:23:13.521809,0 days 00:00:00.963997,0.8992015197478733,33.0,-63.0,466.0,0.4293582941227673,594.0,229.0,2.0,COMPLETE,,,,,,,,,,
339.0,0.02381121367438899,2024-04-26 04:23:13.522810,2024-04-26 04:23:14.178280,0 days 00:00:00.655470,0.8483325025928601,19.0,-9.0,556.0,0.2988716426564508,451.0,200.0,2.0,COMPLETE,,,,,,,,,,
340.0,0.1758225078830902,2024-04-26 04:23:14.179280,2024-04-26 04:23:14.905382,0 days 00:00:00.726102,0.571113970724102,9.0,-181.0,613.0,0.1847528254014576,587.0,180.0,2.0,COMPLETE,,,,,,,,,,
341.0,0.06985104316808353,2024-04-26 04:23:14.906381,2024-04-26 04:23:15.943365,0 days 00:00:01.036984,0.6003282568982842,21.0,-28.0,645.0,0.44328929884441204,577.0,255.0,2.0,COMPLETE,,,,,,,,,,
342.0,0.2632211379930015,2024-04-26 04:23:15.944365,2024-04-26 04:23:16.274702,0 days 00:00:00.330337,0.8800296134194538,45.0,-16.0,699.0,0.489803697471928,219.0,142.0,2.0,COMPLETE,,,,,,,,,,
343.0,0.48390004474442244,2024-04-26 04:23:16.275700,2024-04-26 04:23:17.017427,0 days 00:00:00.741727,0.8639738461843997,0.0,-43.0,509.0,0.46665611798384726,600.0,167.0,2.0,COMPLETE,,,,,,,,,,
344.0,0.022115777810971994,2024-04-26 04:23:17.019429,2024-04-26 04:23:17.680432,0 days 00:00:00.661003,0.759389384217847,33.0,-8.0,673.0,0.41878748052939324,582.0,153.0,2.0,COMPLETE,,,,,,,,,,
345.0,0.08659706216581473,2024-04-26 04:23:17.681427,2024-04-26 04:23:18.640691,0 days 00:00:00.959264,0.8336018248818384,16.0,-100.0,590.0,0.32740430269972365,572.0,244.0,2.0,COMPLETE,,,,,,,,,,
346.0,0.00022930004492843382,2024-04-26 04:23:18.641689,2024-04-26 04:23:19.573371,0 days 00:00:00.931682,0.8048850110205601,8.0,-20.0,540.0,0.5027553900402064,589.0,219.0,2.0,COMPLETE,,,,,,,,,,
347.0,0.019108625166350635,2024-04-26 04:23:19.574373,2024-04-26 04:23:20.501607,0 days 00:00:00.927234,0.8168719002123371,9.0,-33.0,568.0,0.5097132036542945,579.0,221.0,2.0,COMPLETE,,,,,,,,,,
348.0,0.0005014535045611948,2024-04-26 04:23:20.503299,2024-04-26 04:23:21.405705,0 days 00:00:00.902406,0.8497227347627976,8.0,-23.0,539.0,0.5012881576883563,568.0,219.0,2.0,COMPLETE,,,,,,,,,,
349.0,1.7570884270962888,2024-04-26 04:23:21.406706,2024-04-26 04:23:22.327705,0 days 00:00:00.920999,0.8804569321582111,21.0,-312.0,776.0,0.5206238667874932,587.0,209.0,1.0,COMPLETE,,,,,,,,,,
350.0,0.10682383033618341,2024-04-26 04:23:22.328704,2024-04-26 04:23:23.272514,0 days 00:00:00.943810,0.8692081448457422,0.0,-19.0,633.0,0.4915437603167094,574.0,227.0,2.0,COMPLETE,,,,,,,,,,
351.0,0.053869981696264536,2024-04-26 04:23:23.273525,2024-04-26 04:23:24.266495,0 days 00:00:00.992970,0.809334822986487,15.0,-48.0,564.0,0.5330960584183256,586.0,235.0,2.0,COMPLETE,,,,,,,,,,
352.0,0.06871518649347827,2024-04-26 04:23:24.268496,2024-04-26 04:23:25.354784,0 days 00:00:01.086288,0.8998598104887116,0.0,-33.0,607.0,0.4836101365046375,594.0,256.0,2.0,COMPLETE,,,,,,,,,,
353.0,0.0002513270115318156,2024-04-26 04:23:25.361784,2024-04-26 04:23:26.287805,0 days 00:00:00.926021,0.8348709553687914,26.0,0.0,659.0,0.27109717133118716,565.0,241.0,2.0,COMPLETE,,,,,,,,,,
354.0,0.002266108815477272,2024-04-26 04:23:26.288805,2024-04-26 04:23:27.239702,0 days 00:00:00.950897,0.8363207825448529,27.0,-1.0,655.0,0.4079265934582152,559.0,241.0,2.0,COMPLETE,,,,,,,,,,
355.0,0.009504609399784564,2024-04-26 04:23:27.240703,2024-04-26 04:23:28.183575,0 days 00:00:00.942872,0.6480574155626776,10.0,-13.0,667.0,0.44917775367337603,566.0,233.0,2.0,COMPLETE,,,,,,,,,,
356.0,0.006285342312958969,2024-04-26 04:23:28.185577,2024-04-26 04:23:29.012131,0 days 00:00:00.826554,0.8527056977088291,17.0,-8.0,681.0,0.1588968261432207,565.0,218.0,2.0,COMPLETE,,,,,,,,,,
357.0,0.04651661848186023,2024-04-26 04:23:29.013131,2024-04-26 04:23:29.536021,0 days 00:00:00.522890,0.8646592572562373,27.0,0.0,548.0,0.5032234248067097,574.0,113.0,2.0,COMPLETE,,,,,,,,,,
358.0,0.015210309063526025,2024-04-26 04:23:29.538001,2024-04-26 04:23:30.528022,0 days 00:00:00.990021,0.8871137153997191,0.0,-19.0,528.0,0.475113636574212,541.0,254.0,2.0,COMPLETE,,,,,,,,,,
359.0,0.42548500353932106,2024-04-26 04:23:30.529022,2024-04-26 04:23:31.215296,0 days 00:00:00.686274,0.8420621110910999,204.0,-14.0,746.0,0.3851263388051116,581.0,161.0,2.0,COMPLETE,,,,,,,,,,
360.0,0.0006753281007376982,2024-04-26 04:23:31.216297,2024-04-26 04:23:31.633081,0 days 00:00:00.416784,0.47987952383664656,8.0,0.0,656.0,0.4517288028301935,236.0,204.0,2.0,COMPLETE,,,,,,,,,,
361.0,0.0007452758918169316,2024-04-26 04:23:31.635081,2024-04-26 04:23:32.625080,0 days 00:00:00.989999,0.8337036653218024,17.0,-137.0,704.0,0.4312841638779563,560.0,249.0,2.0,COMPLETE,,,,,,,,,,
362.0,0.29770805261965694,2024-04-26 04:23:32.626058,2024-04-26 04:23:33.331860,0 days 00:00:00.705802,0.8624148193349951,93.0,-25.0,421.0,0.27075300547749315,465.0,212.0,2.0,COMPLETE,,,,,,,,,,
363.0,4.867599041966721,2024-04-26 04:23:33.332863,2024-04-26 04:23:33.936325,0 days 00:00:00.603462,0.8830610929381189,30.0,-215.0,574.0,0.4934253533687847,518.0,148.0,2.0,COMPLETE,,,,,,,,,,
364.0,0.0042488125043014646,2024-04-26 04:23:33.937325,2024-04-26 04:23:34.884326,0 days 00:00:00.947001,0.6772099423628662,9.0,-17.0,546.0,0.476945502674355,571.0,231.0,2.0,COMPLETE,,,,,,,,,,
365.0,0.017977125013402463,2024-04-26 04:23:34.886300,2024-04-26 04:23:35.347302,0 days 00:00:00.461002,0.5338557527090275,21.0,-8.0,622.0,0.43786994541397506,422.0,132.0,2.0,COMPLETE,,,,,,,,,,
366.0,0.00874349991792117,2024-04-26 04:23:35.349299,2024-04-26 04:23:36.360273,0 days 00:00:01.010974,0.8508749032234945,34.0,-26.0,684.0,0.5191838503878504,579.0,241.0,2.0,COMPLETE,,,,,,,,,,
367.0,4.516149579895141e-05,2024-04-26 04:23:36.362273,2024-04-26 04:23:37.386294,0 days 00:00:01.024021,0.8711780324228039,0.0,0.0,523.0,0.4207141514686566,550.0,261.0,2.0,COMPLETE,,,,,,,,,,
368.0,0.009650423863658381,2024-04-26 04:23:37.387293,2024-04-26 04:23:38.408997,0 days 00:00:01.021704,0.8704602172951499,9.0,-17.0,524.0,0.4107588239560401,548.0,259.0,2.0,COMPLETE,,,,,,,,,,
369.0,0.04530022665432801,2024-04-26 04:23:38.409976,2024-04-26 04:23:39.203998,0 days 00:00:00.794022,0.8856354419095606,0.0,-35.0,473.0,0.3528183973041765,557.0,196.0,2.0,COMPLETE,,,,,,,,,,
370.0,0.004381345148028651,2024-04-26 04:23:39.205998,2024-04-26 04:23:39.897903,0 days 00:00:00.691905,0.2651593348468359,22.0,-9.0,544.0,0.3960830125289277,535.0,175.0,2.0,COMPLETE,,,,,,,,,,
371.0,0.0016080496432975809,2024-04-26 04:23:39.898903,2024-04-26 04:23:40.785247,0 days 00:00:00.886344,0.8268616913969741,15.0,0.0,491.0,0.4178925478200026,553.0,224.0,2.0,COMPLETE,,,,,,,,,,
372.0,0.00018069260429461647,2024-04-26 04:23:40.786247,2024-04-26 04:23:41.395245,0 days 00:00:00.608998,0.8553772349366544,52.0,-27.0,518.0,0.45828909470994134,570.0,139.0,2.0,COMPLETE,,,,,,,,,,
373.0,1.5175955481620025,2024-04-26 04:23:41.396246,2024-04-26 04:23:41.939990,0 days 00:00:00.543744,0.8559030718174707,76.0,-40.0,521.0,0.4615838740478739,566.0,120.0,2.0,COMPLETE,,,,,,,,,,
374.0,0.14124107428701108,2024-04-26 04:23:41.941006,2024-04-26 04:23:42.602788,0 days 00:00:00.661782,0.8861362101311631,60.0,-28.0,503.0,0.4809307672135474,574.0,151.0,2.0,COMPLETE,,,,,,,,,,
375.0,0.09916491651772046,2024-04-26 04:23:42.603791,2024-04-26 04:23:43.688790,0 days 00:00:01.084999,0.8419191248336978,68.0,-24.0,533.0,0.4545727479674267,589.0,261.0,2.0,COMPLETE,,,,,,,,,,
376.0,0.19315006647785676,2024-04-26 04:23:43.690791,2024-04-26 04:23:44.334000,0 days 00:00:00.643209,0.8740349361857925,54.0,-58.0,559.0,0.542675333233683,561.0,145.0,2.0,COMPLETE,,,,,,,,,,
377.0,0.03539111155890884,2024-04-26 04:23:44.334977,2024-04-26 04:23:44.918608,0 days 00:00:00.583631,0.8227447827509681,50.0,-37.0,513.0,0.37624943030039404,580.0,133.0,2.0,COMPLETE,,,,,,,,,,
378.0,0.02525015240588586,2024-04-26 04:23:44.920608,2024-04-26 04:23:45.487607,0 days 00:00:00.566999,0.8551716776155308,39.0,-18.0,585.0,0.4239510568951715,505.0,144.0,2.0,COMPLETE,,,,,,,,,,
379.0,0.24696771239114465,2024-04-26 04:23:45.488606,2024-04-26 04:23:46.107693,0 days 00:00:00.619087,0.8989362759076607,9.0,-29.0,488.0,0.5018895666240231,571.0,138.0,2.0,COMPLETE,,,,,,,,,,
380.0,26.73318932446155,2024-04-26 04:23:46.108693,2024-04-26 04:23:47.508790,0 days 00:00:01.400097,0.8685767205820902,428.0,-204.0,546.0,0.4681464759433915,547.0,361.0,2.0,COMPLETE,,,,,,,,,,
381.0,0.18055978575983636,2024-04-26 04:23:47.510791,2024-04-26 04:23:47.972790,0 days 00:00:00.461999,0.8352619023417938,33.0,-48.0,523.0,0.6135275543655577,204.0,249.0,2.0,COMPLETE,,,,,,,,,,
382.0,0.004077044051355807,2024-04-26 04:23:47.974791,2024-04-26 04:23:48.667959,0 days 00:00:00.693168,0.8828548032578578,10.0,-15.0,561.0,0.4411488622879579,594.0,155.0,2.0,COMPLETE,,,,,,,,,,
383.0,0.020891956813955656,2024-04-26 04:23:48.669936,2024-04-26 04:23:49.556959,0 days 00:00:00.887023,0.6174752572113071,0.0,-26.0,506.0,0.4945012138339421,584.0,208.0,2.0,COMPLETE,,,,,,,,,,
384.0,1.2253275985245966,2024-04-26 04:23:49.557935,2024-04-26 04:23:50.556788,0 days 00:00:00.998853,0.8492262114529957,48.0,-484.0,572.0,0.4051174402395525,600.0,237.0,2.0,COMPLETE,,,,,,,,,,
385.0,0.03813783580797607,2024-04-26 04:23:50.558786,2024-04-26 04:23:51.473713,0 days 00:00:00.914927,0.8076498850368949,17.0,-247.0,537.0,0.514059248955316,575.0,216.0,2.0,COMPLETE,,,,,,,,,,
386.0,0.03397049821744983,2024-04-26 04:23:51.474686,2024-04-26 04:23:52.103701,0 days 00:00:00.629015,0.8767376292897807,25.0,-12.0,445.0,0.477518143542534,587.0,139.0,2.0,COMPLETE,,,,,,,,,,
387.0,392.62652808689325,2024-04-26 04:23:52.104704,2024-04-26 04:23:52.665310,0 days 00:00:00.560606,0.8985106124203913,0.0,-355.0,478.0,0.4268641717975535,563.0,127.0,2.0,COMPLETE,,,,,,,,,,
388.0,0.01922546221515873,2024-04-26 04:23:52.667313,2024-04-26 04:23:53.740771,0 days 00:00:01.073458,0.8620534011680054,36.0,-34.0,590.0,0.458620404193643,583.0,258.0,2.0,COMPLETE,,,,,,,,,,
389.0,0.00010675944123832719,2024-04-26 04:23:53.741770,2024-04-26 04:23:54.873145,0 days 00:00:01.131375,0.8327225624649591,14.0,-18.0,554.0,0.48698536274410864,568.0,266.0,1.0,COMPLETE,,,,,,,,,,
390.0,0.002160108517538328,2024-04-26 04:23:54.874129,2024-04-26 04:23:56.001680,0 days 00:00:01.127551,0.8147014656837639,17.0,-11.0,586.0,0.5304850971259197,559.0,266.0,1.0,COMPLETE,,,,,,,,,,
391.0,0.0026127106294686294,2024-04-26 04:23:56.003680,2024-04-26 04:23:57.322884,0 days 00:00:01.319204,0.8299762508507718,26.0,-18.0,561.0,0.5051960740002492,553.0,323.0,1.0,COMPLETE,,,,,,,,,,
392.0,0.0008587846030326749,2024-04-26 04:23:57.324886,2024-04-26 04:23:58.460866,0 days 00:00:01.135980,0.8428247578423016,84.0,-8.0,603.0,0.48183567958060125,567.0,265.0,1.0,COMPLETE,,,,,,,,,,
393.0,0.07302068355523891,2024-04-26 04:23:58.461866,2024-04-26 04:23:59.508279,0 days 00:00:01.046413,0.8059348765199921,36.0,-22.0,575.0,0.4873631057504488,571.0,247.0,1.0,COMPLETE,,,,,,,,,,
394.0,0.00015892749298156681,2024-04-26 04:23:59.510282,2024-04-26 04:24:00.673283,0 days 00:00:01.163001,0.8300997592127928,45.0,0.0,544.0,0.5219303547293188,575.0,270.0,1.0,COMPLETE,,,,,,,,,,
395.0,0.05661270747450502,2024-04-26 04:24:00.674281,2024-04-26 04:24:01.871258,0 days 00:00:01.196977,0.8201335568205456,55.0,-24.0,548.0,0.5412717824303647,577.0,271.0,1.0,COMPLETE,,,,,,,,,,
396.0,1.882823120780663,2024-04-26 04:24:01.872257,2024-04-26 04:24:03.079884,0 days 00:00:01.207627,0.35786148124870293,70.0,-419.0,527.0,0.5289931158355787,578.0,277.0,1.0,COMPLETE,,,,,,,,,,
397.0,0.21990214927509977,2024-04-26 04:24:03.081012,2024-04-26 04:24:04.212726,0 days 00:00:01.131714,0.8495040327494306,62.0,-147.0,548.0,0.5047110456758579,573.0,263.0,1.0,COMPLETE,,,,,,,,,,
398.0,0.13160440966776274,2024-04-26 04:24:04.213725,2024-04-26 04:24:05.403896,0 days 00:00:01.190171,0.7984213932703825,44.0,-11.0,511.0,0.5173642773891021,585.0,272.0,1.0,COMPLETE,,,,,,,,,,
399.0,0.049985454955053,2024-04-26 04:24:05.405875,2024-04-26 04:24:06.673035,0 days 00:00:01.267160,0.513298889391546,166.0,-41.0,563.0,0.5498099096131619,580.0,288.0,1.0,COMPLETE,,,,,,,,,,
400.0,0.05151392889602692,2024-04-26 04:24:06.674054,2024-04-26 04:24:07.942509,0 days 00:00:01.268455,0.8260094057766302,46.0,-18.0,496.0,0.5712714379609072,591.0,283.0,1.0,COMPLETE,,,,,,,,,,
401.0,0.0027548145274709744,2024-04-26 04:24:07.943512,2024-04-26 04:24:09.019509,0 days 00:00:01.075997,0.8574922191489188,9.0,-9.0,578.0,0.4943637037593877,568.0,257.0,1.0,COMPLETE,,,,,,,,,,
402.0,0.010948457335696403,2024-04-26 04:24:09.020539,2024-04-26 04:24:10.134904,0 days 00:00:01.114365,0.8695408414665587,265.0,-26.0,527.0,0.5109105573121394,556.0,264.0,1.0,COMPLETE,,,,,,,,,,
403.0,0.0004094938900137829,2024-04-26 04:24:10.136901,2024-04-26 04:24:10.835922,0 days 00:00:00.699021,0.8325221098477369,17.0,-7.0,552.0,0.13911490917162522,359.0,271.0,1.0,COMPLETE,,,,,,,,,,
404.0,0.0018217687744261331,2024-04-26 04:24:10.837924,2024-04-26 04:24:11.910661,0 days 00:00:01.072737,0.8471789070505108,12.0,-31.0,594.0,0.47086673899205805,578.0,253.0,1.0,COMPLETE,,,,,,,,,,
405.0,6.0396682567580555e-06,2024-04-26 04:24:11.911679,2024-04-26 04:24:12.484236,0 days 00:00:00.572557,0.8714480019293261,0.0,-18.0,463.0,0.4452678009980496,588.0,119.0,1.0,COMPLETE,,,,,,,,,,
406.0,0.0007556067089872829,2024-04-26 04:24:12.485236,2024-04-26 04:24:12.963235,0 days 00:00:00.477999,0.8699071665738967,38.0,-41.0,462.0,0.44198239028846403,478.0,117.0,1.0,COMPLETE,,,,,,,,,,
407.0,0.01882196922096443,2024-04-26 04:24:12.964235,2024-04-26 04:24:13.419233,0 days 00:00:00.454998,0.8833005622616931,26.0,-22.0,422.0,0.422097317800676,493.0,106.0,1.0,COMPLETE,,,,,,,,,,
408.0,5.57232209377474,2024-04-26 04:24:13.420212,2024-04-26 04:24:14.005342,0 days 00:00:00.585130,0.8533032100724889,0.0,-33.0,488.0,0.4030506924258866,589.0,124.0,1.0,COMPLETE,,,,,,,,,,
409.0,0.13660824249180356,2024-04-26 04:24:14.007342,2024-04-26 04:24:14.572470,0 days 00:00:00.565128,0.8742050693265151,17.0,-53.0,443.0,0.4466363225038732,589.0,119.0,1.0,COMPLETE,,,,,,,,,,
410.0,0.007304156019504393,2024-04-26 04:24:14.574468,2024-04-26 04:24:15.833467,0 days 00:00:01.258999,0.8620754534110945,58.0,-17.0,467.0,0.38619890809595625,593.0,298.0,1.0,COMPLETE,,,,,,,,,,
411.0,2.6019891699494613,2024-04-26 04:24:15.834467,2024-04-26 04:24:16.470179,0 days 00:00:00.635712,0.8428365722476289,109.0,-25.0,483.0,0.43579903227982847,582.0,137.0,1.0,COMPLETE,,,,,,,,,,
412.0,0.006660788858863617,2024-04-26 04:24:16.472181,2024-04-26 04:24:17.190179,0 days 00:00:00.717998,0.8113500695220106,9.0,-16.0,511.0,0.45589468499764607,405.0,228.0,1.0,COMPLETE,,,,,,,,,,
413.0,0.017761074959765484,2024-04-26 04:24:17.191179,2024-04-26 04:24:18.073859,0 days 00:00:00.882680,0.8858446641574209,45.0,-231.0,537.0,0.42704484514906255,586.0,202.0,1.0,COMPLETE,,,,,,,,,,
414.0,0.13907316136000006,2024-04-26 04:24:18.075858,2024-04-26 04:24:18.675527,0 days 00:00:00.599669,0.8674344925931584,33.0,-41.0,559.0,0.3632125064437779,594.0,129.0,1.0,COMPLETE,,,,,,,,,,
415.0,0.029340326610296022,2024-04-26 04:24:18.676528,2024-04-26 04:24:19.847525,0 days 00:00:01.170997,0.8227655384159536,18.0,-31.0,503.0,0.6704636756784619,576.0,258.0,1.0,COMPLETE,,,,,,,,,,
416.0,0.00014196507353724547,2024-04-26 04:24:19.848525,2024-04-26 04:24:20.921095,0 days 00:00:01.072570,0.8388982657658273,8.0,-10.0,577.0,0.46881152131108195,528.0,280.0,2.0,COMPLETE,,,,,,,,,,
417.0,0.00026160705612188586,2024-04-26 04:24:20.924095,2024-04-26 04:24:22.004117,0 days 00:00:01.080022,0.84714750221401,26.0,0.0,600.0,0.4617429688538763,528.0,280.0,2.0,COMPLETE,,,,,,,,,,
418.0,0.001598488016422093,2024-04-26 04:24:22.005094,2024-04-26 04:24:23.146336,0 days 00:00:01.141242,0.8597723371824546,8.0,-11.0,592.0,0.4467751360290395,540.0,288.0,2.0,COMPLETE,,,,,,,,,,
419.0,0.007260004449176263,2024-04-26 04:24:23.148335,2024-04-26 04:24:24.153359,0 days 00:00:01.005024,0.8868864084109033,19.0,-10.0,577.0,0.41350786235560283,516.0,273.0,2.0,COMPLETE,,,,,,,,,,
420.0,0.13748664443424838,2024-04-26 04:24:24.155334,2024-04-26 04:24:24.645963,0 days 00:00:00.490629,0.8373416935108661,0.0,-18.0,615.0,0.47136521719041063,531.0,107.0,2.0,COMPLETE,,,,,,,,,,
421.0,0.03896607779619652,2024-04-26 04:24:24.646982,2024-04-26 04:24:25.799786,0 days 00:00:01.152804,0.8735031645293639,34.0,-8.0,577.0,0.43798007142410983,547.0,292.0,2.0,COMPLETE,,,,,,,,,,
422.0,0.023562964951559347,2024-04-26 04:24:25.800792,2024-04-26 04:24:26.838530,0 days 00:00:01.037738,0.8560659334157382,14.0,-27.0,559.0,0.4680897983036468,512.0,279.0,2.0,COMPLETE,,,,,,,,,,
423.0,2.7464389365737762,2024-04-26 04:24:26.839514,2024-04-26 04:24:27.831940,0 days 00:00:00.992426,0.8992807039709011,52.0,-385.0,469.0,0.20253314974299677,528.0,272.0,2.0,COMPLETE,,,,,,,,,,
424.0,0.005655907320592912,2024-04-26 04:24:27.833941,2024-04-26 04:24:28.866278,0 days 00:00:01.032337,0.8405439493550961,26.0,-17.0,612.0,0.39858152837416455,542.0,264.0,1.0,COMPLETE,,,,,,,,,,
425.0,0.001229068937601038,2024-04-26 04:24:28.868283,2024-04-26 04:24:30.021644,0 days 00:00:01.153361,0.8749214176748427,8.0,0.0,446.0,0.4522884879560136,562.0,281.0,2.0,COMPLETE,,,,,,,,,,
426.0,0.016885884432097795,2024-04-26 04:24:30.023644,2024-04-26 04:24:31.235430,0 days 00:00:01.211786,0.8581292854965282,41.0,-38.0,822.0,0.4265054650021417,555.0,308.0,2.0,COMPLETE,,,,,,,,,,
427.0,0.004734272521856589,2024-04-26 04:24:31.237198,2024-04-26 04:24:32.294992,0 days 00:00:01.057794,0.8865080087269293,223.0,-25.0,523.0,0.483669206006402,570.0,254.0,2.0,COMPLETE,,,,,,,,,,
428.0,0.1294347811201737,2024-04-26 04:24:32.295990,2024-04-26 04:24:33.518659,0 days 00:00:01.222669,0.8287436139204825,126.0,-10.0,574.0,0.45584128484306113,580.0,291.0,2.0,COMPLETE,,,,,,,,,,
429.0,0.016599374863727603,2024-04-26 04:24:33.520659,2024-04-26 04:24:34.594683,0 days 00:00:01.074024,0.8709015389436802,0.0,-30.0,543.0,0.47400394040478316,562.0,266.0,2.0,COMPLETE,,,,,,,,,,
430.0,0.009153400262821437,2024-04-26 04:24:34.595684,2024-04-26 04:24:35.618671,0 days 00:00:01.022987,0.8997169115665696,21.0,-16.0,911.0,0.4407704052867429,572.0,247.0,2.0,COMPLETE,,,,,,,,,,
431.0,0.015455546936644493,2024-04-26 04:24:35.620640,2024-04-26 04:24:36.682647,0 days 00:00:01.062007,0.847909385524542,15.0,-45.0,593.0,0.10247562873762117,582.0,276.0,2.0,COMPLETE,,,,,,,,,,
432.0,1.7819783663086686,2024-04-26 04:24:36.683645,2024-04-26 04:24:37.294677,0 days 00:00:00.611032,0.5538519066522133,29.0,-107.0,492.0,0.4160264548880897,576.0,132.0,2.0,COMPLETE,,,,,,,,,,
433.0,0.004680378188564271,2024-04-26 04:24:37.296674,2024-04-26 04:24:37.931075,0 days 00:00:00.634401,0.8599797397052199,10.0,0.0,561.0,0.4915364943665571,568.0,142.0,2.0,COMPLETE,,,,,,,,,,
434.0,0.004229167001735244,2024-04-26 04:24:37.933077,2024-04-26 04:24:39.374084,0 days 00:00:01.441007,0.8268144259953232,0.0,-9.0,517.0,0.8535920061213227,593.0,299.0,1.0,COMPLETE,,,,,,,,,,
435.0,0.004036799795292699,2024-04-26 04:24:39.375726,2024-04-26 04:24:39.879398,0 days 00:00:00.503672,0.8837053562583762,37.0,-23.0,625.0,0.4668053953276542,522.0,116.0,2.0,COMPLETE,,,,,,,,,,
436.0,0.03743901077536488,2024-04-26 04:24:39.880400,2024-04-26 04:24:40.945400,0 days 00:00:01.065000,0.8423287088217684,21.0,-34.0,601.0,0.4309683444592583,584.0,259.0,2.0,COMPLETE,,,,,,,,,,
437.0,0.005170110866025154,2024-04-26 04:24:40.947398,2024-04-26 04:24:42.061423,0 days 00:00:01.114025,0.869433700970141,48.0,-50.0,537.0,0.5244622303218103,556.0,269.0,2.0,COMPLETE,,,,,,,,,,
438.0,0.003669269651920079,2024-04-26 04:24:42.062400,2024-04-26 04:24:43.258398,0 days 00:00:01.195998,0.8865000067351686,9.0,-16.0,578.0,0.48214191925614724,576.0,283.0,2.0,COMPLETE,,,,,,,,,,
439.0,0.004189305531721548,2024-04-26 04:24:43.259400,2024-04-26 04:24:44.266296,0 days 00:00:01.006896,0.8566922382190457,64.0,-341.0,551.0,0.38167088900072144,566.0,252.0,2.0,COMPLETE,,,,,,,,,,
440.0,3.736484700549717,2024-04-26 04:24:44.267295,2024-04-26 04:24:45.221294,0 days 00:00:00.953999,0.8202677577811683,320.0,-8.0,479.0,0.453463665924311,544.0,243.0,2.0,COMPLETE,,,,,,,,,,
441.0,0.06070435337860589,2024-04-26 04:24:45.222294,2024-04-26 04:24:46.242799,0 days 00:00:01.020505,0.6404975280165937,29.0,-24.0,517.0,0.17255812797707035,586.0,262.0,2.0,COMPLETE,,,,,,,,,,
442.0,0.09350437001544101,2024-04-26 04:24:46.243798,2024-04-26 04:24:46.861799,0 days 00:00:00.618001,0.873750671719379,17.0,-64.0,564.0,0.4944249165295584,387.0,194.0,2.0,COMPLETE,,,,,,,,,,
443.0,0.00029625266751317114,2024-04-26 04:24:46.862800,2024-04-26 04:24:47.459781,0 days 00:00:00.596981,0.8384824014278056,0.0,0.0,601.0,0.4052727769973987,600.0,124.0,1.0,COMPLETE,,,,,,,,,,
444.0,0.012139921955308094,2024-04-26 04:24:47.461782,2024-04-26 04:24:48.565476,0 days 00:00:01.103694,0.857925061014661,11.0,-16.0,797.0,0.46195102546225725,551.0,276.0,2.0,COMPLETE,,,,,,,,,,
445.0,0.0188875415212824,2024-04-26 04:24:48.567472,2024-04-26 04:24:49.191496,0 days 00:00:00.624024,0.8828272005902112,26.0,-34.0,453.0,0.43655260866829193,535.0,148.0,2.0,COMPLETE,,,,,,,,,,
446.0,0.0026645985673205193,2024-04-26 04:24:49.193497,2024-04-26 04:24:50.169049,0 days 00:00:00.975552,0.791409001902117,36.0,-9.0,424.0,0.4770241294058368,578.0,233.0,2.0,COMPLETE,,,,,,,,,,
447.0,0.051330754260558775,2024-04-26 04:24:50.170055,2024-04-26 04:24:50.802196,0 days 00:00:00.632141,0.8446185415949194,18.0,-25.0,531.0,0.5094249970135978,592.0,135.0,2.0,COMPLETE,,,,,,,,,,
448.0,0.14098300909519174,2024-04-26 04:24:50.803197,2024-04-26 04:24:51.883177,0 days 00:00:01.079980,0.8991235404127332,8.0,-40.0,499.0,0.42481705982838147,562.0,268.0,2.0,COMPLETE,,,,,,,,,,
449.0,0.00021946430268239084,2024-04-26 04:24:51.885176,2024-04-26 04:24:52.720873,0 days 00:00:00.835697,0.867401505432436,55.0,-18.0,584.0,0.4471425114494373,435.0,250.0,1.0,COMPLETE,,,,,,,,,,
450.0,0.010042566761046296,2024-04-26 04:24:52.722869,2024-04-26 04:24:53.907866,0 days 00:00:01.184997,0.8162719963479467,42.0,-83.0,390.0,0.4922348908249186,585.0,283.0,2.0,COMPLETE,,,,,,,,,,
451.0,0.00035940561864851304,2024-04-26 04:24:53.909866,2024-04-26 04:24:55.102012,0 days 00:00:01.192146,0.8336840819259864,23.0,-8.0,630.0,0.39547165374879595,571.0,294.0,2.0,COMPLETE,,,,,,,,,,
452.0,0.008099381154039745,2024-04-26 04:24:55.103990,2024-04-26 04:24:55.798012,0 days 00:00:00.694022,0.877575195673411,9.0,-29.0,545.0,0.46593023100553577,580.0,155.0,2.0,COMPLETE,,,,,,,,,,
453.0,0.05597593660719561,2024-04-26 04:24:55.800011,2024-04-26 04:24:56.934920,0 days 00:00:01.134909,0.852719634980978,31.0,-17.0,614.0,0.5531827163459064,594.0,260.0,2.0,COMPLETE,,,,,,,,,,
454.0,0.017003097312415293,2024-04-26 04:24:56.935924,2024-04-26 04:24:57.956941,0 days 00:00:01.021017,0.8859908602820896,72.0,-8.0,567.0,0.5248548879207396,572.0,242.0,2.0,COMPLETE,,,,,,,,,,
455.0,0.006286722595105846,2024-04-26 04:24:57.957941,2024-04-26 04:24:58.849724,0 days 00:00:00.891783,0.8686317498516154,18.0,0.0,842.0,0.4147889356344221,587.0,206.0,2.0,COMPLETE,,,,,,,,,,
456.0,0.014950241126411154,2024-04-26 04:24:58.850724,2024-04-26 04:24:59.721702,0 days 00:00:00.870978,0.8456162044735673,0.0,-29.0,516.0,0.4530108986120229,600.0,193.0,1.0,COMPLETE,,,,,,,,,,
457.0,0.0024403773572883283,2024-04-26 04:24:59.722680,2024-04-26 04:25:00.963817,0 days 00:00:01.241137,0.827445921252111,9.0,-18.0,496.0,0.4819048794610512,565.0,302.0,2.0,COMPLETE,,,,,,,,,,
458.0,0.08359804152530947,2024-04-26 04:25:00.965797,2024-04-26 04:25:02.091590,0 days 00:00:01.125793,0.8045983875808592,44.0,-45.0,589.0,0.4318486363794237,580.0,271.0,2.0,COMPLETE,,,,,,,,,,
459.0,0.00577873127607846,2024-04-26 04:25:02.093589,2024-04-26 04:25:03.021513,0 days 00:00:00.927924,0.8625802353288194,30.0,-36.0,466.0,0.5017502706304808,487.0,256.0,2.0,COMPLETE,,,,,,,,,,
460.0,0.002532203796975824,2024-04-26 04:25:03.023516,2024-04-26 04:25:03.605525,0 days 00:00:00.582009,0.8997659757261992,18.0,-8.0,211.0,0.47319950515250436,575.0,126.0,2.0,COMPLETE,,,,,,,,,,
461.0,13.69988146408693,2024-04-26 04:25:03.607525,2024-04-26 04:25:04.606523,0 days 00:00:00.998998,0.8807130101494671,395.0,-53.0,534.0,0.44008673500347445,589.0,237.0,2.0,COMPLETE,,,,,,,,,,
462.0,0.11379985800455775,2024-04-26 04:25:04.607523,2024-04-26 04:25:05.216818,0 days 00:00:00.609295,0.8562455760044709,7.0,-23.0,635.0,0.343862134717549,553.0,142.0,2.0,COMPLETE,,,,,,,,,,
463.0,0.08743458437087338,2024-04-26 04:25:05.218801,2024-04-26 04:25:06.354584,0 days 00:00:01.135783,0.5862100271003029,26.0,-269.0,560.0,0.4555054421077783,563.0,279.0,2.0,COMPLETE,,,,,,,,,,
464.0,0.04014102480389373,2024-04-26 04:25:06.356585,2024-04-26 04:25:06.885607,0 days 00:00:00.529022,0.8364189105892652,17.0,-127.0,613.0,0.37182106200118514,586.0,111.0,1.0,COMPLETE,,,,,,,,,,
465.0,0.0182779119942985,2024-04-26 04:25:06.887607,2024-04-26 04:25:07.931973,0 days 00:00:01.044366,0.8729680027954465,55.0,-12.0,763.0,0.41345026685479713,502.0,288.0,2.0,COMPLETE,,,,,,,,,,
466.0,13.64017251472832,2024-04-26 04:25:07.933975,2024-04-26 04:25:08.564956,0 days 00:00:00.630981,0.8488959103420661,0.0,-366.0,549.0,0.5134412388479963,285.0,266.0,2.0,COMPLETE,,,,,,,,,,
467.0,0.1035620253310024,2024-04-26 04:25:08.565952,2024-04-26 04:25:09.522783,0 days 00:00:00.956831,0.6894941419031334,35.0,-187.0,579.0,0.4887765003224177,576.0,227.0,2.0,COMPLETE,,,,,,,,,,
468.0,0.004725139306091968,2024-04-26 04:25:09.523764,2024-04-26 04:25:10.670569,0 days 00:00:01.146805,0.6597993204417583,10.0,0.0,509.0,0.7476860068887787,594.0,250.0,2.0,COMPLETE,,,,,,,,,,
469.0,0.002612508663393813,2024-04-26 04:25:10.672591,2024-04-26 04:25:11.579556,0 days 00:00:00.906965,0.8163924112211007,22.0,-24.0,533.0,0.46652611346883505,567.0,213.0,2.0,COMPLETE,,,,,,,,,,
470.0,0.0039130548447453275,2024-04-26 04:25:11.580558,2024-04-26 04:25:12.405902,0 days 00:00:00.825344,0.8856119795548212,44.0,-445.0,475.0,0.4451656108603287,581.0,190.0,2.0,COMPLETE,,,,,,,,,,
471.0,0.019506532328137358,2024-04-26 04:25:12.407907,2024-04-26 04:25:13.278900,0 days 00:00:00.870993,0.8661734050823464,0.0,-33.0,600.0,0.4962928117990503,573.0,199.0,1.0,COMPLETE,,,,,,,,,,
472.0,0.004887278530504114,2024-04-26 04:25:13.279900,2024-04-26 04:25:14.403013,0 days 00:00:01.123113,0.8313768661973945,13.0,-16.0,564.0,0.5304462826092179,587.0,261.0,2.0,COMPLETE,,,,,,,,,,
473.0,0.003306141157696455,2024-04-26 04:25:14.405013,2024-04-26 04:25:15.030034,0 days 00:00:00.625021,0.297969894449566,33.0,-10.0,523.0,0.4255004607853266,510.0,157.0,2.0,COMPLETE,,,,,,,,,,
474.0,0.11775210949928934,2024-04-26 04:25:15.032013,2024-04-26 04:25:15.491012,0 days 00:00:00.458999,0.8885320978138553,23.0,-24.0,435.0,0.4746798589205197,523.0,100.0,2.0,COMPLETE,,,,,,,,,,
475.0,0.07812821550742625,2024-04-26 04:25:15.492009,2024-04-26 04:25:16.135618,0 days 00:00:00.643609,0.8550835472632701,9.0,-39.0,583.0,0.3988242878941347,558.0,149.0,2.0,COMPLETE,,,,,,,,,,
476.0,0.012820737254198992,2024-04-26 04:25:16.137625,2024-04-26 04:25:16.766616,0 days 00:00:00.628991,0.8995492797803983,17.0,-8.0,550.0,0.45636781521950354,594.0,134.0,2.0,COMPLETE,,,,,,,,,,
477.0,0.003107537698569187,2024-04-26 04:25:16.767616,2024-04-26 04:25:18.094602,0 days 00:00:01.326986,0.8715186273644078,0.0,-19.0,494.0,0.5120489358776894,583.0,312.0,2.0,COMPLETE,,,,,,,,,,
478.0,0.018766474265480833,2024-04-26 04:25:18.096211,2024-04-26 04:25:19.116696,0 days 00:00:01.020485,0.7858743297919644,38.0,0.0,630.0,0.482432680976746,571.0,245.0,2.0,COMPLETE,,,,,,,,,,
479.0,0.05406928836177674,2024-04-26 04:25:19.118680,2024-04-26 04:25:20.331519,0 days 00:00:01.212839,0.8443654957206984,51.0,-31.0,610.0,0.429975656855,600.0,276.0,1.0,COMPLETE,,,,,,,,,,
480.0,0.005809239584377104,2024-04-26 04:25:20.333497,2024-04-26 04:25:21.241522,0 days 00:00:00.908025,0.8204835447166505,26.0,-16.0,531.0,0.21988228266109616,546.0,236.0,2.0,COMPLETE,,,,,,,,,,
481.0,0.029248242741443893,2024-04-26 04:25:21.242522,2024-04-26 04:25:21.856518,0 days 00:00:00.613996,0.8620391647306124,9.0,-155.0,567.0,0.44400631303476235,265.0,286.0,2.0,COMPLETE,,,,,,,,,,
482.0,0.0013314699400890947,2024-04-26 04:25:21.857522,2024-04-26 04:25:22.840538,0 days 00:00:00.983016,0.8001679991139778,14.0,-9.0,508.0,0.15265467412859174,580.0,254.0,2.0,COMPLETE,,,,,,,,,,
483.0,1.7519793101073409,2024-04-26 04:25:22.841537,2024-04-26 04:25:23.874539,0 days 00:00:01.033002,0.8823615437061281,63.0,-72.0,592.0,0.12223050876619623,590.0,268.0,2.0,COMPLETE,,,,,,,,,,
484.0,0.5002643166536618,2024-04-26 04:25:23.875538,2024-04-26 04:25:24.815968,0 days 00:00:00.940430,0.8403822952032567,30.0,-46.0,484.0,0.5407555901695016,568.0,219.0,2.0,COMPLETE,,,,,,,,,,
485.0,0.006993250471148839,2024-04-26 04:25:24.816952,2024-04-26 04:25:25.687969,0 days 00:00:00.871017,0.8689953122991916,19.0,-26.0,638.0,0.18926734322620845,559.0,229.0,2.0,COMPLETE,,,,,,,,,,
486.0,0.0021899978209592033,2024-04-26 04:25:25.689947,2024-04-26 04:25:26.942850,0 days 00:00:01.252903,0.8523781308036371,8.0,-17.0,541.0,0.46685104442554587,576.0,294.0,1.0,COMPLETE,,,,,,,,,,
487.0,0.0011920192131806523,2024-04-26 04:25:26.944859,2024-04-26 04:25:27.584851,0 days 00:00:00.639992,0.8278779788766985,41.0,0.0,553.0,0.414958860353019,585.0,140.0,2.0,COMPLETE,,,,,,,,,,
488.0,0.10569586538639923,2024-04-26 04:25:27.585851,2024-04-26 04:25:28.673031,0 days 00:00:01.087180,0.8804742698531547,24.0,-36.0,127.0,0.3875244363556391,591.0,260.0,2.0,COMPLETE,,,,,,,,,,
489.0,0.02646953465250438,2024-04-26 04:25:28.676031,2024-04-26 04:25:29.840769,0 days 00:00:01.164738,0.81359535595771,0.0,-26.0,457.0,0.4916002513555307,579.0,274.0,2.0,COMPLETE,,,,,,,,,,
490.0,0.004353468689491243,2024-04-26 04:25:29.842769,2024-04-26 04:25:30.512381,0 days 00:00:00.669612,0.8568973380198504,14.0,-9.0,521.0,0.44806983240842224,444.0,187.0,2.0,COMPLETE,,,,,,,,,,
491.0,0.03641997734802768,2024-04-26 04:25:30.514380,2024-04-26 04:25:31.065073,0 days 00:00:00.550693,0.8867436959187636,0.0,-54.0,581.0,0.47281717384148514,320.0,204.0,2.0,COMPLETE,,,,,,,,,,
492.0,0.05980140582817316,2024-04-26 04:25:31.066092,2024-04-26 04:25:32.084076,0 days 00:00:01.017984,0.8376731372879029,32.0,-19.0,618.0,0.5057438129193487,567.0,244.0,2.0,COMPLETE,,,,,,,,,,
493.0,0.20932588550660697,2024-04-26 04:25:32.085077,2024-04-26 04:25:33.174870,0 days 00:00:01.089793,0.8784341074554715,48.0,0.0,570.0,0.4627305363387254,595.0,251.0,2.0,COMPLETE,,,,,,,,,,
494.0,6.9354434144721555,2024-04-26 04:25:33.176875,2024-04-26 04:25:33.749871,0 days 00:00:00.572996,0.8649523502890419,147.0,-32.0,598.0,0.43372412645421804,573.0,116.0,1.0,COMPLETE,,,,,,,,,,
495.0,9.98298751219804,2024-04-26 04:25:33.750852,2024-04-26 04:25:34.297870,0 days 00:00:00.547018,0.899970361713283,237.0,-14.0,549.0,0.4041852438138627,536.0,127.0,2.0,COMPLETE,,,,,,,,,,
496.0,0.01065279620341966,2024-04-26 04:25:34.298871,2024-04-26 04:25:35.001512,0 days 00:00:00.702641,0.8493857218039238,15.0,-43.0,736.0,0.5617047263980253,553.0,161.0,2.0,COMPLETE,,,,,,,,,,
497.0,0.05882591460633524,2024-04-26 04:25:35.003514,2024-04-26 04:25:36.205626,0 days 00:00:01.202112,0.872905322500174,24.0,-23.0,497.0,0.4850075592631753,584.0,281.0,2.0,COMPLETE,,,,,,,,,,
498.0,1.3065703558096495,2024-04-26 04:25:36.206626,2024-04-26 04:25:37.302538,0 days 00:00:01.095912,0.8284795635771115,485.0,-9.0,523.0,0.5201623161422961,561.0,267.0,2.0,COMPLETE,,,,,,,,,,
499.0,0.23414792182984218,2024-04-26 04:25:37.304536,2024-04-26 04:25:37.979282,0 days 00:00:00.674746,0.8543243873110479,85.0,-31.0,570.0,0.45732705734282525,248.0,332.0,2.0,COMPLETE,,,,,,,,,,
,,,,,,,,,,,,,,470.0,-18.0,10.0,480.0,0.4452678009980496,1.0,463.0,0.7714480019293261,6.0396682567580555e-06,best_result
