number,value,datetime_start,datetime_complete,duration,params_gene_max,params_gene_min,params_mutation_ratio,params_no_generations,params_population_size,params_var,state,population_size,mutation_ratio,no_generations,gene_min,gene_max,var,best_value,record_type
0.0,0.007847068398870295,2024-04-26 00:43:33.863891,2024-04-26 00:43:34.325894,0 days 00:00:00.462003,380.0,-60.0,0.8,220.0,290.0,2.0,COMPLETE,,,,,,,,
1.0,0.0002010327606755339,2024-04-26 00:43:34.327895,2024-04-26 00:43:34.950807,0 days 00:00:00.622912,0.0,-40.0,0.1,340.0,310.0,2.0,COMPLETE,,,,,,,,
2.0,0.001335680615187862,2024-04-26 00:43:34.951793,2024-04-26 00:43:35.603772,0 days 00:00:00.651979,480.0,-120.0,0.7000000000000001,740.0,130.0,2.0,COMPLETE,,,,,,,,
3.0,0.017187132709262844,2024-04-26 00:43:35.605792,2024-04-26 00:43:35.711792,0 days 00:00:00.106000,320.0,-140.0,0.1,60.0,290.0,2.0,COMPLETE,,,,,,,,
4.0,0.0037957004981383894,2024-04-26 00:43:35.712791,2024-04-26 00:43:37.720733,0 days 00:00:02.007942,160.0,-460.0,0.8,700.0,390.0,2.0,COMPLETE,,,,,,,,
5.0,0.0035008825514228725,2024-04-26 00:43:37.721734,2024-04-26 00:43:37.924710,0 days 00:00:00.202976,0.0,0.0,0.7000000000000001,60.0,450.0,1.0,COMPLETE,,,,,,,,
6.0,0.01262498115390713,2024-04-26 00:43:37.926737,2024-04-26 00:43:38.333711,0 days 00:00:00.406974,80.0,-300.0,0.7000000000000001,660.0,90.0,2.0,COMPLETE,,,,,,,,
7.0,0.004890152199737666,2024-04-26 00:43:38.334738,2024-04-26 00:43:39.487230,0 days 00:00:01.152492,60.0,-160.0,0.9,300.0,490.0,1.0,COMPLETE,,,,,,,,
8.0,0.010573654231781764,2024-04-26 00:43:39.488238,2024-04-26 00:43:40.264232,0 days 00:00:00.775994,220.0,-60.0,0.9,420.0,230.0,1.0,COMPLETE,,,,,,,,
9.0,0.001288458346769518,2024-04-26 00:43:40.266231,2024-04-26 00:43:42.194243,0 days 00:00:01.928012,460.0,-40.0,1.0,940.0,270.0,2.0,COMPLETE,,,,,,,,
10.0,0.5313059580586804,2024-04-26 00:43:42.195242,2024-04-26 00:43:42.271241,0 days 00:00:00.075999,160.0,-280.0,0.1,500.0,10.0,1.0,COMPLETE,,,,,,,,
11.0,0.0010821975402789553,2024-04-26 00:43:42.272242,2024-04-26 00:43:43.591498,0 days 00:00:01.319256,460.0,-200.0,0.4,980.0,210.0,2.0,COMPLETE,,,,,,,,
12.0,0.0033096263061261526,2024-04-26 00:43:43.593476,2024-04-26 00:43:44.749499,0 days 00:00:01.156023,320.0,-380.0,0.30000000000000004,980.0,190.0,2.0,COMPLETE,,,,,,,,
13.0,0.000789874687934221,2024-04-26 00:43:44.750499,2024-04-26 00:43:45.505679,0 days 00:00:00.755180,380.0,-220.0,0.4,300.0,370.0,2.0,COMPLETE,,,,,,,,
14.0,0.00012975117509948954,2024-04-26 00:43:45.507683,2024-04-26 00:43:46.145681,0 days 00:00:00.637998,380.0,-220.0,0.30000000000000004,260.0,370.0,2.0,COMPLETE,,,,,,,,
15.0,0.0011917807378355409,2024-04-26 00:43:46.146683,2024-04-26 00:43:46.588680,0 days 00:00:00.441997,280.0,-360.0,0.2,180.0,370.0,2.0,COMPLETE,,,,,,,,
16.0,0.0024361223124211356,2024-04-26 00:43:46.589688,2024-04-26 00:43:47.538840,0 days 00:00:00.949152,400.0,-100.0,0.5,420.0,330.0,2.0,COMPLETE,,,,,,,,
17.0,0.0018261952369276187,2024-04-26 00:43:47.539815,2024-04-26 00:43:48.868817,0 days 00:00:01.329002,200.0,-460.0,0.2,540.0,390.0,1.0,COMPLETE,,,,,,,,
18.0,0.005244736255365018,2024-04-26 00:43:48.869817,2024-04-26 00:43:49.406260,0 days 00:00:00.536443,100.0,-320.0,0.30000000000000004,180.0,430.0,2.0,COMPLETE,,,,,,,,
19.0,0.001741973619584834,2024-04-26 00:43:49.407261,2024-04-26 00:43:50.194780,0 days 00:00:00.787519,300.0,-200.0,0.2,380.0,330.0,2.0,COMPLETE,,,,,,,,
20.0,0.004015449047577692,2024-04-26 00:43:50.196783,2024-04-26 00:43:50.767783,0 days 00:00:00.571000,420.0,0.0,0.5,540.0,150.0,1.0,COMPLETE,,,,,,,,
21.0,0.00905241194055549,2024-04-26 00:43:50.768782,2024-04-26 00:43:51.534603,0 days 00:00:00.765821,360.0,-240.0,0.4,340.0,330.0,2.0,COMPLETE,,,,,,,,
22.0,0.0012312844706098263,2024-04-26 00:43:51.536647,2024-04-26 00:43:52.329624,0 days 00:00:00.792977,360.0,-220.0,0.30000000000000004,260.0,430.0,2.0,COMPLETE,,,,,,,,
23.0,0.020995406360224515,2024-04-26 00:43:52.330626,2024-04-26 00:43:52.595627,0 days 00:00:00.265001,260.0,-180.0,0.4,100.0,350.0,2.0,COMPLETE,,,,,,,,
24.0,0.001597459749482001,2024-04-26 00:43:52.596624,2024-04-26 00:43:53.049625,0 days 00:00:00.453001,420.0,-260.0,0.1,140.0,490.0,2.0,COMPLETE,,,,,,,,
25.0,0.00664440238069545,2024-04-26 00:43:53.050624,2024-04-26 00:43:53.631662,0 days 00:00:00.581038,20.0,-400.0,0.6,300.0,270.0,2.0,COMPLETE,,,,,,,,
26.0,0.0012001000754460964,2024-04-26 00:43:53.632662,2024-04-26 00:43:54.732282,0 days 00:00:01.099620,240.0,-100.0,0.2,420.0,410.0,2.0,COMPLETE,,,,,,,,
27.0,0.0024230444149251316,2024-04-26 00:43:54.733297,2024-04-26 00:43:54.818295,0 days 00:00:00.084998,340.0,-340.0,0.30000000000000004,20.0,350.0,2.0,COMPLETE,,,,,,,,
28.0,0.002188395040184119,2024-04-26 00:43:54.820297,2024-04-26 00:43:55.349296,0 days 00:00:00.528999,120.0,-500.0,0.5,260.0,290.0,2.0,COMPLETE,,,,,,,,
29.0,0.0009729018852039041,2024-04-26 00:43:55.351296,2024-04-26 00:43:55.829149,0 days 00:00:00.477853,380.0,-60.0,0.4,220.0,310.0,2.0,COMPLETE,,,,,,,,
30.0,0.0007854134248522939,2024-04-26 00:43:55.830150,2024-04-26 00:43:57.577063,0 days 00:00:01.746913,500.0,-240.0,0.1,620.0,450.0,2.0,COMPLETE,,,,,,,,
31.0,0.00018887642328252523,2024-04-26 00:43:57.578064,2024-04-26 00:43:59.279137,0 days 00:00:01.701073,500.0,-240.0,0.1,620.0,450.0,2.0,COMPLETE,,,,,,,,
32.0,0.0009266728051776648,2024-04-26 00:43:59.280137,2024-04-26 00:44:01.035089,0 days 00:00:01.754952,500.0,-260.0,0.1,620.0,450.0,2.0,COMPLETE,,,,,,,,
33.0,2.593345005390344e-05,2024-04-26 00:44:01.037092,2024-04-26 00:44:03.398236,0 days 00:00:02.361144,500.0,-140.0,0.1,820.0,470.0,2.0,COMPLETE,,,,,,,,
34.0,0.000248437043822785,2024-04-26 00:44:03.400238,2024-04-26 00:44:05.964683,0 days 00:00:02.564445,460.0,-140.0,0.2,820.0,490.0,2.0,COMPLETE,,,,,,,,
35.0,0.00012713668864092512,2024-04-26 00:44:05.966688,2024-04-26 00:44:07.986137,0 days 00:00:02.019449,440.0,-120.0,0.1,820.0,410.0,2.0,COMPLETE,,,,,,,,
36.0,0.002332302698256459,2024-04-26 00:44:07.987140,2024-04-26 00:44:10.151855,0 days 00:00:02.164715,440.0,-100.0,0.1,860.0,410.0,2.0,COMPLETE,,,,,,,,
37.0,0.000208499973884327,2024-04-26 00:44:10.152863,2024-04-26 00:44:12.456952,0 days 00:00:02.304089,500.0,-180.0,0.2,780.0,470.0,2.0,COMPLETE,,,,,,,,
38.0,0.0005698842366124134,2024-04-26 00:44:12.458950,2024-04-26 00:44:14.424275,0 days 00:00:01.965325,420.0,-140.0,0.1,740.0,430.0,2.0,COMPLETE,,,,,,,,
39.0,0.0001406125629019872,2024-04-26 00:44:14.425254,2024-04-26 00:44:16.564117,0 days 00:00:02.138863,480.0,-160.0,0.30000000000000004,860.0,390.0,2.0,COMPLETE,,,,,,,,
40.0,0.0006586897945884325,2024-04-26 00:44:16.565116,2024-04-26 00:44:19.068429,0 days 00:00:02.503313,460.0,-120.0,0.6,900.0,390.0,1.0,COMPLETE,,,,,,,,
41.0,4.799485939023735e-06,2024-04-26 00:44:19.069428,2024-04-26 00:44:21.570403,0 days 00:00:02.500975,480.0,-160.0,0.30000000000000004,820.0,470.0,2.0,COMPLETE,,,,,,,,
42.0,0.0005235990478574042,2024-04-26 00:44:21.571403,2024-04-26 00:44:24.218094,0 days 00:00:02.646691,480.0,-160.0,0.30000000000000004,860.0,470.0,2.0,COMPLETE,,,,,,,,
43.0,0.003591911496158108,2024-04-26 00:44:24.219096,2024-04-26 00:44:26.274397,0 days 00:00:02.055301,440.0,-80.0,0.30000000000000004,780.0,410.0,2.0,COMPLETE,,,,,,,,
44.0,0.0006089821576087197,2024-04-26 00:44:26.276374,2024-04-26 00:44:28.418302,0 days 00:00:02.141928,480.0,-160.0,0.2,700.0,470.0,2.0,COMPLETE,,,,,,,,
45.0,0.0001575332357591475,2024-04-26 00:44:28.419303,2024-04-26 00:44:30.610416,0 days 00:00:02.191113,440.0,-120.0,0.30000000000000004,900.0,370.0,2.0,COMPLETE,,,,,,,,
46.0,0.0027448877505471805,2024-04-26 00:44:30.612422,2024-04-26 00:44:32.720214,0 days 00:00:02.107792,400.0,-180.0,0.2,820.0,410.0,2.0,COMPLETE,,,,,,,,
47.0,0.44968637110449805,2024-04-26 00:44:32.722191,2024-04-26 00:44:32.846281,0 days 00:00:00.124090,480.0,-20.0,0.8,940.0,10.0,2.0,COMPLETE,,,,,,,,
48.0,0.04242846055852805,2024-04-26 00:44:32.848280,2024-04-26 00:44:33.110380,0 days 00:00:00.262100,400.0,-200.0,0.4,700.0,50.0,2.0,COMPLETE,,,,,,,,
49.0,0.00037096014307118623,2024-04-26 00:44:33.111389,2024-04-26 00:44:35.341603,0 days 00:00:02.230214,460.0,-140.0,0.2,740.0,470.0,2.0,COMPLETE,,,,,,,,
50.0,0.00022628664302222598,2024-04-26 00:44:35.342599,2024-04-26 00:44:37.723174,0 days 00:00:02.380575,440.0,-280.0,0.5,940.0,370.0,1.0,COMPLETE,,,,,,,,
51.0,0.00020334800160038313,2024-04-26 00:44:37.724191,2024-04-26 00:44:39.917460,0 days 00:00:02.193269,440.0,-120.0,0.30000000000000004,900.0,370.0,2.0,COMPLETE,,,,,,,,
52.0,0.0001699664011585207,2024-04-26 00:44:39.918484,2024-04-26 00:44:42.067192,0 days 00:00:02.148708,480.0,-80.0,0.30000000000000004,860.0,390.0,2.0,COMPLETE,,,,,,,,
53.0,9.854294316745926e-05,2024-04-26 00:44:42.068192,2024-04-26 00:44:44.447496,0 days 00:00:02.379304,380.0,-160.0,0.4,820.0,430.0,2.0,COMPLETE,,,,,,,,
54.0,0.0002325403775961851,2024-04-26 00:44:44.448497,2024-04-26 00:44:46.672670,0 days 00:00:02.224173,340.0,-220.0,0.4,780.0,430.0,2.0,COMPLETE,,,,,,,,
55.0,0.0002876598166472111,2024-04-26 00:44:46.673647,2024-04-26 00:44:49.457556,0 days 00:00:02.783909,400.0,-160.0,0.4,820.0,490.0,2.0,COMPLETE,,,,,,,,
56.0,0.0011192947674613927,2024-04-26 00:44:49.458578,2024-04-26 00:44:51.489648,0 days 00:00:02.031070,360.0,-180.0,0.6,660.0,430.0,2.0,COMPLETE,,,,,,,,
57.0,0.0005309982076081994,2024-04-26 00:44:51.491647,2024-04-26 00:44:54.542301,0 days 00:00:03.050654,420.0,-200.0,0.5,980.0,450.0,2.0,COMPLETE,,,,,,,,
58.0,0.005544880670967225,2024-04-26 00:44:54.543322,2024-04-26 00:44:56.159059,0 days 00:00:01.615737,300.0,-80.0,0.30000000000000004,700.0,350.0,2.0,COMPLETE,,,,,,,,
59.0,0.00015484694695456808,2024-04-26 00:44:56.160062,2024-04-26 00:44:57.483062,0 days 00:00:01.323000,380.0,-40.0,0.2,540.0,390.0,2.0,COMPLETE,,,,,,,,
60.0,0.005740207906227992,2024-04-26 00:44:57.484066,2024-04-26 00:44:58.519201,0 days 00:00:01.035135,180.0,-140.0,0.9,820.0,170.0,2.0,COMPLETE,,,,,,,,
61.0,0.0007687953433454449,2024-04-26 00:44:58.520202,2024-04-26 00:44:59.770524,0 days 00:00:01.250322,380.0,-20.0,0.2,460.0,410.0,2.0,COMPLETE,,,,,,,,
62.0,0.0008086029372803802,2024-04-26 00:44:59.772525,2024-04-26 00:45:01.102525,0 days 00:00:01.330000,340.0,-60.0,0.1,540.0,390.0,2.0,COMPLETE,,,,,,,,
63.0,0.00020814227793736334,2024-04-26 00:45:01.104526,2024-04-26 00:45:03.309895,0 days 00:00:02.205369,460.0,-100.0,0.2,780.0,450.0,2.0,COMPLETE,,,,,,,,
64.0,0.0023005700441924245,2024-04-26 00:45:03.311896,2024-04-26 00:45:04.215191,0 days 00:00:00.903295,380.0,-220.0,0.2,580.0,250.0,2.0,COMPLETE,,,,,,,,
65.0,0.0010571913166190008,2024-04-26 00:45:04.216210,2024-04-26 00:45:06.342190,0 days 00:00:02.125980,420.0,-120.0,0.30000000000000004,940.0,350.0,2.0,COMPLETE,,,,,,,,
66.0,0.0003270933341685084,2024-04-26 00:45:06.344192,2024-04-26 00:45:08.921428,0 days 00:00:02.577236,480.0,-40.0,0.1,860.0,490.0,2.0,COMPLETE,,,,,,,,
67.0,0.0016678666713513734,2024-04-26 00:45:08.923427,2024-04-26 00:45:09.977406,0 days 00:00:01.053979,400.0,-160.0,0.2,380.0,430.0,2.0,COMPLETE,,,,,,,,
68.0,0.0021245017122755896,2024-04-26 00:45:09.980406,2024-04-26 00:45:11.516245,0 days 00:00:01.535839,320.0,-200.0,0.4,740.0,310.0,2.0,COMPLETE,,,,,,,,
69.0,0.0019826460713664707,2024-04-26 00:45:11.517247,2024-04-26 00:45:13.111089,0 days 00:00:01.593842,500.0,-180.0,0.1,660.0,390.0,2.0,COMPLETE,,,,,,,,
70.0,0.00471220395071734,2024-04-26 00:45:13.112089,2024-04-26 00:45:13.461376,0 days 00:00:00.349287,260.0,-140.0,0.30000000000000004,460.0,110.0,2.0,COMPLETE,,,,,,,,
71.0,0.00014438109298841,2024-04-26 00:45:13.462380,2024-04-26 00:45:15.466662,0 days 00:00:02.004282,440.0,-120.0,0.30000000000000004,900.0,350.0,2.0,COMPLETE,,,,,,,,
72.0,0.0004504351507795322,2024-04-26 00:45:15.467665,2024-04-26 00:45:17.390632,0 days 00:00:01.922967,440.0,-100.0,0.30000000000000004,900.0,330.0,2.0,COMPLETE,,,,,,,,
73.0,0.0010696421305791078,2024-04-26 00:45:17.392638,2024-04-26 00:45:20.087541,0 days 00:00:02.694903,360.0,-160.0,0.4,980.0,410.0,2.0,COMPLETE,,,,,,,,
74.0,0.0008132068040445,2024-04-26 00:45:20.088543,2024-04-26 00:45:22.519685,0 days 00:00:02.431142,460.0,-140.0,0.2,820.0,470.0,2.0,COMPLETE,,,,,,,,
75.0,0.0005201356816271325,2024-04-26 00:45:22.520684,2024-04-26 00:45:24.585442,0 days 00:00:02.064758,500.0,-80.0,0.30000000000000004,860.0,370.0,2.0,COMPLETE,,,,,,,,
76.0,0.001455574949804954,2024-04-26 00:45:24.586448,2024-04-26 00:45:26.381257,0 days 00:00:01.794809,480.0,-20.0,0.2,740.0,390.0,2.0,COMPLETE,,,,,,,,
77.0,0.0003923557404395856,2024-04-26 00:45:26.382257,2024-04-26 00:45:28.899867,0 days 00:00:02.517610,460.0,-120.0,0.1,900.0,450.0,2.0,COMPLETE,,,,,,,,
78.0,0.0005684176684026207,2024-04-26 00:45:28.900889,2024-04-26 00:45:30.950773,0 days 00:00:02.049884,420.0,-180.0,0.1,780.0,430.0,2.0,COMPLETE,,,,,,,,
79.0,0.0028393892253315203,2024-04-26 00:45:30.951774,2024-04-26 00:45:31.179772,0 days 00:00:00.227998,380.0,-40.0,0.30000000000000004,100.0,290.0,1.0,COMPLETE,,,,,,,,
80.0,0.0002866105081071623,2024-04-26 00:45:31.180771,2024-04-26 00:45:31.944938,0 days 00:00:00.764167,420.0,-220.0,0.2,340.0,350.0,2.0,COMPLETE,,,,,,,,
81.0,0.00012357240665386254,2024-04-26 00:45:31.945933,2024-04-26 00:45:34.200816,0 days 00:00:02.254883,440.0,-120.0,0.30000000000000004,940.0,370.0,2.0,COMPLETE,,,,,,,,
82.0,0.0006558171390244453,2024-04-26 00:45:34.201813,2024-04-26 00:45:36.739938,0 days 00:00:02.538125,480.0,-100.0,0.4,940.0,410.0,2.0,COMPLETE,,,,,,,,
83.0,0.0005393805454905946,2024-04-26 00:45:36.740916,2024-04-26 00:45:38.581173,0 days 00:00:01.840257,440.0,-120.0,0.30000000000000004,860.0,330.0,2.0,COMPLETE,,,,,,,,
84.0,0.0002584013256807889,2024-04-26 00:45:38.582174,2024-04-26 00:45:40.692381,0 days 00:00:02.110207,500.0,-140.0,0.4,820.0,390.0,2.0,COMPLETE,,,,,,,,
85.0,0.0070032337996001085,2024-04-26 00:45:40.693381,2024-04-26 00:45:43.035890,0 days 00:00:02.342509,400.0,-180.0,0.30000000000000004,980.0,370.0,2.0,COMPLETE,,,,,,,,
86.0,0.0003168980226287072,2024-04-26 00:45:43.036890,2024-04-26 00:45:45.349104,0 days 00:00:02.312214,460.0,-280.0,0.2,900.0,410.0,2.0,COMPLETE,,,,,,,,
87.0,0.001482567886882483,2024-04-26 00:45:45.350104,2024-04-26 00:45:48.015418,0 days 00:00:02.665314,440.0,-60.0,0.30000000000000004,860.0,470.0,2.0,COMPLETE,,,,,,,,
88.0,0.0014166559552959285,2024-04-26 00:45:48.016418,2024-04-26 00:45:50.063099,0 days 00:00:02.046681,300.0,-200.0,0.1,780.0,430.0,2.0,COMPLETE,,,,,,,,
89.0,0.005116565050452981,2024-04-26 00:45:50.064099,2024-04-26 00:45:52.005307,0 days 00:00:01.941208,480.0,-160.0,0.4,940.0,310.0,2.0,COMPLETE,,,,,,,,
90.0,0.0011306939827421694,2024-04-26 00:45:52.006310,2024-04-26 00:45:52.433340,0 days 00:00:00.427030,360.0,-80.0,0.2,180.0,350.0,2.0,COMPLETE,,,,,,,,
91.0,0.00017679787746387993,2024-04-26 00:45:52.434394,2024-04-26 00:45:54.571099,0 days 00:00:02.136705,440.0,-120.0,0.30000000000000004,900.0,370.0,2.0,COMPLETE,,,,,,,,
92.0,0.0006238642662088044,2024-04-26 00:45:54.572098,2024-04-26 00:45:56.674596,0 days 00:00:02.102498,420.0,-100.0,0.30000000000000004,820.0,390.0,2.0,COMPLETE,,,,,,,,
93.0,0.0018766356160809362,2024-04-26 00:45:56.675596,2024-04-26 00:45:58.875151,0 days 00:00:02.199555,460.0,-160.0,0.4,900.0,370.0,2.0,COMPLETE,,,,,,,,
94.0,0.00040150942366129526,2024-04-26 00:45:58.877152,2024-04-26 00:46:00.732386,0 days 00:00:01.855234,400.0,-140.0,0.30000000000000004,860.0,330.0,2.0,COMPLETE,,,,,,,,
95.0,0.001514756009015863,2024-04-26 00:46:00.734368,2024-04-26 00:46:03.378201,0 days 00:00:02.643833,460.0,0.0,0.2,940.0,450.0,2.0,COMPLETE,,,,,,,,
96.0,0.0019039183190541638,2024-04-26 00:46:03.380199,2024-04-26 00:46:03.481180,0 days 00:00:00.100981,340.0,-120.0,0.30000000000000004,20.0,410.0,2.0,COMPLETE,,,,,,,,
97.0,0.0001878265695216367,2024-04-26 00:46:03.482200,2024-04-26 00:46:04.148602,0 days 00:00:00.666402,480.0,-260.0,0.4,260.0,370.0,2.0,COMPLETE,,,,,,,,
98.0,1.0990378187611664e-05,2024-04-26 00:46:04.149602,2024-04-26 00:46:06.823604,0 days 00:00:02.674002,380.0,-300.0,0.2,980.0,430.0,2.0,COMPLETE,,,,,,,,
99.0,2.7409381958401822e-05,2024-04-26 00:46:06.824604,2024-04-26 00:46:09.503709,0 days 00:00:02.679105,380.0,-320.0,0.1,980.0,450.0,2.0,COMPLETE,,,,,,,,
100.0,0.0006883377733595641,2024-04-26 00:46:09.504709,2024-04-26 00:46:12.365980,0 days 00:00:02.861271,500.0,-340.0,0.1,980.0,470.0,2.0,COMPLETE,,,,,,,,
101.0,3.6763375423294096e-05,2024-04-26 00:46:12.367958,2024-04-26 00:46:14.921053,0 days 00:00:02.553095,380.0,-300.0,0.1,980.0,430.0,2.0,COMPLETE,,,,,,,,
102.0,0.002045826679275554,2024-04-26 00:46:14.922071,2024-04-26 00:46:17.521938,0 days 00:00:02.599867,380.0,-300.0,0.1,980.0,430.0,2.0,COMPLETE,,,,,,,,
103.0,0.00018908721044089358,2024-04-26 00:46:17.523940,2024-04-26 00:46:20.094364,0 days 00:00:02.570424,360.0,-320.0,0.1,940.0,450.0,2.0,COMPLETE,,,,,,,,
104.0,1.3380610694632722e-05,2024-04-26 00:46:20.096398,2024-04-26 00:46:23.067382,0 days 00:00:02.970984,320.0,-300.0,0.1,980.0,490.0,2.0,COMPLETE,,,,,,,,
105.0,0.0004541239427492792,2024-04-26 00:46:23.068383,2024-04-26 00:46:26.003939,0 days 00:00:02.935556,320.0,-300.0,0.1,980.0,490.0,2.0,COMPLETE,,,,,,,,
106.0,0.00041620178202219987,2024-04-26 00:46:26.005917,2024-04-26 00:46:28.899736,0 days 00:00:02.893819,400.0,-380.0,0.1,940.0,490.0,2.0,COMPLETE,,,,,,,,
107.0,0.0012948466753754597,2024-04-26 00:46:28.900756,2024-04-26 00:46:31.708746,0 days 00:00:02.807990,300.0,-320.0,0.1,980.0,470.0,2.0,COMPLETE,,,,,,,,
108.0,0.00025083334346755854,2024-04-26 00:46:31.709748,2024-04-26 00:46:34.443406,0 days 00:00:02.733658,340.0,-280.0,0.1,940.0,470.0,2.0,COMPLETE,,,,,,,,
109.0,0.0005797421342621971,2024-04-26 00:46:34.444407,2024-04-26 00:46:37.127420,0 days 00:00:02.683013,320.0,-300.0,0.1,980.0,450.0,2.0,COMPLETE,,,,,,,,
110.0,0.0008468335241335606,2024-04-26 00:46:37.128419,2024-04-26 00:46:39.626278,0 days 00:00:02.497859,380.0,-340.0,0.2,900.0,430.0,1.0,COMPLETE,,,,,,,,
111.0,0.006379575619001538,2024-04-26 00:46:39.628278,2024-04-26 00:46:40.816521,0 days 00:00:01.188243,360.0,-320.0,0.1,940.0,210.0,2.0,COMPLETE,,,,,,,,
112.0,0.0014597245043186024,2024-04-26 00:46:40.817522,2024-04-26 00:46:43.513347,0 days 00:00:02.695825,220.0,-360.0,0.2,860.0,490.0,2.0,COMPLETE,,,,,,,,
113.0,0.0012238413378388435,2024-04-26 00:46:43.515350,2024-04-26 00:46:46.146879,0 days 00:00:02.631529,400.0,-300.0,0.2,980.0,430.0,2.0,COMPLETE,,,,,,,,
114.0,0.0016609268286629435,2024-04-26 00:46:46.147898,2024-04-26 00:46:49.114684,0 days 00:00:02.966786,420.0,-240.0,0.7000000000000001,900.0,450.0,2.0,COMPLETE,,,,,,,,
115.0,0.0010967497062492769,2024-04-26 00:46:49.115682,2024-04-26 00:46:51.156240,0 days 00:00:02.040558,280.0,-360.0,0.1,820.0,410.0,2.0,COMPLETE,,,,,,,,
116.0,0.0005793378371703244,2024-04-26 00:46:51.158244,2024-04-26 00:46:54.046000,0 days 00:00:02.887756,40.0,-280.0,0.2,940.0,470.0,2.0,COMPLETE,,,,,,,,
117.0,0.00022778512792464528,2024-04-26 00:46:54.048002,2024-04-26 00:46:56.296861,0 days 00:00:02.248859,380.0,-320.0,0.1,860.0,430.0,2.0,COMPLETE,,,,,,,,
118.0,0.0030547090760608786,2024-04-26 00:46:56.297860,2024-04-26 00:46:59.137933,0 days 00:00:02.840073,360.0,-260.0,0.5,900.0,450.0,2.0,COMPLETE,,,,,,,,
119.0,0.0030096288352601756,2024-04-26 00:46:59.138934,2024-04-26 00:47:02.226199,0 days 00:00:03.087265,420.0,-340.0,1.0,980.0,410.0,2.0,COMPLETE,,,,,,,,
120.0,0.0017931360777219507,2024-04-26 00:47:02.227200,2024-04-26 00:47:04.123691,0 days 00:00:01.896491,500.0,-160.0,0.30000000000000004,740.0,390.0,2.0,COMPLETE,,,,,,,,
121.0,0.00023306578440144513,2024-04-26 00:47:04.124693,2024-04-26 00:47:05.625596,0 days 00:00:01.500903,380.0,-140.0,0.2,580.0,410.0,2.0,COMPLETE,,,,,,,,
122.0,0.004586918728556641,2024-04-26 00:47:05.626576,2024-04-26 00:47:07.611506,0 days 00:00:01.984930,340.0,-280.0,0.1,820.0,390.0,2.0,COMPLETE,,,,,,,,
123.0,2.1549765873433056e-05,2024-04-26 00:47:07.612507,2024-04-26 00:47:10.640185,0 days 00:00:03.027678,400.0,-100.0,0.2,980.0,490.0,2.0,COMPLETE,,,,,,,,
124.0,0.0015639142486884234,2024-04-26 00:47:10.642214,2024-04-26 00:47:13.525308,0 days 00:00:02.883094,440.0,-120.0,0.1,940.0,490.0,2.0,COMPLETE,,,,,,,,
125.0,0.00013596993506075165,2024-04-26 00:47:13.526315,2024-04-26 00:47:16.458547,0 days 00:00:02.932232,400.0,-140.0,0.2,980.0,470.0,2.0,COMPLETE,,,,,,,,
126.0,0.0008413297566540908,2024-04-26 00:47:16.459546,2024-04-26 00:47:19.414320,0 days 00:00:02.954774,400.0,-180.0,0.2,980.0,470.0,2.0,COMPLETE,,,,,,,,
127.0,0.0002676148439925814,2024-04-26 00:47:19.415350,2024-04-26 00:47:22.466170,0 days 00:00:03.050820,400.0,-100.0,0.2,980.0,490.0,2.0,COMPLETE,,,,,,,,
128.0,0.0002721449273121082,2024-04-26 00:47:22.467188,2024-04-26 00:47:25.079177,0 days 00:00:02.611989,380.0,-440.0,0.1,940.0,450.0,2.0,COMPLETE,,,,,,,,
129.0,0.0005019103758855271,2024-04-26 00:47:25.081170,2024-04-26 00:47:28.110814,0 days 00:00:03.029644,420.0,-160.0,0.2,980.0,490.0,2.0,COMPLETE,,,,,,,,
130.0,0.004278092421108531,2024-04-26 00:47:28.111814,2024-04-26 00:47:30.425021,0 days 00:00:02.313207,360.0,-200.0,0.1,780.0,470.0,2.0,COMPLETE,,,,,,,,
131.0,0.0017063334910221019,2024-04-26 00:47:30.427031,2024-04-26 00:47:33.218794,0 days 00:00:02.791763,440.0,-140.0,0.30000000000000004,900.0,470.0,2.0,COMPLETE,,,,,,,,
132.0,0.0016637489306255053,2024-04-26 00:47:33.220799,2024-04-26 00:47:36.093214,0 days 00:00:02.872415,420.0,-100.0,0.30000000000000004,940.0,450.0,2.0,COMPLETE,,,,,,,,
133.0,0.0002310592630347642,2024-04-26 00:47:36.094213,2024-04-26 00:47:38.629203,0 days 00:00:02.534990,460.0,-120.0,0.30000000000000004,900.0,430.0,2.0,COMPLETE,,,,,,,,
134.0,0.0014262723411765422,2024-04-26 00:47:38.630184,2024-04-26 00:47:41.351614,0 days 00:00:02.721430,480.0,-160.0,0.2,940.0,450.0,2.0,COMPLETE,,,,,,,,
135.0,0.00220989339857177,2024-04-26 00:47:41.352614,2024-04-26 00:47:43.974743,0 days 00:00:02.622129,120.0,-120.0,0.30000000000000004,860.0,470.0,2.0,COMPLETE,,,,,,,,
136.0,0.0010246273916522431,2024-04-26 00:47:43.975742,2024-04-26 00:47:44.685891,0 days 00:00:00.710149,400.0,-80.0,0.1,220.0,490.0,2.0,COMPLETE,,,,,,,,
137.0,0.02421863113817622,2024-04-26 00:47:44.686893,2024-04-26 00:47:45.030892,0 days 00:00:00.343999,380.0,-140.0,0.2,980.0,50.0,2.0,COMPLETE,,,,,,,,
138.0,0.0001476245782682376,2024-04-26 00:47:45.031891,2024-04-26 00:47:47.584408,0 days 00:00:02.552517,440.0,-300.0,0.30000000000000004,900.0,430.0,2.0,COMPLETE,,,,,,,,
139.0,0.0005966012099885704,2024-04-26 00:47:47.585410,2024-04-26 00:47:49.644634,0 days 00:00:02.059224,360.0,-140.0,0.1,980.0,350.0,2.0,COMPLETE,,,,,,,,
140.0,0.0009892103000557297,2024-04-26 00:47:49.646635,2024-04-26 00:47:52.120438,0 days 00:00:02.473803,480.0,-100.0,0.2,820.0,470.0,2.0,COMPLETE,,,,,,,,
141.0,0.0009292506809299721,2024-04-26 00:47:52.121439,2024-04-26 00:47:54.509396,0 days 00:00:02.387957,440.0,-300.0,0.30000000000000004,860.0,430.0,2.0,COMPLETE,,,,,,,,
142.0,0.0020745209592313587,2024-04-26 00:47:54.511395,2024-04-26 00:47:56.930766,0 days 00:00:02.419371,460.0,-320.0,0.30000000000000004,900.0,410.0,2.0,COMPLETE,,,,,,,,
143.0,0.00022867851368749023,2024-04-26 00:47:56.931899,2024-04-26 00:47:58.532981,0 days 00:00:01.601082,400.0,-260.0,0.30000000000000004,940.0,270.0,2.0,COMPLETE,,,,,,,,
144.0,0.00017601754833354666,2024-04-26 00:47:58.533999,2024-04-26 00:48:01.390909,0 days 00:00:02.856910,420.0,-300.0,0.4,940.0,450.0,2.0,COMPLETE,,,,,,,,
145.0,0.0012534749294470919,2024-04-26 00:48:01.391908,2024-04-26 00:48:03.965019,0 days 00:00:02.573111,440.0,-280.0,0.4,900.0,430.0,2.0,COMPLETE,,,,,,,,
146.0,0.00035882115238734325,2024-04-26 00:48:03.966002,2024-04-26 00:48:06.639280,0 days 00:00:02.673278,420.0,-180.0,0.30000000000000004,980.0,410.0,2.0,COMPLETE,,,,,,,,
147.0,0.0004514974454688053,2024-04-26 00:48:06.640279,2024-04-26 00:48:07.781435,0 days 00:00:01.141156,460.0,-340.0,0.30000000000000004,380.0,450.0,2.0,COMPLETE,,,,,,,,
148.0,0.0008316763382383548,2024-04-26 00:48:07.782435,2024-04-26 00:48:09.862674,0 days 00:00:02.080239,400.0,-120.0,0.1,780.0,430.0,2.0,COMPLETE,,,,,,,,
149.0,0.0005291114514333408,2024-04-26 00:48:09.863679,2024-04-26 00:48:12.148927,0 days 00:00:02.285248,500.0,-320.0,0.2,940.0,390.0,2.0,COMPLETE,,,,,,,,
150.0,0.00023000073470312,2024-04-26 00:48:12.149929,2024-04-26 00:48:14.737656,0 days 00:00:02.587727,340.0,-140.0,0.2,860.0,470.0,2.0,COMPLETE,,,,,,,,
151.0,0.001930513725442271,2024-04-26 00:48:14.738658,2024-04-26 00:48:16.747835,0 days 00:00:02.009177,380.0,-300.0,0.2,820.0,390.0,2.0,COMPLETE,,,,,,,,
152.0,0.0002128698731222953,2024-04-26 00:48:16.748836,2024-04-26 00:48:17.801835,0 days 00:00:01.052999,360.0,-80.0,0.1,460.0,370.0,2.0,COMPLETE,,,,,,,,
153.0,0.0011319585409849426,2024-04-26 00:48:17.802839,2024-04-26 00:48:20.340339,0 days 00:00:02.537500,380.0,-40.0,0.2,980.0,410.0,2.0,COMPLETE,,,,,,,,
154.0,0.00023882843496014072,2024-04-26 00:48:20.341343,2024-04-26 00:48:21.312238,0 days 00:00:00.970895,380.0,-160.0,0.30000000000000004,420.0,350.0,2.0,COMPLETE,,,,,,,,
155.0,0.0014214906645961555,2024-04-26 00:48:21.313217,2024-04-26 00:48:24.137672,0 days 00:00:02.824455,400.0,-280.0,0.2,900.0,490.0,2.0,COMPLETE,,,,,,,,
156.0,0.0014512799159128007,2024-04-26 00:48:24.139647,2024-04-26 00:48:26.312369,0 days 00:00:02.172722,440.0,-100.0,0.1,980.0,370.0,2.0,COMPLETE,,,,,,,,
157.0,0.00138471719141453,2024-04-26 00:48:26.313368,2024-04-26 00:48:28.341507,0 days 00:00:02.028139,480.0,-160.0,0.30000000000000004,780.0,390.0,1.0,COMPLETE,,,,,,,,
158.0,0.0002584399595488884,2024-04-26 00:48:28.343506,2024-04-26 00:48:28.560507,0 days 00:00:00.217001,420.0,-120.0,0.1,60.0,450.0,2.0,COMPLETE,,,,,,,,
159.0,0.00264220758999061,2024-04-26 00:48:28.561506,2024-04-26 00:48:30.054283,0 days 00:00:01.492777,360.0,-220.0,0.5,500.0,430.0,2.0,COMPLETE,,,,,,,,
160.0,0.000532173336099629,2024-04-26 00:48:30.055282,2024-04-26 00:48:32.314207,0 days 00:00:02.258925,380.0,-260.0,0.2,860.0,410.0,2.0,COMPLETE,,,,,,,,
161.0,0.0008918786538222698,2024-04-26 00:48:32.315200,2024-04-26 00:48:33.064080,0 days 00:00:00.748880,440.0,-120.0,0.30000000000000004,300.0,370.0,2.0,COMPLETE,,,,,,,,
162.0,0.0002648893897406116,2024-04-26 00:48:33.066056,2024-04-26 00:48:35.414132,0 days 00:00:02.348076,460.0,-60.0,0.30000000000000004,940.0,390.0,2.0,COMPLETE,,,,,,,,
163.0,0.00044582468874212214,2024-04-26 00:48:35.415132,2024-04-26 00:48:37.470781,0 days 00:00:02.055649,400.0,-140.0,0.30000000000000004,900.0,350.0,2.0,COMPLETE,,,,,,,,
164.0,0.0010605258536520558,2024-04-26 00:48:37.471914,2024-04-26 00:48:39.700840,0 days 00:00:02.228926,500.0,-180.0,0.30000000000000004,940.0,370.0,2.0,COMPLETE,,,,,,,,
165.0,1.3289008676173386e-05,2024-04-26 00:48:39.701839,2024-04-26 00:48:42.351348,0 days 00:00:02.649509,420.0,-120.0,0.4,820.0,470.0,2.0,COMPLETE,,,,,,,,
166.0,0.00015814551645078936,2024-04-26 00:48:42.352352,2024-04-26 00:48:42.860349,0 days 00:00:00.507997,420.0,-140.0,0.4,140.0,490.0,2.0,COMPLETE,,,,,,,,
167.0,0.001361983010182723,2024-04-26 00:48:42.862350,2024-04-26 00:48:45.589082,0 days 00:00:02.726732,420.0,-100.0,0.6,820.0,470.0,2.0,COMPLETE,,,,,,,,
168.0,0.0018029559176863325,2024-04-26 00:48:45.590084,2024-04-26 00:48:48.098984,0 days 00:00:02.508900,400.0,-60.0,0.4,820.0,450.0,2.0,COMPLETE,,,,,,,,
169.0,0.0013068790486618703,2024-04-26 00:48:48.100139,2024-04-26 00:48:50.346473,0 days 00:00:02.246334,400.0,-20.0,0.1,740.0,490.0,2.0,COMPLETE,,,,,,,,
170.0,0.000790737714140237,2024-04-26 00:48:50.347471,2024-04-26 00:48:52.648111,0 days 00:00:02.300640,440.0,-320.0,0.1,780.0,470.0,2.0,COMPLETE,,,,,,,,
171.0,7.025458862608743e-05,2024-04-26 00:48:52.649112,2024-04-26 00:48:55.033829,0 days 00:00:02.384717,460.0,-120.0,0.30000000000000004,860.0,430.0,2.0,COMPLETE,,,,,,,,
172.0,9.278642720930042e-05,2024-04-26 00:48:55.034854,2024-04-26 00:48:57.475555,0 days 00:00:02.440701,460.0,-120.0,0.30000000000000004,860.0,430.0,2.0,COMPLETE,,,,,,,,
173.0,0.0014130964054088493,2024-04-26 00:48:57.477533,2024-04-26 00:48:59.874869,0 days 00:00:02.397336,460.0,-120.0,0.30000000000000004,860.0,430.0,2.0,COMPLETE,,,,,,,,
174.0,0.0028830784557046848,2024-04-26 00:48:59.876873,2024-04-26 00:49:02.509573,0 days 00:00:02.632700,480.0,-120.0,0.4,860.0,450.0,2.0,COMPLETE,,,,,,,,
175.0,0.00413399241346906,2024-04-26 00:49:02.510572,2024-04-26 00:49:04.792225,0 days 00:00:02.281653,460.0,-100.0,0.30000000000000004,820.0,430.0,2.0,COMPLETE,,,,,,,,
176.0,0.0006120713167950484,2024-04-26 00:49:04.793204,2024-04-26 00:49:07.575396,0 days 00:00:02.782192,460.0,-140.0,0.30000000000000004,900.0,470.0,2.0,COMPLETE,,,,,,,,
177.0,0.0003037970211946518,2024-04-26 00:49:07.577374,2024-04-26 00:49:09.872533,0 days 00:00:02.295159,440.0,-120.0,0.30000000000000004,820.0,430.0,2.0,COMPLETE,,,,,,,,
178.0,0.008588340854655544,2024-04-26 00:49:09.874535,2024-04-26 00:49:12.493590,0 days 00:00:02.619055,480.0,-100.0,0.4,860.0,450.0,2.0,COMPLETE,,,,,,,,
179.0,0.0025307834533126595,2024-04-26 00:49:12.494612,2024-04-26 00:49:15.092793,0 days 00:00:02.598181,480.0,-140.0,0.30000000000000004,980.0,410.0,2.0,COMPLETE,,,,,,,,
180.0,0.00028084680882248345,2024-04-26 00:49:15.094791,2024-04-26 00:49:18.162371,0 days 00:00:03.067580,420.0,-300.0,0.5,940.0,470.0,2.0,COMPLETE,,,,,,,,
181.0,0.0013603725235541994,2024-04-26 00:49:18.163372,2024-04-26 00:49:20.743656,0 days 00:00:02.580284,380.0,-160.0,0.30000000000000004,980.0,410.0,2.0,COMPLETE,,,,,,,,
182.0,0.0004522173430397518,2024-04-26 00:49:20.744676,2024-04-26 00:49:22.889109,0 days 00:00:02.144433,440.0,-240.0,0.2,780.0,430.0,2.0,COMPLETE,,,,,,,,
183.0,0.00042866571537297896,2024-04-26 00:49:22.890115,2024-04-26 00:49:25.397375,0 days 00:00:02.507260,460.0,-140.0,0.30000000000000004,860.0,450.0,2.0,COMPLETE,,,,,,,,
184.0,0.0006780900416252014,2024-04-26 00:49:25.398377,2024-04-26 00:49:26.652742,0 days 00:00:01.254365,380.0,-120.0,0.1,820.0,250.0,2.0,COMPLETE,,,,,,,,
185.0,0.0030821439214023133,2024-04-26 00:49:26.654382,2024-04-26 00:49:29.035393,0 days 00:00:02.381011,500.0,-160.0,0.30000000000000004,900.0,410.0,2.0,COMPLETE,,,,,,,,
186.0,0.0008493149992051305,2024-04-26 00:49:29.036375,2024-04-26 00:49:32.132601,0 days 00:00:03.096226,360.0,-80.0,0.2,980.0,490.0,2.0,COMPLETE,,,,,,,,
187.0,0.0024216197023050634,2024-04-26 00:49:32.133604,2024-04-26 00:49:33.759468,0 days 00:00:01.625864,400.0,-300.0,0.2,660.0,390.0,2.0,COMPLETE,,,,,,,,
188.0,0.0023933357762060616,2024-04-26 00:49:33.760469,2024-04-26 00:49:36.256441,0 days 00:00:02.495972,440.0,-120.0,0.1,940.0,430.0,2.0,COMPLETE,,,,,,,,
189.0,0.00012833958811068035,2024-04-26 00:49:36.257441,2024-04-26 00:49:38.885883,0 days 00:00:02.628442,420.0,-340.0,0.30000000000000004,860.0,470.0,2.0,COMPLETE,,,,,,,,
190.0,2.88606212827044e-05,2024-04-26 00:49:38.886882,2024-04-26 00:49:41.585798,0 days 00:00:02.698916,420.0,-340.0,0.30000000000000004,860.0,470.0,2.0,COMPLETE,,,,,,,,
191.0,0.0026510496263592244,2024-04-26 00:49:41.587479,2024-04-26 00:49:44.261223,0 days 00:00:02.673744,420.0,-340.0,0.30000000000000004,860.0,470.0,2.0,COMPLETE,,,,,,,,
192.0,0.0005003674052941273,2024-04-26 00:49:44.262224,2024-04-26 00:49:46.735607,0 days 00:00:02.473383,420.0,-340.0,0.30000000000000004,820.0,450.0,2.0,COMPLETE,,,,,,,,
193.0,0.0005499166513728097,2024-04-26 00:49:46.737584,2024-04-26 00:49:49.377963,0 days 00:00:02.640379,440.0,-360.0,0.30000000000000004,860.0,470.0,2.0,COMPLETE,,,,,,,,
194.0,0.00036157523976765527,2024-04-26 00:49:49.379968,2024-04-26 00:49:52.327116,0 days 00:00:02.947148,420.0,-340.0,0.30000000000000004,900.0,490.0,2.0,COMPLETE,,,,,,,,
195.0,0.00029402509068832285,2024-04-26 00:49:52.328093,2024-04-26 00:49:54.909420,0 days 00:00:02.581327,460.0,-320.0,0.30000000000000004,820.0,470.0,2.0,COMPLETE,,,,,,,,
196.0,0.0005227723078275346,2024-04-26 00:49:54.911420,2024-04-26 00:49:57.847957,0 days 00:00:02.936537,400.0,-360.0,0.4,860.0,490.0,2.0,COMPLETE,,,,,,,,
197.0,0.00037738743337863536,2024-04-26 00:49:57.848949,2024-04-26 00:50:00.578362,0 days 00:00:02.729413,440.0,-300.0,0.30000000000000004,900.0,450.0,2.0,COMPLETE,,,,,,,,
198.0,0.0028873921080475084,2024-04-26 00:50:00.580364,2024-04-26 00:50:03.706641,0 days 00:00:03.126277,460.0,-380.0,0.30000000000000004,980.0,470.0,2.0,COMPLETE,,,,,,,,
199.0,8.659059890510342e-05,2024-04-26 00:50:03.708619,2024-04-26 00:50:06.210464,0 days 00:00:02.501845,480.0,-320.0,0.30000000000000004,860.0,450.0,2.0,COMPLETE,,,,,,,,
200.0,0.0016019131770969878,2024-04-26 00:50:06.212439,2024-04-26 00:50:08.665075,0 days 00:00:02.452636,480.0,-320.0,0.30000000000000004,820.0,450.0,2.0,COMPLETE,,,,,,,,
201.0,0.0003226403083031761,2024-04-26 00:50:08.666076,2024-04-26 00:50:11.255858,0 days 00:00:02.589782,500.0,-320.0,0.30000000000000004,860.0,450.0,2.0,COMPLETE,,,,,,,,
202.0,0.0020039939850716964,2024-04-26 00:50:11.257864,2024-04-26 00:50:13.795125,0 days 00:00:02.537261,480.0,-340.0,0.30000000000000004,860.0,430.0,2.0,COMPLETE,,,,,,,,
203.0,0.0006373070053648767,2024-04-26 00:50:13.796833,2024-04-26 00:50:16.722460,0 days 00:00:02.925627,420.0,-100.0,0.30000000000000004,900.0,490.0,2.0,COMPLETE,,,,,,,,
204.0,0.0014140690384993517,2024-04-26 00:50:16.723439,2024-04-26 00:50:19.691731,0 days 00:00:02.968292,0.0,-280.0,0.30000000000000004,940.0,470.0,2.0,COMPLETE,,,,,,,,
205.0,0.0007816905879048043,2024-04-26 00:50:19.693707,2024-04-26 00:50:21.961373,0 days 00:00:02.267666,440.0,-320.0,0.4,780.0,430.0,2.0,COMPLETE,,,,,,,,
206.0,0.0007280927591384676,2024-04-26 00:50:21.963633,2024-04-26 00:50:24.423394,0 days 00:00:02.459761,460.0,-120.0,0.1,860.0,450.0,2.0,COMPLETE,,,,,,,,
207.0,0.00034992958036248725,2024-04-26 00:50:24.425394,2024-04-26 00:50:26.941762,0 days 00:00:02.516368,400.0,-300.0,0.30000000000000004,820.0,470.0,2.0,COMPLETE,,,,,,,,
208.0,0.0003630656113938942,2024-04-26 00:50:26.943752,2024-04-26 00:50:30.178622,0 days 00:00:03.234870,280.0,-360.0,0.30000000000000004,980.0,490.0,2.0,COMPLETE,,,,,,,,
209.0,0.0016409013615080069,2024-04-26 00:50:30.180631,2024-04-26 00:50:32.805101,0 days 00:00:02.624470,480.0,-140.0,0.1,940.0,450.0,2.0,COMPLETE,,,,,,,,
210.0,0.00019305382912269525,2024-04-26 00:50:32.806103,2024-04-26 00:50:35.663381,0 days 00:00:02.857278,420.0,-100.0,0.30000000000000004,900.0,470.0,2.0,COMPLETE,,,,,,,,
211.0,2.2779952833131054e-05,2024-04-26 00:50:35.665402,2024-04-26 00:50:37.796888,0 days 00:00:02.131486,240.0,-140.0,0.2,860.0,390.0,2.0,COMPLETE,,,,,,,,
212.0,0.0009715285465827606,2024-04-26 00:50:37.797888,2024-04-26 00:50:40.087239,0 days 00:00:02.289351,240.0,-140.0,0.2,860.0,410.0,2.0,COMPLETE,,,,,,,,
213.0,0.0006157025283809924,2024-04-26 00:50:40.088244,2024-04-26 00:50:42.335038,0 days 00:00:02.246794,440.0,-160.0,0.2,820.0,430.0,2.0,COMPLETE,,,,,,,,
214.0,0.0006146171578866006,2024-04-26 00:50:42.336037,2024-04-26 00:50:44.497750,0 days 00:00:02.161713,240.0,-140.0,0.2,860.0,390.0,2.0,COMPLETE,,,,,,,,
215.0,0.0032415958311066435,2024-04-26 00:50:44.499731,2024-04-26 00:50:47.223374,0 days 00:00:02.723643,400.0,-120.0,0.30000000000000004,980.0,430.0,2.0,COMPLETE,,,,,,,,
216.0,0.0018663174869338684,2024-04-26 00:50:47.224374,2024-04-26 00:50:49.342602,0 days 00:00:02.118228,240.0,-320.0,0.1,820.0,410.0,2.0,COMPLETE,,,,,,,,
217.0,0.00028154402778332295,2024-04-26 00:50:49.343605,2024-04-26 00:50:50.195037,0 days 00:00:00.851432,260.0,-180.0,0.2,900.0,150.0,1.0,COMPLETE,,,,,,,,
218.0,5.8623649816185444e-05,2024-04-26 00:50:50.196030,2024-04-26 00:50:52.507519,0 days 00:00:02.311489,220.0,-120.0,0.30000000000000004,780.0,450.0,2.0,COMPLETE,,,,,,,,
219.0,0.0004839304483711174,2024-04-26 00:50:52.508521,2024-04-26 00:50:55.050209,0 days 00:00:02.541688,260.0,-120.0,0.4,820.0,450.0,2.0,COMPLETE,,,,,,,,
220.0,0.0006771269568227241,2024-04-26 00:50:55.051208,2024-04-26 00:50:57.719062,0 days 00:00:02.667854,240.0,-140.0,0.5,780.0,490.0,2.0,COMPLETE,,,,,,,,
221.0,0.0017465349037179916,2024-04-26 00:50:57.720042,2024-04-26 00:51:00.388737,0 days 00:00:02.668695,380.0,-120.0,0.30000000000000004,860.0,470.0,2.0,COMPLETE,,,,,,,,
222.0,0.0005787834013004134,2024-04-26 00:51:00.389735,2024-04-26 00:51:02.670974,0 days 00:00:02.281239,220.0,-100.0,0.30000000000000004,820.0,430.0,2.0,COMPLETE,,,,,,,,
223.0,7.837077410233295e-06,2024-04-26 00:51:02.671975,2024-04-26 00:51:05.356670,0 days 00:00:02.684695,460.0,-120.0,0.30000000000000004,900.0,450.0,2.0,COMPLETE,,,,,,,,
224.0,0.00112860753704896,2024-04-26 00:51:05.357668,2024-04-26 00:51:07.872222,0 days 00:00:02.514554,220.0,-120.0,0.30000000000000004,860.0,450.0,2.0,COMPLETE,,,,,,,,
225.0,0.0005407698829571903,2024-04-26 00:51:07.873198,2024-04-26 00:51:10.805840,0 days 00:00:02.932642,220.0,-140.0,0.30000000000000004,940.0,470.0,2.0,COMPLETE,,,,,,,,
226.0,9.532864571375869e-05,2024-04-26 00:51:10.807820,2024-04-26 00:51:13.558550,0 days 00:00:02.750730,200.0,-160.0,0.1,980.0,450.0,2.0,COMPLETE,,,,,,,,
227.0,0.000813866357228405,2024-04-26 00:51:13.560552,2024-04-26 00:51:16.327261,0 days 00:00:02.766709,200.0,-160.0,0.1,980.0,450.0,2.0,COMPLETE,,,,,,,,
228.0,0.0001149659045259606,2024-04-26 00:51:16.328278,2024-04-26 00:51:19.052257,0 days 00:00:02.723979,480.0,-160.0,0.1,980.0,450.0,2.0,COMPLETE,,,,,,,,
229.0,0.00047515801309900175,2024-04-26 00:51:19.054260,2024-04-26 00:51:21.842789,0 days 00:00:02.788529,180.0,-160.0,0.1,980.0,450.0,2.0,COMPLETE,,,,,,,,
230.0,0.0001723062040954604,2024-04-26 00:51:21.844763,2024-04-26 00:51:24.739901,0 days 00:00:02.895138,480.0,-140.0,0.1,980.0,470.0,2.0,COMPLETE,,,,,,,,
231.0,0.000505752823987051,2024-04-26 00:51:24.740904,2024-04-26 00:51:27.492637,0 days 00:00:02.751733,220.0,-160.0,0.1,980.0,450.0,2.0,COMPLETE,,,,,,,,
232.0,0.00015374926200815316,2024-04-26 00:51:27.493637,2024-04-26 00:51:30.327663,0 days 00:00:02.834026,500.0,-180.0,0.1,980.0,470.0,2.0,COMPLETE,,,,,,,,
233.0,0.0018293328000473694,2024-04-26 00:51:30.328658,2024-04-26 00:51:33.100442,0 days 00:00:02.771784,200.0,-140.0,0.1,980.0,450.0,2.0,COMPLETE,,,,,,,,
234.0,1.4045734290326672e-05,2024-04-26 00:51:33.101624,2024-04-26 00:51:35.589245,0 days 00:00:02.487621,460.0,-160.0,0.1,940.0,430.0,2.0,COMPLETE,,,,,,,,
235.0,0.0010791600809468619,2024-04-26 00:51:35.590254,2024-04-26 00:51:38.109569,0 days 00:00:02.519315,200.0,-160.0,0.1,940.0,430.0,2.0,COMPLETE,,,,,,,,
236.0,0.0006273730050279898,2024-04-26 00:51:38.110568,2024-04-26 00:51:40.628543,0 days 00:00:02.517975,180.0,-120.0,0.1,940.0,430.0,2.0,COMPLETE,,,,,,,,
237.0,0.00012468970957484738,2024-04-26 00:51:40.630562,2024-04-26 00:51:43.302449,0 days 00:00:02.671887,460.0,-340.0,0.1,940.0,450.0,2.0,COMPLETE,,,,,,,,
238.0,0.0008478909790355395,2024-04-26 00:51:43.303451,2024-04-26 00:51:45.922530,0 days 00:00:02.619079,460.0,-340.0,0.1,940.0,450.0,2.0,COMPLETE,,,,,,,,
239.0,0.0008052417845024896,2024-04-26 00:51:45.923514,2024-04-26 00:51:48.576286,0 days 00:00:02.652772,460.0,-340.0,0.1,940.0,450.0,2.0,COMPLETE,,,,,,,,
240.0,0.0020159700679363147,2024-04-26 00:51:48.577285,2024-04-26 00:51:49.315285,0 days 00:00:00.738000,480.0,-180.0,0.1,260.0,430.0,2.0,COMPLETE,,,,,,,,
241.0,0.0008775293922262519,2024-04-26 00:51:49.317263,2024-04-26 00:51:52.146867,0 days 00:00:02.829604,460.0,-360.0,0.1,980.0,470.0,2.0,COMPLETE,,,,,,,,
242.0,0.0012922231573694815,2024-04-26 00:51:52.147867,2024-04-26 00:51:54.936902,0 days 00:00:02.789035,460.0,-120.0,0.1,980.0,450.0,2.0,COMPLETE,,,,,,,,
243.0,0.000303973244727516,2024-04-26 00:51:54.937911,2024-04-26 00:51:57.793846,0 days 00:00:02.855935,480.0,-140.0,0.1,980.0,470.0,2.0,COMPLETE,,,,,,,,
244.0,0.00021339441818056423,2024-04-26 00:51:57.794848,2024-04-26 00:52:00.705449,0 days 00:00:02.910601,200.0,-320.0,0.1,940.0,490.0,2.0,COMPLETE,,,,,,,,
245.0,4.598795785123941e-05,2024-04-26 00:52:00.706451,2024-04-26 00:52:03.405490,0 days 00:00:02.699039,220.0,-160.0,0.1,980.0,450.0,2.0,COMPLETE,,,,,,,,
246.0,0.0010311208667176759,2024-04-26 00:52:03.406472,2024-04-26 00:52:05.518497,0 days 00:00:02.112025,220.0,-500.0,0.1,780.0,430.0,2.0,COMPLETE,,,,,,,,
247.0,0.0006562120016824983,2024-04-26 00:52:05.519495,2024-04-26 00:52:08.125354,0 days 00:00:02.605859,200.0,-160.0,0.1,940.0,450.0,2.0,COMPLETE,,,,,,,,
248.0,0.0012415162002357284,2024-04-26 00:52:08.127349,2024-04-26 00:52:10.562116,0 days 00:00:02.434767,220.0,-200.0,0.1,900.0,430.0,2.0,COMPLETE,,,,,,,,
249.0,0.0011175229767627984,2024-04-26 00:52:10.564118,2024-04-26 00:52:12.859087,0 days 00:00:02.294969,500.0,-100.0,0.1,820.0,450.0,2.0,COMPLETE,,,,,,,,
250.0,7.65815663439627e-05,2024-04-26 00:52:12.861087,2024-04-26 00:52:15.612337,0 days 00:00:02.751250,240.0,-340.0,0.1,980.0,450.0,2.0,COMPLETE,,,,,,,,
251.0,0.0007732976409613288,2024-04-26 00:52:15.613344,2024-04-26 00:52:18.312998,0 days 00:00:02.699654,240.0,-340.0,0.1,980.0,450.0,2.0,COMPLETE,,,,,,,,
252.0,0.002456561228094575,2024-04-26 00:52:18.315018,2024-04-26 00:52:20.834231,0 days 00:00:02.519213,240.0,-360.0,0.1,940.0,430.0,2.0,COMPLETE,,,,,,,,
253.0,0.002544544513247972,2024-04-26 00:52:20.835212,2024-04-26 00:52:23.967192,0 days 00:00:03.131980,260.0,-320.0,0.6,980.0,450.0,2.0,COMPLETE,,,,,,,,
254.0,0.0003427414555385172,2024-04-26 00:52:23.969188,2024-04-26 00:52:26.596957,0 days 00:00:02.627769,240.0,-340.0,0.1,980.0,430.0,2.0,COMPLETE,,,,,,,,
255.0,0.0012405813028850848,2024-04-26 00:52:26.597954,2024-04-26 00:52:29.332092,0 days 00:00:02.734138,220.0,-340.0,0.1,940.0,470.0,2.0,COMPLETE,,,,,,,,
256.0,0.00018978163055255573,2024-04-26 00:52:29.333099,2024-04-26 00:52:32.328246,0 days 00:00:02.995147,480.0,-320.0,0.7000000000000001,980.0,410.0,2.0,COMPLETE,,,,,,,,
257.0,0.0001323731702110925,2024-04-26 00:52:32.329247,2024-04-26 00:52:34.747468,0 days 00:00:02.418221,480.0,-160.0,0.1,860.0,450.0,2.0,COMPLETE,,,,,,,,
258.0,0.00043163350807543123,2024-04-26 00:52:34.749445,2024-04-26 00:52:37.209812,0 days 00:00:02.460367,460.0,-80.0,0.1,820.0,470.0,2.0,COMPLETE,,,,,,,,
259.0,0.003946014246635543,2024-04-26 00:52:37.210789,2024-04-26 00:52:39.643827,0 days 00:00:02.433038,440.0,-120.0,0.1,900.0,430.0,2.0,COMPLETE,,,,,,,,
260.0,0.00022335941866820952,2024-04-26 00:52:39.645617,2024-04-26 00:52:42.254144,0 days 00:00:02.608527,80.0,-100.0,0.1,940.0,450.0,2.0,COMPLETE,,,,,,,,
261.0,0.000416514554431534,2024-04-26 00:52:42.255199,2024-04-26 00:52:44.912023,0 days 00:00:02.656824,260.0,-180.0,0.1,980.0,430.0,2.0,COMPLETE,,,,,,,,
262.0,0.00024567100265230853,2024-04-26 00:52:44.914052,2024-04-26 00:52:47.555607,0 days 00:00:02.641555,280.0,-340.0,0.1,860.0,490.0,2.0,COMPLETE,,,,,,,,
263.0,0.0006914187477568038,2024-04-26 00:52:47.556608,2024-04-26 00:52:50.092578,0 days 00:00:02.535970,160.0,-300.0,0.1,900.0,450.0,2.0,COMPLETE,,,,,,,,
264.0,0.0009518275553197155,2024-04-26 00:52:50.093579,2024-04-26 00:52:52.847461,0 days 00:00:02.753882,460.0,-360.0,0.1,940.0,470.0,2.0,COMPLETE,,,,,,,,
265.0,0.0011450811793823775,2024-04-26 00:52:52.849462,2024-04-26 00:52:55.397186,0 days 00:00:02.547724,480.0,-140.0,0.1,980.0,410.0,2.0,COMPLETE,,,,,,,,
266.0,0.000142696054380442,2024-04-26 00:52:55.398185,2024-04-26 00:52:57.884258,0 days 00:00:02.486073,460.0,-120.0,0.2,820.0,470.0,2.0,COMPLETE,,,,,,,,
267.0,0.0009560201406550321,2024-04-26 00:52:57.885259,2024-04-26 00:53:01.115249,0 days 00:00:03.229990,500.0,-140.0,0.8,940.0,450.0,2.0,COMPLETE,,,,,,,,
268.0,0.000527943638026545,2024-04-26 00:53:01.116388,2024-04-26 00:53:03.202921,0 days 00:00:02.086533,220.0,-380.0,0.1,780.0,430.0,2.0,COMPLETE,,,,,,,,
269.0,0.0004940999629879227,2024-04-26 00:53:03.205209,2024-04-26 00:53:05.835414,0 days 00:00:02.630205,180.0,-320.0,0.1,860.0,470.0,2.0,COMPLETE,,,,,,,,
270.0,0.0016718949441954793,2024-04-26 00:53:05.837415,2024-04-26 00:53:08.914248,0 days 00:00:03.076833,240.0,-160.0,0.2,980.0,490.0,2.0,COMPLETE,,,,,,,,
271.0,0.0012886407509103766,2024-04-26 00:53:08.916243,2024-04-26 00:53:11.594143,0 days 00:00:02.677900,440.0,-120.0,0.30000000000000004,900.0,450.0,2.0,COMPLETE,,,,,,,,
272.0,1.759302050082501e-05,2024-04-26 00:53:11.595145,2024-04-26 00:53:14.140319,0 days 00:00:02.545174,200.0,-140.0,0.4,820.0,450.0,1.0,COMPLETE,,,,,,,,
273.0,0.0008343958063321727,2024-04-26 00:53:14.141347,2024-04-26 00:53:16.435264,0 days 00:00:02.293917,200.0,-160.0,0.4,820.0,410.0,2.0,COMPLETE,,,,,,,,
274.0,0.00034659866610555693,2024-04-26 00:53:16.437241,2024-04-26 00:53:19.175568,0 days 00:00:02.738327,220.0,-140.0,0.4,940.0,430.0,1.0,COMPLETE,,,,,,,,
275.0,0.0006161425821227469,2024-04-26 00:53:19.176568,2024-04-26 00:53:21.618839,0 days 00:00:02.442271,180.0,-140.0,0.4,780.0,450.0,1.0,COMPLETE,,,,,,,,
276.0,0.0006781976519255423,2024-04-26 00:53:21.619844,2024-04-26 00:53:23.790971,0 days 00:00:02.171127,200.0,-100.0,0.1,820.0,430.0,1.0,COMPLETE,,,,,,,,
277.0,0.0017357874263471502,2024-04-26 00:53:23.791988,2024-04-26 00:53:26.774653,0 days 00:00:02.982665,200.0,-160.0,0.4,980.0,450.0,2.0,COMPLETE,,,,,,,,
278.0,0.0001637560229208962,2024-04-26 00:53:26.775655,2024-04-26 00:53:28.643593,0 days 00:00:01.867938,480.0,-140.0,0.1,740.0,410.0,2.0,COMPLETE,,,,,,,,
279.0,0.0011859028463762746,2024-04-26 00:53:28.644578,2024-04-26 00:53:31.276029,0 days 00:00:02.631451,460.0,-120.0,0.5,820.0,450.0,1.0,COMPLETE,,,,,,,,
280.0,5.609073415897776e-05,2024-04-26 00:53:31.277030,2024-04-26 00:53:32.523275,0 days 00:00:01.246245,220.0,-180.0,0.1,980.0,210.0,1.0,COMPLETE,,,,,,,,
281.0,0.0012725397100187715,2024-04-26 00:53:32.524247,2024-04-26 00:53:34.151228,0 days 00:00:01.626981,220.0,-180.0,0.1,980.0,270.0,1.0,COMPLETE,,,,,,,,
282.0,0.00032993484483063236,2024-04-26 00:53:34.152229,2024-04-26 00:53:37.260678,0 days 00:00:03.108449,240.0,-160.0,0.4,980.0,470.0,1.0,COMPLETE,,,,,,,,
283.0,0.00019225423643458731,2024-04-26 00:53:37.261675,2024-04-26 00:53:38.527369,0 days 00:00:01.265694,200.0,-180.0,0.2,940.0,210.0,1.0,COMPLETE,,,,,,,,
284.0,0.0020173208909010096,2024-04-26 00:53:38.529358,2024-04-26 00:53:39.560345,0 days 00:00:01.030987,220.0,-160.0,0.1,980.0,170.0,1.0,COMPLETE,,,,,,,,
285.0,0.001548333174780332,2024-04-26 00:53:39.561347,2024-04-26 00:53:42.329265,0 days 00:00:02.767918,240.0,-280.0,0.1,980.0,450.0,1.0,COMPLETE,,,,,,,,
286.0,0.0005431773476290924,2024-04-26 00:53:42.330264,2024-04-26 00:53:43.661263,0 days 00:00:01.330999,220.0,-140.0,0.2,940.0,230.0,2.0,COMPLETE,,,,,,,,
287.0,0.0002138753028587434,2024-04-26 00:53:43.663264,2024-04-26 00:53:46.188686,0 days 00:00:02.525422,380.0,-180.0,0.1,940.0,430.0,1.0,COMPLETE,,,,,,,,
288.0,0.0013026773652535942,2024-04-26 00:53:46.189664,2024-04-26 00:53:47.804687,0 days 00:00:01.615023,500.0,-300.0,0.4,980.0,250.0,1.0,COMPLETE,,,,,,,,
289.0,3.489054960545153e-05,2024-04-26 00:53:47.805687,2024-04-26 00:53:51.225723,0 days 00:00:03.420036,200.0,-160.0,0.9,900.0,490.0,2.0,COMPLETE,,,,,,,,
290.0,0.0011863407727243733,2024-04-26 00:53:51.227722,2024-04-26 00:53:54.521136,0 days 00:00:03.293414,200.0,-160.0,0.8,900.0,490.0,2.0,COMPLETE,,,,,,,,
291.0,0.003030378690839592,2024-04-26 00:53:54.522137,2024-04-26 00:53:57.417980,0 days 00:00:02.895843,200.0,-160.0,0.4,860.0,490.0,2.0,COMPLETE,,,,,,,,
292.0,0.0009228139433595137,2024-04-26 00:53:57.418998,2024-04-26 00:54:00.721573,0 days 00:00:03.302575,220.0,-140.0,1.0,900.0,470.0,2.0,COMPLETE,,,,,,,,
293.0,0.003946786907841707,2024-04-26 00:54:00.722550,2024-04-26 00:54:04.421975,0 days 00:00:03.699425,220.0,-160.0,0.9,980.0,490.0,2.0,COMPLETE,,,,,,,,
294.0,0.0008252071141080811,2024-04-26 00:54:04.422976,2024-04-26 00:54:05.811441,0 days 00:00:01.388465,180.0,-140.0,0.30000000000000004,900.0,230.0,1.0,COMPLETE,,,,,,,,
295.0,0.0021344304953111333,2024-04-26 00:54:05.813442,2024-04-26 00:54:09.144432,0 days 00:00:03.330990,180.0,-160.0,0.5,980.0,490.0,2.0,COMPLETE,,,,,,,,
296.0,4.666638732395765e-05,2024-04-26 00:54:09.145432,2024-04-26 00:54:10.174742,0 days 00:00:01.029310,360.0,-180.0,0.2,860.0,190.0,2.0,COMPLETE,,,,,,,,
297.0,0.0007119680978335482,2024-04-26 00:54:10.176723,2024-04-26 00:54:11.398742,0 days 00:00:01.222019,380.0,-200.0,0.7000000000000001,860.0,190.0,2.0,COMPLETE,,,,,,,,
298.0,0.002819801407095224,2024-04-26 00:54:11.400725,2024-04-26 00:54:12.429243,0 days 00:00:01.028518,360.0,-180.0,0.2,860.0,190.0,2.0,COMPLETE,,,,,,,,
299.0,0.0030483571965899126,2024-04-26 00:54:12.430238,2024-04-26 00:54:13.092238,0 days 00:00:00.662000,360.0,-180.0,0.9,860.0,90.0,2.0,COMPLETE,,,,,,,,
300.0,0.0002491896806673319,2024-04-26 00:54:13.093240,2024-04-26 00:54:15.502421,0 days 00:00:02.409181,380.0,-200.0,0.2,780.0,470.0,2.0,COMPLETE,,,,,,,,
301.0,0.004960348530058818,2024-04-26 00:54:15.503428,2024-04-26 00:54:16.597691,0 days 00:00:01.094263,380.0,-180.0,0.2,820.0,210.0,2.0,COMPLETE,,,,,,,,
302.0,0.0012705273728128234,2024-04-26 00:54:16.599694,2024-04-26 00:54:17.620712,0 days 00:00:01.021018,340.0,-160.0,0.2,820.0,190.0,2.0,COMPLETE,,,,,,,,
303.0,0.010523520381005066,2024-04-26 00:54:17.621713,2024-04-26 00:54:18.254011,0 days 00:00:00.632298,200.0,-180.0,0.2,580.0,150.0,2.0,COMPLETE,,,,,,,,
304.0,5.022019830731645e-05,2024-04-26 00:54:18.255011,2024-04-26 00:54:20.969083,0 days 00:00:02.714072,500.0,-160.0,0.2,860.0,490.0,2.0,COMPLETE,,,,,,,,
305.0,7.052942431983232e-05,2024-04-26 00:54:20.971084,2024-04-26 00:54:23.693155,0 days 00:00:02.722071,300.0,-140.0,0.2,860.0,490.0,2.0,COMPLETE,,,,,,,,
306.0,0.0012720302400350153,2024-04-26 00:54:23.694155,2024-04-26 00:54:26.390938,0 days 00:00:02.696783,500.0,-140.0,0.2,860.0,490.0,2.0,COMPLETE,,,,,,,,
307.0,0.0022611186160514537,2024-04-26 00:54:26.391942,2024-04-26 00:54:27.320990,0 days 00:00:00.929048,340.0,-120.0,0.2,860.0,170.0,2.0,COMPLETE,,,,,,,,
308.0,4.5942592563670774e-05,2024-04-26 00:54:27.322968,2024-04-26 00:54:30.181506,0 days 00:00:02.858538,300.0,-140.0,0.2,900.0,490.0,2.0,COMPLETE,,,,,,,,
309.0,2.4171422445914302e-05,2024-04-26 00:54:30.182506,2024-04-26 00:54:33.054284,0 days 00:00:02.871778,300.0,-140.0,0.2,900.0,490.0,2.0,COMPLETE,,,,,,,,
310.0,0.0010154343210456392,2024-04-26 00:54:33.056265,2024-04-26 00:54:35.889088,0 days 00:00:02.832823,300.0,-140.0,0.2,900.0,490.0,2.0,COMPLETE,,,,,,,,
311.0,0.0005919637035064982,2024-04-26 00:54:35.890092,2024-04-26 00:54:38.779525,0 days 00:00:02.889433,320.0,-140.0,0.2,900.0,490.0,2.0,COMPLETE,,,,,,,,
312.0,0.000781946467831085,2024-04-26 00:54:38.780526,2024-04-26 00:54:41.716702,0 days 00:00:02.936176,300.0,-140.0,0.2,900.0,490.0,2.0,COMPLETE,,,,,,,,
313.0,0.00015251668767329594,2024-04-26 00:54:41.718337,2024-04-26 00:54:44.579093,0 days 00:00:02.860756,320.0,-280.0,0.2,900.0,490.0,1.0,COMPLETE,,,,,,,,
314.0,8.969500368848963e-05,2024-04-26 00:54:44.580094,2024-04-26 00:54:47.320149,0 days 00:00:02.740055,300.0,-420.0,0.2,860.0,490.0,2.0,COMPLETE,,,,,,,,
315.0,0.0007696323708376955,2024-04-26 00:54:47.322126,2024-04-26 00:54:50.136549,0 days 00:00:02.814423,280.0,-300.0,0.2,900.0,490.0,2.0,COMPLETE,,,,,,,,
316.0,0.0002535776923086071,2024-04-26 00:54:50.137549,2024-04-26 00:54:52.871283,0 days 00:00:02.733734,280.0,-120.0,0.2,860.0,490.0,2.0,COMPLETE,,,,,,,,
317.0,0.002805694317728806,2024-04-26 00:54:52.872283,2024-04-26 00:54:55.462041,0 days 00:00:02.589758,300.0,-140.0,0.2,860.0,470.0,2.0,COMPLETE,,,,,,,,
318.0,0.0034225701981746596,2024-04-26 00:54:55.463059,2024-04-26 00:54:58.321061,0 days 00:00:02.858002,280.0,-100.0,0.2,900.0,490.0,2.0,COMPLETE,,,,,,,,
319.0,0.0005831278752794152,2024-04-26 00:54:58.322054,2024-04-26 00:55:00.819541,0 days 00:00:02.497487,320.0,-220.0,0.2,820.0,470.0,2.0,COMPLETE,,,,,,,,
320.0,0.00037747802704767843,2024-04-26 00:55:00.820543,2024-04-26 00:55:03.469195,0 days 00:00:02.648652,260.0,-480.0,0.2,860.0,470.0,2.0,COMPLETE,,,,,,,,
321.0,5.0034374188098064e-05,2024-04-26 00:55:03.471188,2024-04-26 00:55:06.299081,0 days 00:00:02.827893,320.0,-160.0,0.2,900.0,490.0,2.0,COMPLETE,,,,,,,,
322.0,0.0009157677946835664,2024-04-26 00:55:06.302081,2024-04-26 00:55:09.181433,0 days 00:00:02.879352,300.0,-140.0,0.2,900.0,490.0,2.0,COMPLETE,,,,,,,,
323.0,9.020556251971525e-06,2024-04-26 00:55:09.183432,2024-04-26 00:55:12.164966,0 days 00:00:02.981534,320.0,-160.0,0.2,940.0,490.0,2.0,COMPLETE,,,,,,,,
324.0,7.384319425542353e-05,2024-04-26 00:55:12.165969,2024-04-26 00:55:14.975995,0 days 00:00:02.810026,320.0,-160.0,0.2,900.0,490.0,2.0,COMPLETE,,,,,,,,
325.0,0.00229979009273676,2024-04-26 00:55:14.977974,2024-04-26 00:55:17.933088,0 days 00:00:02.955114,320.0,-160.0,0.2,940.0,490.0,2.0,COMPLETE,,,,,,,,
326.0,0.0005232809754451789,2024-04-26 00:55:17.935086,2024-04-26 00:55:20.769334,0 days 00:00:02.834248,320.0,-180.0,0.2,900.0,490.0,1.0,COMPLETE,,,,,,,,
327.0,0.0008219576784049965,2024-04-26 00:55:20.771365,2024-04-26 00:55:23.734441,0 days 00:00:02.963076,340.0,-160.0,0.2,940.0,490.0,2.0,COMPLETE,,,,,,,,
328.0,0.0004394783668252464,2024-04-26 00:55:23.735430,2024-04-26 00:55:26.547397,0 days 00:00:02.811967,300.0,-200.0,0.2,940.0,470.0,2.0,COMPLETE,,,,,,,,
329.0,0.00043700301543458887,2024-04-26 00:55:26.549397,2024-04-26 00:55:29.400258,0 days 00:00:02.850861,300.0,-140.0,0.2,900.0,490.0,2.0,COMPLETE,,,,,,,,
330.0,0.0009266182705063147,2024-04-26 00:55:29.402260,2024-04-26 00:55:32.201670,0 days 00:00:02.799410,340.0,-160.0,0.2,900.0,490.0,2.0,COMPLETE,,,,,,,,
331.0,0.0006418413152439146,2024-04-26 00:55:32.202694,2024-04-26 00:55:35.377873,0 days 00:00:03.175179,320.0,-140.0,0.6,940.0,470.0,2.0,COMPLETE,,,,,,,,
332.0,0.0010019472142300347,2024-04-26 00:55:35.379877,2024-04-26 00:55:38.071941,0 days 00:00:02.692064,360.0,-120.0,0.2,860.0,490.0,2.0,COMPLETE,,,,,,,,
333.0,0.0015804381710171145,2024-04-26 00:55:38.073921,2024-04-26 00:55:39.595274,0 days 00:00:01.521353,320.0,-180.0,0.2,820.0,290.0,2.0,COMPLETE,,,,,,,,
334.0,0.0023236823756355085,2024-04-26 00:55:39.597274,2024-04-26 00:55:42.318063,0 days 00:00:02.720789,300.0,-160.0,0.2,900.0,470.0,1.0,COMPLETE,,,,,,,,
335.0,0.00034270504574152364,2024-04-26 00:55:42.320070,2024-04-26 00:55:45.284953,0 days 00:00:02.964883,320.0,-140.0,0.2,940.0,490.0,2.0,COMPLETE,,,,,,,,
336.0,9.6470719414957e-05,2024-04-26 00:55:45.285952,2024-04-26 00:55:46.315814,0 days 00:00:01.029862,300.0,-120.0,0.2,860.0,190.0,2.0,COMPLETE,,,,,,,,
337.0,0.0022057092592344773,2024-04-26 00:55:46.317828,2024-04-26 00:55:47.693813,0 days 00:00:01.375985,280.0,-160.0,0.2,940.0,230.0,2.0,COMPLETE,,,,,,,,
338.0,8.642968796446579e-05,2024-04-26 00:55:47.695816,2024-04-26 00:55:50.280787,0 days 00:00:02.584971,340.0,-140.0,0.2,860.0,470.0,2.0,COMPLETE,,,,,,,,
339.0,0.00019753287474370807,2024-04-26 00:55:50.282783,2024-04-26 00:55:53.006324,0 days 00:00:02.723541,320.0,-180.0,0.2,900.0,470.0,2.0,COMPLETE,,,,,,,,
340.0,0.00011598460043124486,2024-04-26 00:55:53.008329,2024-04-26 00:55:55.599893,0 days 00:00:02.591564,360.0,-160.0,0.2,820.0,490.0,2.0,COMPLETE,,,,,,,,
341.0,0.00048573620402438697,2024-04-26 00:55:55.600872,2024-04-26 00:55:57.841314,0 days 00:00:02.240442,400.0,-140.0,0.2,700.0,490.0,2.0,COMPLETE,,,,,,,,
342.0,0.0024831809002133615,2024-04-26 00:55:57.842334,2024-04-26 00:55:58.847678,0 days 00:00:01.005344,500.0,-120.0,0.2,940.0,170.0,2.0,COMPLETE,,,,,,,,
343.0,0.0008077643879281536,2024-04-26 00:55:58.849682,2024-04-26 00:56:01.188370,0 days 00:00:02.338688,500.0,-140.0,0.2,780.0,470.0,2.0,COMPLETE,,,,,,,,
344.0,0.000642257973501807,2024-04-26 00:56:01.189371,2024-04-26 00:56:04.149359,0 days 00:00:02.959988,320.0,-100.0,0.5,900.0,470.0,2.0,COMPLETE,,,,,,,,
345.0,0.0018005099520334421,2024-04-26 00:56:04.150358,2024-04-26 00:56:06.782355,0 days 00:00:02.631997,400.0,-120.0,0.2,820.0,490.0,1.0,COMPLETE,,,,,,,,
346.0,0.0006887078604781138,2024-04-26 00:56:06.783356,2024-04-26 00:56:10.014195,0 days 00:00:03.230839,340.0,-160.0,0.9,860.0,490.0,2.0,COMPLETE,,,,,,,,
347.0,0.000378913506327098,2024-04-26 00:56:10.015212,2024-04-26 00:56:12.875019,0 days 00:00:02.859807,300.0,-180.0,0.2,940.0,470.0,2.0,COMPLETE,,,,,,,,
348.0,0.0008313322707024107,2024-04-26 00:56:12.877020,2024-04-26 00:56:15.439510,0 days 00:00:02.562490,360.0,-120.0,0.2,820.0,490.0,2.0,COMPLETE,,,,,,,,
349.0,0.0016050264221383398,2024-04-26 00:56:15.440486,2024-04-26 00:56:18.066124,0 days 00:00:02.625638,260.0,-80.0,0.2,860.0,470.0,2.0,COMPLETE,,,,,,,,
350.0,0.002580167908888678,2024-04-26 00:56:18.068140,2024-04-26 00:56:19.247142,0 days 00:00:01.179002,280.0,-140.0,0.2,900.0,210.0,2.0,COMPLETE,,,,,,,,
351.0,0.0007687972880684574,2024-04-26 00:56:19.248142,2024-04-26 00:56:21.892673,0 days 00:00:02.644531,380.0,-160.0,0.2,860.0,470.0,2.0,COMPLETE,,,,,,,,
352.0,0.00143641703000639,2024-04-26 00:56:21.893639,2024-04-26 00:56:24.938831,0 days 00:00:03.045192,340.0,-260.0,0.30000000000000004,940.0,490.0,2.0,COMPLETE,,,,,,,,
353.0,0.013980953189621358,2024-04-26 00:56:24.940806,2024-04-26 00:56:25.392805,0 days 00:00:00.451999,400.0,-200.0,1.0,980.0,50.0,2.0,COMPLETE,,,,,,,,
354.0,0.0007979585459225389,2024-04-26 00:56:25.393828,2024-04-26 00:56:26.546747,0 days 00:00:01.152919,380.0,-140.0,0.1,940.0,190.0,2.0,COMPLETE,,,,,,,,
355.0,0.0005862954414640266,2024-04-26 00:56:26.548767,2024-04-26 00:56:29.305435,0 days 00:00:02.756668,220.0,-100.0,0.2,900.0,470.0,1.0,COMPLETE,,,,,,,,
356.0,0.00030852181555001394,2024-04-26 00:56:29.307354,2024-04-26 00:56:31.902383,0 days 00:00:02.595029,220.0,-160.0,0.2,820.0,490.0,2.0,COMPLETE,,,,,,,,
357.0,0.001495398090114361,2024-04-26 00:56:31.903385,2024-04-26 00:56:34.385186,0 days 00:00:02.481801,300.0,-120.0,0.1,780.0,490.0,2.0,COMPLETE,,,,,,,,
358.0,0.001356784761484885,2024-04-26 00:56:34.387187,2024-04-26 00:56:36.109273,0 days 00:00:01.722086,500.0,-180.0,0.30000000000000004,860.0,310.0,2.0,COMPLETE,,,,,,,,
359.0,0.00040603413693815076,2024-04-26 00:56:36.110272,2024-04-26 00:56:39.075854,0 days 00:00:02.965582,240.0,-160.0,0.2,980.0,470.0,2.0,COMPLETE,,,,,,,,
360.0,0.000530356697749452,2024-04-26 00:56:39.076855,2024-04-26 00:56:42.053294,0 days 00:00:02.976439,360.0,-280.0,0.5,900.0,470.0,2.0,COMPLETE,,,,,,,,
361.0,0.0006970341204094653,2024-04-26 00:56:42.054273,2024-04-26 00:56:45.015246,0 days 00:00:02.960973,160.0,-140.0,0.1,980.0,490.0,2.0,COMPLETE,,,,,,,,
362.0,0.0003375439356684901,2024-04-26 00:56:45.016246,2024-04-26 00:56:47.860913,0 days 00:00:02.844667,200.0,-300.0,0.2,940.0,470.0,2.0,COMPLETE,,,,,,,,
363.0,2.5871958077694203e-05,2024-04-26 00:56:47.861914,2024-04-26 00:56:50.852154,0 days 00:00:02.990240,400.0,-160.0,0.6,860.0,490.0,2.0,COMPLETE,,,,,,,,
364.0,0.0004087868072225439,2024-04-26 00:56:50.854154,2024-04-26 00:56:54.036443,0 days 00:00:03.182289,400.0,-180.0,0.7000000000000001,900.0,470.0,2.0,COMPLETE,,,,,,,,
365.0,0.001374104554725657,2024-04-26 00:56:54.037445,2024-04-26 00:56:57.045358,0 days 00:00:03.007913,380.0,-160.0,0.8,820.0,490.0,2.0,COMPLETE,,,,,,,,
366.0,0.001055835514395323,2024-04-26 00:56:57.046357,2024-04-26 00:56:59.821140,0 days 00:00:02.774783,400.0,-180.0,0.30000000000000004,860.0,470.0,2.0,COMPLETE,,,,,,,,
367.0,0.0013359579608113925,2024-04-26 00:56:59.822141,2024-04-26 00:57:02.094052,0 days 00:00:02.271911,380.0,-160.0,0.6,620.0,490.0,1.0,COMPLETE,,,,,,,,
368.0,0.003827277232994689,2024-04-26 00:57:02.095018,2024-04-26 00:57:05.416127,0 days 00:00:03.321109,420.0,-160.0,0.7000000000000001,940.0,470.0,2.0,COMPLETE,,,,,,,,
369.0,0.004397921583477392,2024-04-26 00:57:05.417129,2024-04-26 00:57:06.570127,0 days 00:00:01.152998,400.0,-180.0,0.1,900.0,210.0,2.0,COMPLETE,,,,,,,,
370.0,0.001060892392972075,2024-04-26 00:57:06.572106,2024-04-26 00:57:10.365850,0 days 00:00:03.793744,380.0,-100.0,1.0,980.0,490.0,2.0,COMPLETE,,,,,,,,
371.0,0.0008551963453419442,2024-04-26 00:57:10.366833,2024-04-26 00:57:12.696817,0 days 00:00:02.329984,500.0,-160.0,0.1,820.0,450.0,2.0,COMPLETE,,,,,,,,
372.0,0.000208829477301979,2024-04-26 00:57:12.697814,2024-04-26 00:57:15.574504,0 days 00:00:02.876690,420.0,-140.0,0.6,860.0,470.0,2.0,COMPLETE,,,,,,,,
373.0,0.0022043075558718273,2024-04-26 00:57:15.575483,2024-04-26 00:57:18.639416,0 days 00:00:03.063933,220.0,-200.0,0.30000000000000004,940.0,490.0,2.0,COMPLETE,,,,,,,,
374.0,0.000473825195154157,2024-04-26 00:57:18.640439,2024-04-26 00:57:20.943345,0 days 00:00:02.302906,360.0,-120.0,0.30000000000000004,780.0,450.0,2.0,COMPLETE,,,,,,,,
375.0,0.00032919480895827926,2024-04-26 00:57:20.945331,2024-04-26 00:57:22.535558,0 days 00:00:01.590227,400.0,-140.0,0.1,500.0,490.0,2.0,COMPLETE,,,,,,,,
376.0,0.0010448175539621866,2024-04-26 00:57:22.537566,2024-04-26 00:57:26.044038,0 days 00:00:03.506472,20.0,-120.0,0.8,980.0,470.0,2.0,COMPLETE,,,,,,,,
377.0,0.006367119283129583,2024-04-26 00:57:26.046042,2024-04-26 00:57:27.437697,0 days 00:00:01.391655,260.0,-300.0,0.5,740.0,270.0,1.0,COMPLETE,,,,,,,,
378.0,9.202730454726567e-05,2024-04-26 00:57:27.439672,2024-04-26 00:57:30.205292,0 days 00:00:02.765620,200.0,-160.0,0.1,900.0,490.0,2.0,COMPLETE,,,,,,,,
379.0,0.0003258560951388042,2024-04-26 00:57:30.206299,2024-04-26 00:57:32.779332,0 days 00:00:02.573033,220.0,-240.0,0.30000000000000004,860.0,450.0,2.0,COMPLETE,,,,,,,,
380.0,0.0007111497857031665,2024-04-26 00:57:32.781311,2024-04-26 00:57:35.622374,0 days 00:00:02.841063,340.0,-180.0,0.1,980.0,470.0,2.0,COMPLETE,,,,,,,,
381.0,0.005683584597043909,2024-04-26 00:57:35.624386,2024-04-26 00:57:37.202341,0 days 00:00:01.577955,240.0,-140.0,0.4,940.0,250.0,2.0,COMPLETE,,,,,,,,
382.0,0.00038306864734336096,2024-04-26 00:57:37.204342,2024-04-26 00:57:38.294342,0 days 00:00:01.090000,480.0,-100.0,0.1,900.0,190.0,2.0,COMPLETE,,,,,,,,
383.0,0.0004493337719272357,2024-04-26 00:57:38.295341,2024-04-26 00:57:40.908497,0 days 00:00:02.613156,380.0,-160.0,0.2,820.0,490.0,2.0,COMPLETE,,,,,,,,
384.0,0.0025251117410028862,2024-04-26 00:57:40.909498,2024-04-26 00:57:43.570924,0 days 00:00:02.661426,420.0,-120.0,0.30000000000000004,860.0,470.0,2.0,COMPLETE,,,,,,,,
385.0,0.0008031121226394424,2024-04-26 00:57:43.572897,2024-04-26 00:57:46.183215,0 days 00:00:02.610318,500.0,-320.0,0.1,980.0,430.0,2.0,COMPLETE,,,,,,,,
386.0,0.0056691358286337,2024-04-26 00:57:46.184204,2024-04-26 00:57:47.003214,0 days 00:00:00.819010,400.0,-280.0,0.30000000000000004,940.0,130.0,1.0,COMPLETE,,,,,,,,
387.0,0.00108480670398875,2024-04-26 00:57:47.005217,2024-04-26 00:57:49.616207,0 days 00:00:02.610990,180.0,-140.0,0.2,900.0,450.0,2.0,COMPLETE,,,,,,,,
388.0,0.0006386331259281783,2024-04-26 00:57:49.617220,2024-04-26 00:57:52.037302,0 days 00:00:02.420082,320.0,-80.0,0.1,820.0,470.0,2.0,COMPLETE,,,,,,,,
389.0,0.004271848520606967,2024-04-26 00:57:52.038303,2024-04-26 00:57:52.889760,0 days 00:00:00.851457,360.0,-180.0,0.2,780.0,170.0,2.0,COMPLETE,,,,,,,,
390.0,0.0008092364164792729,2024-04-26 00:57:52.890762,2024-04-26 00:57:55.951471,0 days 00:00:03.060709,480.0,-140.0,0.30000000000000004,940.0,490.0,2.0,COMPLETE,,,,,,,,
391.0,0.0015544139232468003,2024-04-26 00:57:55.953500,2024-04-26 00:57:57.148302,0 days 00:00:01.194802,240.0,-300.0,0.1,860.0,230.0,2.0,COMPLETE,,,,,,,,
392.0,0.00027853066845098784,2024-04-26 00:57:57.149302,2024-04-26 00:58:00.239127,0 days 00:00:03.089825,200.0,-120.0,0.2,980.0,490.0,2.0,COMPLETE,,,,,,,,
393.0,0.0003189845262284814,2024-04-26 00:58:00.240104,2024-04-26 00:58:02.847412,0 days 00:00:02.607308,380.0,-160.0,0.2,900.0,450.0,2.0,COMPLETE,,,,,,,,
394.0,0.0004170638165936734,2024-04-26 00:58:02.848412,2024-04-26 00:58:05.383445,0 days 00:00:02.535033,220.0,-160.0,0.1,860.0,470.0,2.0,COMPLETE,,,,,,,,
395.0,0.00027799494884950813,2024-04-26 00:58:05.384423,2024-04-26 00:58:08.383639,0 days 00:00:02.999216,500.0,-140.0,0.30000000000000004,940.0,470.0,2.0,COMPLETE,,,,,,,,
396.0,0.0013151545148931832,2024-04-26 00:58:08.385616,2024-04-26 00:58:10.768563,0 days 00:00:02.382947,420.0,-180.0,0.4,820.0,430.0,2.0,COMPLETE,,,,,,,,
397.0,0.0008047538695965422,2024-04-26 00:58:10.769563,2024-04-26 00:58:14.165259,0 days 00:00:03.395696,400.0,-120.0,0.5,980.0,490.0,2.0,COMPLETE,,,,,,,,
398.0,0.0002685684646295564,2024-04-26 00:58:14.167241,2024-04-26 00:58:16.938612,0 days 00:00:02.771371,180.0,-100.0,0.2,940.0,450.0,1.0,COMPLETE,,,,,,,,
399.0,9.140558513154174e-06,2024-04-26 00:58:16.939590,2024-04-26 00:58:20.334157,0 days 00:00:03.394567,340.0,-160.0,0.9,900.0,490.0,2.0,COMPLETE,,,,,,,,
400.0,0.00018582724564222895,2024-04-26 00:58:20.335166,2024-04-26 00:58:21.463158,0 days 00:00:01.127992,340.0,-160.0,0.1,340.0,490.0,2.0,COMPLETE,,,,,,,,
401.0,0.0011622623525591258,2024-04-26 00:58:21.465166,2024-04-26 00:58:25.020519,0 days 00:00:03.555353,340.0,-200.0,0.9,900.0,490.0,2.0,COMPLETE,,,,,,,,
402.0,0.0018014780713498353,2024-04-26 00:58:25.021525,2024-04-26 00:58:28.547615,0 days 00:00:03.526090,320.0,-160.0,0.9,940.0,490.0,2.0,COMPLETE,,,,,,,,
403.0,0.00032088447842757437,2024-04-26 00:58:28.548614,2024-04-26 00:58:31.775331,0 days 00:00:03.226717,360.0,-180.0,0.8,900.0,470.0,2.0,COMPLETE,,,,,,,,
404.0,0.0014543128721286405,2024-04-26 00:58:31.777353,2024-04-26 00:58:35.259362,0 days 00:00:03.482009,320.0,-160.0,0.6,980.0,490.0,2.0,COMPLETE,,,,,,,,
405.0,2.1630726913612096e-05,2024-04-26 00:58:35.260340,2024-04-26 00:58:38.028297,0 days 00:00:02.767957,340.0,-180.0,0.1,900.0,490.0,2.0,COMPLETE,,,,,,,,
406.0,0.0018498484611191046,2024-04-26 00:58:38.030301,2024-04-26 00:58:41.490175,0 days 00:00:03.459874,360.0,-220.0,0.9,900.0,490.0,2.0,COMPLETE,,,,,,,,
407.0,0.003094889985085156,2024-04-26 00:58:41.491140,2024-04-26 00:58:44.320528,0 days 00:00:02.829388,340.0,-200.0,0.1,900.0,490.0,2.0,COMPLETE,,,,,,,,
408.0,2.8173173087171992e-05,2024-04-26 00:58:44.321531,2024-04-26 00:58:47.061793,0 days 00:00:02.740262,340.0,-180.0,0.1,940.0,470.0,2.0,COMPLETE,,,,,,,,
409.0,0.00021388638127812652,2024-04-26 00:58:47.062769,2024-04-26 00:58:50.669729,0 days 00:00:03.606960,340.0,-180.0,0.9,940.0,470.0,2.0,COMPLETE,,,,,,,,
410.0,0.0015891219767848793,2024-04-26 00:58:50.670732,2024-04-26 00:58:54.293147,0 days 00:00:03.622415,340.0,-180.0,0.9,940.0,490.0,2.0,COMPLETE,,,,,,,,
411.0,0.001347978709026125,2024-04-26 00:58:54.295125,2024-04-26 00:58:57.628107,0 days 00:00:03.332982,340.0,-200.0,0.9,900.0,470.0,2.0,COMPLETE,,,,,,,,
412.0,0.0001617802339077819,2024-04-26 00:58:57.629107,2024-04-26 00:59:00.519587,0 days 00:00:02.890480,320.0,-160.0,0.1,900.0,490.0,2.0,COMPLETE,,,,,,,,
413.0,0.0010772695023320282,2024-04-26 00:59:00.521449,2024-04-26 00:59:03.231389,0 days 00:00:02.709940,360.0,-160.0,0.1,900.0,470.0,2.0,COMPLETE,,,,,,,,
414.0,0.01084488992298944,2024-04-26 00:59:03.233394,2024-04-26 00:59:03.545410,0 days 00:00:00.312016,340.0,-180.0,0.9,940.0,30.0,2.0,COMPLETE,,,,,,,,
415.0,0.004968462376560478,2024-04-26 00:59:03.547415,2024-04-26 00:59:04.210391,0 days 00:00:00.662976,360.0,-320.0,0.1,940.0,110.0,2.0,COMPLETE,,,,,,,,
416.0,6.39902897012215e-05,2024-04-26 00:59:04.212394,2024-04-26 00:59:06.899278,0 days 00:00:02.686884,320.0,-160.0,0.1,900.0,470.0,2.0,COMPLETE,,,,,,,,
417.0,0.001631223127781142,2024-04-26 00:59:06.901283,2024-04-26 00:59:09.556673,0 days 00:00:02.655390,360.0,-140.0,0.1,860.0,490.0,2.0,COMPLETE,,,,,,,,
418.0,0.0002261864263751687,2024-04-26 00:59:09.557675,2024-04-26 00:59:12.345348,0 days 00:00:02.787673,340.0,-300.0,0.1,900.0,490.0,2.0,COMPLETE,,,,,,,,
419.0,0.0007886093587869112,2024-04-26 00:59:12.346349,2024-04-26 00:59:15.213503,0 days 00:00:02.867154,320.0,-280.0,0.2,940.0,470.0,2.0,COMPLETE,,,,,,,,
420.0,0.0009661798861612737,2024-04-26 00:59:15.215505,2024-04-26 00:59:17.947301,0 days 00:00:02.731796,340.0,-160.0,0.2,860.0,490.0,2.0,COMPLETE,,,,,,,,
421.0,0.0015930034046178836,2024-04-26 00:59:17.949300,2024-04-26 00:59:21.547497,0 days 00:00:03.598197,380.0,-160.0,0.9,940.0,470.0,2.0,COMPLETE,,,,,,,,
422.0,0.0005324780887563986,2024-04-26 00:59:21.549493,2024-04-26 00:59:24.359255,0 days 00:00:02.809762,340.0,-180.0,0.1,900.0,490.0,2.0,COMPLETE,,,,,,,,
423.0,0.0013801308473185845,2024-04-26 00:59:24.360255,2024-04-26 00:59:26.970672,0 days 00:00:02.610417,320.0,-140.0,0.2,860.0,470.0,2.0,COMPLETE,,,,,,,,
424.0,0.0024742414021256603,2024-04-26 00:59:26.971648,2024-04-26 00:59:30.812592,0 days 00:00:03.840944,320.0,-180.0,1.0,980.0,490.0,2.0,COMPLETE,,,,,,,,
425.0,0.0007683690018091926,2024-04-26 00:59:30.813587,2024-04-26 00:59:32.476587,0 days 00:00:01.663000,360.0,-140.0,0.1,540.0,470.0,2.0,COMPLETE,,,,,,,,
426.0,0.00026044901560189575,2024-04-26 00:59:32.477588,2024-04-26 00:59:35.493101,0 days 00:00:03.015513,340.0,-260.0,0.2,940.0,490.0,2.0,COMPLETE,,,,,,,,
427.0,0.001279548315743078,2024-04-26 00:59:35.495102,2024-04-26 00:59:38.134654,0 days 00:00:02.639552,380.0,-200.0,0.1,900.0,470.0,2.0,COMPLETE,,,,,,,,
428.0,0.0002709340943389797,2024-04-26 00:59:38.135653,2024-04-26 00:59:41.046971,0 days 00:00:02.911318,360.0,-160.0,0.2,900.0,490.0,2.0,COMPLETE,,,,,,,,
429.0,0.0004472401421821455,2024-04-26 00:59:41.048953,2024-04-26 00:59:43.967681,0 days 00:00:02.918728,300.0,-140.0,0.1,980.0,470.0,2.0,COMPLETE,,,,,,,,
430.0,7.066949961253004e-05,2024-04-26 00:59:43.968659,2024-04-26 00:59:46.944029,0 days 00:00:02.975370,320.0,-180.0,0.2,940.0,490.0,2.0,COMPLETE,,,,,,,,
431.0,0.0013872418331450226,2024-04-26 00:59:46.946033,2024-04-26 00:59:49.403041,0 days 00:00:02.457008,380.0,-160.0,0.1,860.0,450.0,2.0,COMPLETE,,,,,,,,
432.0,0.0013494575843972527,2024-04-26 00:59:49.405041,2024-04-26 00:59:52.226016,0 days 00:00:02.820975,360.0,-140.0,0.1,940.0,470.0,2.0,COMPLETE,,,,,,,,
433.0,0.0006434886427224649,2024-04-26 00:59:52.227016,2024-04-26 00:59:55.080636,0 days 00:00:02.853620,400.0,-320.0,0.2,900.0,490.0,2.0,COMPLETE,,,,,,,,
434.0,0.0004065299993474546,2024-04-26 00:59:55.081632,2024-04-26 00:59:57.542371,0 days 00:00:02.460739,340.0,-400.0,0.1,860.0,450.0,2.0,COMPLETE,,,,,,,,
435.0,0.0015521593938803745,2024-04-26 00:59:57.544374,2024-04-26 00:59:59.373059,0 days 00:00:01.828685,500.0,-300.0,0.2,980.0,290.0,2.0,COMPLETE,,,,,,,,
436.0,0.0014096792576798285,2024-04-26 00:59:59.374081,2024-04-26 01:00:02.084401,0 days 00:00:02.710320,300.0,-160.0,0.2,860.0,490.0,2.0,COMPLETE,,,,,,,,
437.0,0.0067616481834671845,2024-04-26 01:00:02.085400,2024-04-26 01:00:04.056807,0 days 00:00:01.971407,380.0,-180.0,0.1,940.0,330.0,2.0,COMPLETE,,,,,,,,
438.0,0.0013750997831598944,2024-04-26 01:00:04.058807,2024-04-26 01:00:06.835014,0 days 00:00:02.776207,400.0,-140.0,0.2,900.0,470.0,2.0,COMPLETE,,,,,,,,
439.0,0.0026026276016323435,2024-04-26 01:00:06.836015,2024-04-26 01:00:09.518033,0 days 00:00:02.682018,320.0,-160.0,0.4,820.0,470.0,2.0,COMPLETE,,,,,,,,
440.0,0.0011246260657497113,2024-04-26 01:00:09.520036,2024-04-26 01:00:10.727604,0 days 00:00:01.207568,420.0,-140.0,0.1,380.0,490.0,2.0,COMPLETE,,,,,,,,
441.0,0.00031844151985510583,2024-04-26 01:00:10.728631,2024-04-26 01:00:13.622185,0 days 00:00:02.893554,360.0,-160.0,0.2,980.0,450.0,2.0,COMPLETE,,,,,,,,
442.0,0.0013111260246491026,2024-04-26 01:00:13.623188,2024-04-26 01:00:16.080378,0 days 00:00:02.457190,340.0,-180.0,0.5,700.0,490.0,2.0,COMPLETE,,,,,,,,
443.0,0.0003117636333674811,2024-04-26 01:00:16.082379,2024-04-26 01:00:19.120413,0 days 00:00:03.038034,280.0,-200.0,0.8,860.0,470.0,2.0,COMPLETE,,,,,,,,
444.0,0.0004553227216235062,2024-04-26 01:00:19.122414,2024-04-26 01:00:22.107355,0 days 00:00:02.984941,500.0,-160.0,0.2,940.0,490.0,2.0,COMPLETE,,,,,,,,
445.0,0.0004427674830601442,2024-04-26 01:00:22.109354,2024-04-26 01:00:25.286733,0 days 00:00:03.177379,480.0,-140.0,0.9,900.0,450.0,2.0,COMPLETE,,,,,,,,
446.0,0.0007629137309702324,2024-04-26 01:00:25.288745,2024-04-26 01:00:28.155599,0 days 00:00:02.866854,320.0,-320.0,0.1,980.0,470.0,2.0,COMPLETE,,,,,,,,
447.0,0.0008367443641467214,2024-04-26 01:00:28.156609,2024-04-26 01:00:30.958026,0 days 00:00:02.801417,380.0,-160.0,0.1,940.0,470.0,2.0,COMPLETE,,,,,,,,
448.0,0.0033904628227490775,2024-04-26 01:00:30.959025,2024-04-26 01:00:34.170209,0 days 00:00:03.211184,340.0,-280.0,0.6,900.0,490.0,2.0,COMPLETE,,,,,,,,
449.0,0.00010990591972428321,2024-04-26 01:00:34.172212,2024-04-26 01:00:36.563260,0 days 00:00:02.391048,300.0,-140.0,0.2,820.0,450.0,2.0,COMPLETE,,,,,,,,
450.0,0.0012549651526225123,2024-04-26 01:00:36.565261,2024-04-26 01:00:37.150033,0 days 00:00:00.584772,400.0,-180.0,0.1,980.0,90.0,2.0,COMPLETE,,,,,,,,
451.0,0.0010775674048056065,2024-04-26 01:00:37.151033,2024-04-26 01:00:39.778504,0 days 00:00:02.627471,120.0,-140.0,0.2,860.0,470.0,2.0,COMPLETE,,,,,,,,
452.0,0.0005480107818108008,2024-04-26 01:00:39.779504,2024-04-26 01:00:42.534385,0 days 00:00:02.754881,480.0,-160.0,0.1,900.0,490.0,2.0,COMPLETE,,,,,,,,
453.0,9.828831081489765e-06,2024-04-26 01:00:42.536386,2024-04-26 01:00:45.543897,0 days 00:00:03.007511,420.0,-300.0,0.2,940.0,490.0,2.0,COMPLETE,,,,,,,,
454.0,0.0005415185288606759,2024-04-26 01:00:45.544896,2024-04-26 01:00:48.721626,0 days 00:00:03.176730,420.0,-300.0,0.7000000000000001,940.0,450.0,2.0,COMPLETE,,,,,,,,
455.0,0.004332531673521875,2024-04-26 01:00:48.723679,2024-04-26 01:00:50.303900,0 days 00:00:01.580221,420.0,-300.0,0.1,580.0,430.0,2.0,COMPLETE,,,,,,,,
456.0,5.792219978340215e-05,2024-04-26 01:00:50.304881,2024-04-26 01:00:53.185369,0 days 00:00:02.880488,440.0,-280.0,0.2,940.0,470.0,2.0,COMPLETE,,,,,,,,
457.0,0.0006865362866278271,2024-04-26 01:00:53.186369,2024-04-26 01:00:54.191305,0 days 00:00:01.004936,420.0,-300.0,0.4,980.0,150.0,2.0,COMPLETE,,,,,,,,
458.0,0.0010197813225090366,2024-04-26 01:00:54.193303,2024-04-26 01:00:57.235550,0 days 00:00:03.042247,380.0,-320.0,0.2,940.0,490.0,2.0,COMPLETE,,,,,,,,
459.0,0.0005895177693871154,2024-04-26 01:00:57.236560,2024-04-26 01:01:00.248951,0 days 00:00:03.012391,400.0,-300.0,0.1,980.0,470.0,2.0,COMPLETE,,,,,,,,
460.0,0.00017859291800133759,2024-04-26 01:01:00.249954,2024-04-26 01:01:03.247293,0 days 00:00:02.997339,440.0,-320.0,0.2,940.0,490.0,2.0,COMPLETE,,,,,,,,
461.0,0.002082241965798671,2024-04-26 01:01:03.249291,2024-04-26 01:01:05.881221,0 days 00:00:02.631930,420.0,-280.0,0.1,940.0,450.0,2.0,COMPLETE,,,,,,,,
462.0,0.0005556339559979831,2024-04-26 01:01:05.882222,2024-04-26 01:01:08.892183,0 days 00:00:03.009961,400.0,-340.0,0.2,980.0,470.0,2.0,COMPLETE,,,,,,,,
463.0,0.0009425877173614788,2024-04-26 01:01:08.893183,2024-04-26 01:01:11.962363,0 days 00:00:03.069180,360.0,-320.0,0.4,900.0,490.0,2.0,COMPLETE,,,,,,,,
464.0,0.005112342473947774,2024-04-26 01:01:11.964353,2024-04-26 01:01:12.452364,0 days 00:00:00.488011,320.0,-360.0,0.1,140.0,470.0,2.0,COMPLETE,,,,,,,,
465.0,0.0014051469867422534,2024-04-26 01:01:12.453363,2024-04-26 01:01:15.414765,0 days 00:00:02.961402,340.0,-300.0,0.5,980.0,430.0,2.0,COMPLETE,,,,,,,,
466.0,6.627188164532982e-05,2024-04-26 01:01:15.415763,2024-04-26 01:01:18.464348,0 days 00:00:03.048585,440.0,-80.0,0.2,940.0,490.0,2.0,COMPLETE,,,,,,,,
467.0,0.0006186583106784801,2024-04-26 01:01:18.465370,2024-04-26 01:01:21.092524,0 days 00:00:02.627154,400.0,-120.0,0.1,900.0,450.0,2.0,COMPLETE,,,,,,,,
468.0,0.0017505077241777211,2024-04-26 01:01:21.093545,2024-04-26 01:01:24.026539,0 days 00:00:02.932994,420.0,-140.0,0.2,940.0,470.0,2.0,COMPLETE,,,,,,,,
469.0,0.0015438731427941923,2024-04-26 01:01:24.028516,2024-04-26 01:01:27.086306,0 days 00:00:03.057790,380.0,-260.0,0.1,980.0,490.0,2.0,COMPLETE,,,,,,,,
470.0,1.412705201845916e-05,2024-04-26 01:01:27.087308,2024-04-26 01:01:28.112303,0 days 00:00:01.024995,320.0,-180.0,0.2,300.0,490.0,2.0,COMPLETE,,,,,,,,
471.0,0.010166084158593595,2024-04-26 01:01:28.114328,2024-04-26 01:01:28.514127,0 days 00:00:00.399799,160.0,-200.0,0.1,100.0,450.0,2.0,COMPLETE,,,,,,,,
472.0,0.0009871770807726324,2024-04-26 01:01:28.515134,2024-04-26 01:01:29.239353,0 days 00:00:00.724219,360.0,-180.0,0.2,220.0,470.0,2.0,COMPLETE,,,,,,,,
473.0,0.02073733868810387,2024-04-26 01:01:29.241374,2024-04-26 01:01:29.760375,0 days 00:00:00.519001,300.0,-200.0,1.0,460.0,130.0,2.0,COMPLETE,,,,,,,,
474.0,0.005990777508764096,2024-04-26 01:01:29.761375,2024-04-26 01:01:30.739317,0 days 00:00:00.977942,340.0,-180.0,0.1,300.0,490.0,2.0,COMPLETE,,,,,,,,
475.0,0.0021690887736363186,2024-04-26 01:01:30.741315,2024-04-26 01:01:34.171527,0 days 00:00:03.430212,360.0,-320.0,0.9,980.0,450.0,2.0,COMPLETE,,,,,,,,
476.0,0.0036422831654207804,2024-04-26 01:01:34.173522,2024-04-26 01:01:35.546618,0 days 00:00:01.373096,380.0,-180.0,0.2,420.0,470.0,2.0,COMPLETE,,,,,,,,
477.0,0.0002688821909740239,2024-04-26 01:01:35.548627,2024-04-26 01:01:37.995216,0 days 00:00:02.446589,400.0,-120.0,0.1,940.0,410.0,2.0,COMPLETE,,,,,,,,
478.0,0.0013995166161187035,2024-04-26 01:01:37.996233,2024-04-26 01:01:40.655712,0 days 00:00:02.659479,320.0,-200.0,0.2,820.0,490.0,2.0,COMPLETE,,,,,,,,
479.0,0.0025610371621564445,2024-04-26 01:01:40.657712,2024-04-26 01:01:41.920145,0 days 00:00:01.262433,400.0,-280.0,0.7000000000000001,340.0,470.0,2.0,COMPLETE,,,,,,,,
480.0,0.0022690403018559187,2024-04-26 01:01:41.922125,2024-04-26 01:01:44.762526,0 days 00:00:02.840401,420.0,-300.0,0.4,980.0,430.0,2.0,COMPLETE,,,,,,,,
481.0,0.001233260516526329,2024-04-26 01:01:44.763530,2024-04-26 01:01:47.672273,0 days 00:00:02.908743,340.0,-220.0,0.1,940.0,490.0,2.0,COMPLETE,,,,,,,,
482.0,0.0005284851472930683,2024-04-26 01:01:47.674251,2024-04-26 01:01:50.250863,0 days 00:00:02.576612,200.0,-100.0,0.2,780.0,490.0,2.0,COMPLETE,,,,,,,,
483.0,0.003934862665811959,2024-04-26 01:01:50.251865,2024-04-26 01:01:50.891863,0 days 00:00:00.639998,300.0,-240.0,0.1,180.0,470.0,2.0,COMPLETE,,,,,,,,
484.0,0.006664876325723329,2024-04-26 01:01:50.893847,2024-04-26 01:01:51.666845,0 days 00:00:00.772998,440.0,-380.0,0.5,220.0,450.0,2.0,COMPLETE,,,,,,,,
485.0,0.00035377178629541085,2024-04-26 01:01:51.667862,2024-04-26 01:01:53.340189,0 days 00:00:01.672327,380.0,-140.0,0.2,500.0,490.0,2.0,COMPLETE,,,,,,,,
486.0,0.0007124095552953353,2024-04-26 01:01:53.342212,2024-04-26 01:01:55.228148,0 days 00:00:01.885936,280.0,-120.0,0.1,620.0,470.0,2.0,COMPLETE,,,,,,,,
487.0,0.00017921496862618823,2024-04-26 01:01:55.229149,2024-04-26 01:01:57.966869,0 days 00:00:02.737720,320.0,-180.0,0.2,980.0,430.0,2.0,COMPLETE,,,,,,,,
488.0,0.00028932028633439573,2024-04-26 01:01:57.967890,2024-04-26 01:02:01.423007,0 days 00:00:03.455117,360.0,-160.0,0.9,900.0,490.0,2.0,COMPLETE,,,,,,,,
489.0,0.0025558625123372446,2024-04-26 01:02:01.425004,2024-04-26 01:02:03.304035,0 days 00:00:01.879031,420.0,-140.0,0.2,940.0,310.0,2.0,COMPLETE,,,,,,,,
490.0,7.870756523644553e-05,2024-04-26 01:02:03.305034,2024-04-26 01:02:05.746319,0 days 00:00:02.441285,340.0,-320.0,0.1,860.0,450.0,2.0,COMPLETE,,,,,,,,
491.0,0.00013375572607180947,2024-04-26 01:02:05.747320,2024-04-26 01:02:08.818878,0 days 00:00:03.071558,400.0,-180.0,0.30000000000000004,980.0,470.0,2.0,COMPLETE,,,,,,,,
492.0,0.001791559336014554,2024-04-26 01:02:08.819881,2024-04-26 01:02:10.831202,0 days 00:00:02.011321,380.0,-300.0,0.1,660.0,470.0,2.0,COMPLETE,,,,,,,,
493.0,0.0058892348401452365,2024-04-26 01:02:10.833185,2024-04-26 01:02:10.996203,0 days 00:00:00.163018,180.0,-160.0,0.6,20.0,490.0,2.0,COMPLETE,,,,,,,,
494.0,0.0010666286898229364,2024-04-26 01:02:10.997203,2024-04-26 01:02:12.502346,0 days 00:00:01.505143,360.0,-140.0,0.4,460.0,450.0,2.0,COMPLETE,,,,,,,,
495.0,0.00027331048913459456,2024-04-26 01:02:12.504331,2024-04-26 01:02:15.398085,0 days 00:00:02.893754,320.0,-340.0,0.2,900.0,490.0,2.0,COMPLETE,,,,,,,,
496.0,4.25474317161896e-05,2024-04-26 01:02:15.399084,2024-04-26 01:02:17.534602,0 days 00:00:02.135518,260.0,-160.0,0.1,820.0,410.0,2.0,COMPLETE,,,,,,,,
497.0,0.0002710856716083949,2024-04-26 01:02:17.535600,2024-04-26 01:02:19.574605,0 days 00:00:02.039005,260.0,-160.0,0.1,780.0,410.0,2.0,COMPLETE,,,,,,,,
498.0,0.001376151233652853,2024-04-26 01:02:19.575613,2024-04-26 01:02:21.832540,0 days 00:00:02.256927,280.0,-120.0,0.1,820.0,430.0,2.0,COMPLETE,,,,,,,,
499.0,0.0004181032361287246,2024-04-26 01:02:21.833522,2024-04-26 01:02:24.083427,0 days 00:00:02.249905,300.0,-140.0,0.1,820.0,430.0,2.0,COMPLETE,,,,,,,,
,,,,,,,,,,,,470.0,0.40000000000000004,480.0,-18.0,10.0,1.0,4.799485939023735e-06,best_result
